Index,Tau Value,R Value
"[0,0]",nan,1.0
"[0,1]",0.2991018885769317,-0.05336469829633099
"[0,2]",0.7026764784191204,-0.06534994079874398
"[0,3]",0.12083948322927866,0.018002516428154477
"[0,4]",4.572566440220531,-0.19013573203855688
"[0,5]",2.7735258272003134,-0.13694619470949976
"[0,6]",0.5733903995499483,0.035040089661385686
"[0,7]",0.3324747728107118,0.013539599120464423
"[0,8]",0.9269597255210598,0.050190061135161036
"[0,9]",0.3371431076304513,-0.06835110951440725
"[0,10]",28.46786679763552,0.8569700742307089
"[0,11]",0.5388867203366693,-0.055974192962246844
"[0,12]",0.7425717354297461,-0.06447129865982153
"[0,13]",5.0247691221599606e-05,-0.0010373289558291124
"[0,14]",8.877181750914483,-0.4399081195899741
"[0,15]",2.494375451844558,-0.08758488059511109
"[0,16]",1.135807259773113,0.06046259191134992
"[0,17]",0.020489065178482598,0.008381291296341995
"[0,18]",1.1589943612665736,-0.054935558147382234
"[0,19]",0.23799523628142155,-0.09623421096722261
"[0,20]",0.09228172355848456,0.13660189093220257
"[0,21]",11.973191633873137,0.5198108372850697
"[0,22]",1.922707322899205,0.19115578061270683
"[0,23]",28.967914457356812,0.7085028296172282
"[0,24]",3.996778506378012,-0.2600929344689163
"[0,25]",3.6663213456261716,-0.1810314510265444
"[0,26]",0.019672249738620796,0.048029642658237455
"[0,27]",9.950982943149006,0.5595962494699093
"[0,28]",0.09752120488129451,-0.0084691284447907
"[0,29]",39.58859038234138,0.8857707487123692
"[0,30]",0.1689983592037413,-0.0646180382816516
"[0,31]",0.3365252437049451,0.21850014500703788
"[0,32]",1.9115491450316415,-0.20042234401729692
"[0,33]",1.4420683982062454,-0.03730623720351042
"[0,34]",3.1280694979217007,-0.23433504757362708
"[0,35]",0.564890735598536,0.05818452164093549
"[1,0]",0.2311371564090275,-0.05336469829633099
"[1,1]",nan,1.0
"[1,2]",0.002848759620371234,0.001196565288123914
"[1,3]",0.04628381249421411,0.08477012222267172
"[1,4]",0.021975272017982835,-0.05537261968761034
"[1,5]",0.023007240645190035,-0.01619277145350725
"[1,6]",0.1545491261196689,-0.234989201669343
"[1,7]",0.05280279326915535,-0.023838895043390023
"[1,8]",0.015885417357764966,0.02557292667446022
"[1,9]",0.19810627252749458,0.024553588784629057
"[1,10]",0.07817757697597395,-0.03762186973682329
"[1,11]",1.9649423452090768,0.8528982433211891
"[1,12]",0.8497730920689915,-0.3981615625834469
"[1,13]",0.08778206298847284,0.2994056609111781
"[1,14]",0.05621535133671412,-0.05683662278751396
"[1,15]",0.01222627963546298,-0.01207051638538532
"[1,16]",0.09474944837551645,-0.32382924086813664
"[1,17]",0.6132592214299049,0.1677925248016127
"[1,18]",0.011087217251488805,0.049432075052955556
"[1,19]",0.5937499108759307,0.07047768797438414
"[1,20]",0.17146472128501075,-0.0523461135804558
"[1,21]",0.2464921964200888,-0.06211695299160365
"[1,22]",0.5150573394944964,-0.0892525788217815
"[1,23]",0.16473982391821007,-0.04990780344663992
"[1,24]",0.20785353079182703,0.05639841010449634
"[1,25]",0.0238491105857163,0.01851564330873265
"[1,26]",0.10872293504017422,-0.04200421453491936
"[1,27]",0.13891118209598008,-0.04682142856450943
"[1,28]",0.341798740758023,-0.07795127934689934
"[1,29]",0.11814196221779233,-0.0416126273884001
"[1,30]",0.42885831772226085,-0.08211390944737941
"[1,31]",0.0009059839648961635,0.004655360414800556
"[1,32]",0.317695912015191,0.06944451127720347
"[1,33]",0.13224606221949745,-0.04592380102253675
"[1,34]",0.181749561925636,0.05324771925028597
"[1,35]",0.07185107545977423,0.032763041941544294
"[2,0]",0.3775332719156625,-0.06534994079874398
"[2,1]",0.009372079883475999,0.001196565288123914
"[2,2]",nan,1.0
"[2,3]",0.6822334659335451,0.10974393835147352
"[2,4]",0.01838805490373557,0.00975473463085723
"[2,5]",0.0009214040771092687,-0.0012119148781150556
"[2,6]",0.09052990904527639,0.12966643573432862
"[2,7]",0.34281619747815867,-0.15112392251748916
"[2,8]",0.055261025739909125,-0.01980792810165624
"[2,9]",0.12139315883320256,0.036199636326588604
"[2,10]",0.23856248789529852,-0.05611193032617178
"[2,11]",3.796737388385906,0.35066173881028007
"[2,12]",7.67230624619372,0.824581720454465
"[2,13]",0.7682033298546687,0.27268112648333787
"[2,14]",0.3338354669304791,0.043501626926188
"[2,15]",0.010827243787195424,-0.013966313656316209
"[2,16]",0.0656346504747443,-0.031068285647432203
"[2,17]",0.4934121403476026,-0.4007811607970434
"[2,18]",0.08265506785265858,0.03089463298064823
"[2,19]",0.15019589260803076,0.04741650565035632
"[2,20]",0.006688168004521135,-0.010082984400567568
"[2,21]",0.06576493258804016,-0.031736066857268125
"[2,22]",0.0008107199023150407,0.002446879460017862
"[2,23]",0.05079668721699573,-0.0271432459611701
"[2,24]",0.020958182524857438,0.01983240803312219
"[2,25]",0.0015216082706052108,-0.005262408833285038
"[2,26]",0.2751744421887319,0.06486623448553488
"[2,27]",0.18576836750384149,-0.05345982511163839
"[2,28]",0.020739441702468296,0.023412809866366492
"[2,29]",0.2105502808551425,-0.05591790029244141
"[2,30]",0.002545613329782128,-0.003835921837987111
"[2,31]",0.08726858616681525,-0.03271013175057576
"[2,32]",2.1854340637985037,0.18605444381627168
"[2,33]",0.051822784094507704,-0.029876819495164676
"[2,34]",0.23167092806933764,-0.059819383804635896
"[2,35]",0.7890025594689714,-0.11107565719304638
"[3,0]",0.0035683841353869473,0.018002516428154477
"[3,1]",0.14144763041909642,0.08477012222267172
"[3,2]",0.7446437788804512,0.10974393835147352
"[3,3]",nan,1.0
"[3,4]",0.14213706628561262,-0.049859592844227155
"[3,5]",0.19109617193291104,-0.03456582537685317
"[3,6]",0.04135387238469229,-0.11817427786443405
"[3,7]",0.27040211557393373,0.05582233221072269
"[3,8]",0.1190288628613177,-0.13348960270491725
"[3,9]",0.06779514339819313,0.05222924531987036
"[3,10]",0.04920624543299194,0.0312736707111295
"[3,11]",0.2506573026212283,0.1776408618579278
"[3,12]",0.2922333013255602,-0.05367050405208366
"[3,13]",5.227146300141889,0.7863922823480367
"[3,14]",0.0016467517092130662,0.001353891598559381
"[3,15]",0.25745446864735,-0.04489867956079814
"[3,16]",0.07539791114673787,-0.06888899403747849
"[3,17]",0.0969806300846509,0.041035106850351444
"[3,18]",0.12926816005458788,-0.08594673285108491
"[3,19]",0.022178158338035964,0.06889622521941116
"[3,20]",0.009883466857053222,0.012375959045823367
"[3,21]",0.019847602289947024,0.017346077579609355
"[3,22]",1.7218815111571584,0.1675819262405804
"[3,23]",0.14908923778750205,0.04832399620525091
"[3,24]",0.4267156919161718,-0.08011160922389401
"[3,25]",0.0004511947551081812,-0.0027047753858033437
"[3,26]",0.11048527307223213,0.04299691682548521
"[3,27]",0.0010582830525116473,0.004634492388934367
"[3,28]",0.19574090781737208,-0.05281360688069453
"[3,29]",0.04309184355471111,0.02816370386595434
"[3,30]",1.570689564571966,0.15502519276500648
"[3,31]",0.0006407116317093709,-0.004269874640951883
"[3,32]",0.14640473065249598,0.048109169464863676
"[3,33]",0.459742728496507,-0.08320408515914769
"[3,34]",0.7088275283595747,-0.10528759443642471
"[3,35]",0.7185754786164987,-0.10592490205102599
"[4,0]",2.6931606714925596,-0.19013573203855688
"[4,1]",0.0006165893207135447,-0.05537261968761034
"[4,2]",0.011920247608374932,0.00975473463085723
"[4,3]",0.13318714914002266,-0.049859592844227155
"[4,4]",nan,1.0
"[4,5]",4.2552377021659655,-0.2958388052274281
"[4,6]",0.060352417360343386,-0.03314183259059664
"[4,7]",0.0005763381929168343,-0.0015831680720798673
"[4,8]",0.03415120003880026,0.005782422587137866
"[4,9]",0.05120637673601851,0.04876326938854713
"[4,10]",2.567340115401662,-0.19159871660910177
"[4,11]",0.0037075106023257806,-0.04538731387885139
"[4,12]",0.027439444651245124,0.031211545266253537
"[4,13]",0.21133814469762513,-0.09017590661008154
"[4,14]",10.069611006313083,0.8070820890823781
"[4,15]",7.075019868124738,-0.4181607409770718
"[4,16]",0.021188486498332722,-0.026852861525238858
"[4,17]",0.0035685645505503694,0.002015470091831893
"[4,18]",0.045226671484383106,-0.007418001494607191
"[4,19]",0.09019736485837446,0.039958888023634606
"[4,20]",0.9909413619640458,-0.12505073735724115
"[4,21]",0.40044248829308166,-0.07896305539406084
"[4,22]",0.11468943678292988,-0.04071563219468347
"[4,23]",0.001535816379401382,0.011800853790129602
"[4,24]",0.00020674678512561993,-0.0011802398955238593
"[4,25]",0.556577071290324,-0.09605027135189012
"[4,26]",0.11959698666339078,-0.04338976787871935
"[4,27]",2.7351534210340356,-0.20599763897214263
"[4,28]",0.5332455729845595,-0.09276894484294934
"[4,29]",2.7802304966135774,-0.20235381470682123
"[4,30]",0.010052928446986978,0.014001531832715288
"[4,31]",1.0323402847017278,-0.12322097965212149
"[4,32]",0.10498582392280231,0.041701631944971805
"[4,33]",6.128899364370338,-0.3159223941184882
"[4,34]",0.20733839972278403,0.05457468328695525
"[4,35]",0.6760387426778598,-0.1073031068411375
"[5,0]",0.03998299192293377,-0.13694619470949976
"[5,1]",0.09568795329684479,-0.01619277145350725
"[5,2]",0.0035000557148656924,-0.0012119148781150556
"[5,3]",0.2536913337700203,-0.03456582537685317
"[5,4]",1.1906056245879608,-0.2958388052274281
"[5,5]",nan,1.0
"[5,6]",0.0022092026725646758,0.00015421695731279456
"[5,7]",0.015311885205896016,-0.008633133116150419
"[5,8]",0.4571954479731619,0.10217946992550733
"[5,9]",0.0046122417157752945,0.03081159676752712
"[5,10]",0.006050506054333741,-0.04227161238590476
"[5,11]",0.08497744383570628,-0.02083834579196622
"[5,12]",0.12585438243745634,0.0178491695620426
"[5,13]",0.3632248571550889,-0.05582798052680132
"[5,14]",0.37542311118065874,0.015644868618840308
"[5,15]",39.18051612922081,0.9292931847160188
"[5,16]",0.3016739461635366,-0.022394665269922398
"[5,17]",0.03906117071792929,-0.0066347158291813375
"[5,18]",0.662783746731274,0.12170938821235017
"[5,19]",0.017615382278055897,0.017928053574143017
"[5,20]",2.0570292657487386,0.19171249157328127
"[5,21]",0.7725978178179764,-0.12462427254451115
"[5,22]",0.10410293511447376,-0.04891447308869869
"[5,23]",9.216427831771632,-0.4291519241006126
"[5,24]",0.2883129197039686,0.08093723074080576
"[5,25]",3.8799244422804193,0.2738902919333842
"[5,26]",0.3035034018222378,0.07252958357389362
"[5,27]",1.094670093952866,0.12316374909107237
"[5,28]",5.23265317419652,0.30469136842877387
"[5,29]",0.13736423322656108,-0.07099680992067835
"[5,30]",0.035436957556168644,0.02924501655236466
"[5,31]",1.1629118622601875,0.1321656222489924
"[5,32]",0.06108140465323298,0.04442093692193428
"[5,33]",35.26939363636038,0.8055156972565038
"[5,34]",0.0055022045776214066,0.008586808623710059
"[5,35]",1.629564522416898,0.17705553396835721
"[6,0]",0.0659248506242871,0.035040089661385686
"[6,1]",0.43188762965871064,-0.234989201669343
"[6,2]",0.27847841981471055,0.12966643573432862
"[6,3]",0.10637302115432536,-0.11817427786443405
"[6,4]",0.020706952017594375,-0.03314183259059664
"[6,5]",0.0006391008020144657,0.00015421695731279456
"[6,6]",nan,1.0
"[6,7]",0.013300318129968054,0.03273170221454502
"[6,8]",0.056961378170964354,0.058707218221499866
"[6,9]",0.07822330169958733,-0.018421955937758444
"[6,10]",0.08053475432003103,0.043717935495465716
"[6,11]",0.19289875499868536,-0.08244927821087904
"[6,12]",0.13776896308633949,0.26684971724179657
"[6,13]",0.2803055239430894,-0.09381454330417648
"[6,14]",0.006134477434370057,-0.027818909452183595
"[6,15]",0.1908166947745012,0.04547250787146224
"[6,16]",0.2762266860846776,0.7958556312129504
"[6,17]",0.6811417011365027,-0.4287980099093114
"[6,18]",0.020892803751056104,0.030701718398921097
"[6,19]",0.11697559529996293,-0.059447468269647044
"[6,20]",0.0022189600326145923,0.006672161607571429
"[6,21]",0.012464869976615991,0.013973261433098431
"[6,22]",0.36983199874297956,-0.0782793391463046
"[6,23]",0.007235737956410474,0.009990997452454542
"[6,24]",0.004420070606219805,-0.008182542170843372
"[6,25]",0.008711914738064631,-0.011442171033677867
"[6,26]",0.0002734323332160204,0.001323770943503143
"[6,27]",0.02677946823831568,0.02018104330181849
"[6,28]",0.09537174157705244,0.040724585819985636
"[6,29]",0.048231601624162256,0.025767731555835272
"[6,30]",0.3076142485912685,-0.07058203946516249
"[6,31]",0.002542126336101913,0.004923206288613015
"[6,32]",0.037290933218411856,-0.02284864120319049
"[6,33]",0.14984097866642437,0.047629904291244196
"[6,34]",0.011205661932105834,0.013695971202684665
"[6,35]",0.20373811068505324,0.05576366540271323
"[7,0]",0.010430146177564586,0.013539599120464423
"[7,1]",0.02624991318603898,-0.023838895043390023
"[7,2]",0.6975149017076532,-0.15112392251748916
"[7,3]",0.05877042423171789,0.05582233221072269
"[7,4]",0.006276164321557296,-0.0015831680720798673
"[7,5]",0.014797314813668529,-0.008633133116150419
"[7,6]",0.00494340059470643,0.03273170221454502
"[7,7]",nan,1.0
"[7,8]",0.0033495987445546233,0.005244654330941616
"[7,9]",0.011590615881216676,0.010444543470539183
"[7,10]",0.00283029858665057,-0.008930173255796186
"[7,11]",0.46746270386105515,-0.15472028157915382
"[7,12]",0.05808468046306423,-0.02586073916265163
"[7,13]",0.2639193874216297,0.09909730790022739
"[7,14]",0.08679248874804055,0.024726318160054772
"[7,15]",0.11930769460680883,-0.04423115039927543
"[7,16]",1.2268900913189846,0.44341549302928324
"[7,17]",2.211506682536225,0.7647828806139502
"[7,18]",0.007860126377484128,-0.010354884375220213
"[7,19]",0.06141958814817992,0.03035064893418784
"[7,20]",0.24706468070658266,0.06160198334247003
"[7,21]",0.04194877309871975,0.025007213403964907
"[7,22]",0.02912033122360766,0.021317532090126864
"[7,23]",0.05547922205555814,0.029249241462174665
"[7,24]",0.20658345031164757,-0.05580704874519172
"[7,25]",0.01025424564975934,0.01263358363588093
"[7,26]",0.0017056161908608053,0.0053161291736288484
"[7,27]",0.013527587780389422,0.014603980024733522
"[7,28]",0.14957373827680243,-0.04914350207306561
"[7,29]",0.0001427713503420916,-0.0008648403301869868
"[7,30]",0.0667943659047213,-0.033036906147606716
"[7,31]",0.02064681872029922,0.014170587893463484
"[7,32]",0.009848056264018367,0.010904047068367588
"[7,33]",0.1522136224384893,-0.04796425886299132
"[7,34]",0.054112977663936086,-0.02912508817094166
"[7,35]",0.0007480395327961031,0.002895716469627933
"[8,0]",0.2344486196427398,0.050190061135161036
"[8,1]",0.08100924202340043,0.02557292667446022
"[8,2]",0.021065043231367445,-0.01980792810165624
"[8,3]",0.5587823272019764,-0.13348960270491725
"[8,4]",0.020559375169000388,0.005782422587137866
"[8,5]",0.1582781309216189,0.10217946992550733
"[8,6]",0.3254912642619709,0.058707218221499866
"[8,7]",0.04126612321868745,0.005244654330941616
"[8,8]",nan,1.0
"[8,9]",0.02722621881579507,-0.018384968265221874
"[8,10]",0.019660538026308273,0.00432697022807918
"[8,11]",0.08530998464582402,0.029216058614310213
"[8,12]",0.020126674578218037,0.013722451448000288
"[8,13]",0.34423236179410477,-0.08687540580964699
"[8,14]",0.030402526469635368,0.04336418221606943
"[8,15]",0.36374834863898087,0.10343057100141861
"[8,16]",0.10255689221871545,0.03927861887999401
"[8,17]",0.09225336796988752,0.008844722899957653
"[8,18]",0.049809535279658715,0.8664069862618294
"[8,19]",0.12592806330828485,-0.1639368137721323
"[8,20]",0.057021656469550513,0.029150800418012768
"[8,21]",0.24238002989052462,0.06097867465202117
"[8,22]",0.2248464523725403,-0.060210738441519716
"[8,23]",0.04506780378918881,0.025214020481927193
"[8,24]",0.08104898624364916,0.03526223855184006
"[8,25]",0.010227192435244337,-0.01117299980223592
"[8,26]",0.026855532130509018,0.019354167309597332
"[8,27]",0.145541260123072,0.04709883227970381
"[8,28]",0.48954202300768507,0.0834058645139315
"[8,29]",0.04775170486846174,0.02438652810450582
"[8,30]",0.04147061177873343,-0.027712976373577884
"[8,31]",0.00010225341938227363,0.001201031816999535
"[8,32]",0.01597537994944322,0.01461089385036267
"[8,33]",0.6579936711245835,0.10116486653915185
"[8,34]",0.07198236147300545,0.034768076283667036
"[8,35]",0.5773386930316027,0.0957507594334048
"[9,0]",0.21850823268439495,-0.06835110951440725
"[9,1]",0.12082441528463435,0.024553588784629057
"[9,2]",0.16586769589987088,0.036199636326588604
"[9,3]",0.1989545735392581,0.05222924531987036
"[9,4]",0.12746208769182446,0.04876326938854713
"[9,5]",0.04280094621044026,0.03081159676752712
"[9,6]",0.040847211894080575,-0.018421955937758444
"[9,7]",0.006957250235282436,0.010444543470539183
"[9,8]",0.01463931336304039,-0.018384968265221874
"[9,9]",nan,1.0
"[9,10]",0.01150789377531267,-0.026190889502287238
"[9,11]",0.11771849386081942,0.027370350064697582
"[9,12]",0.058211880992692686,0.038862946714897824
"[9,13]",0.0528058371672709,0.03945530726723056
"[9,14]",0.0065450934913470335,-0.04689053445043501
"[9,15]",0.07404045361898698,0.03559402036413616
"[9,16]",0.0035111975055292332,0.0034725888218048993
"[9,17]",0.024266287253601502,-0.03396540031915746
"[9,18]",0.18147485877642086,0.10355729587647926
"[9,19]",7.699952380509606,0.8796875964990266
"[9,20]",0.15014895539899026,-0.04783082953770354
"[9,21]",0.27406803031851273,-0.06455636965861614
"[9,22]",0.12505643612908565,-0.04344281088800328
"[9,23]",0.3346492230381118,-0.07106803253721748
"[9,24]",0.0005027791829054634,0.0024592606445444807
"[9,25]",0.008436559954687228,0.010647691240252942
"[9,26]",0.026743343142089794,0.019597173710657157
"[9,27]",0.17559034935745385,-0.05220089997612205
"[9,28]",0.0030948094784651373,0.005656369649599425
"[9,29]",0.0738502338422775,-0.03412137592211749
"[9,30]",0.03893307863863272,0.02550799227952252
"[9,31]",0.034759956348571715,-0.021372607098908092
"[9,32]",0.3588132938700009,0.0745080776799308
"[9,33]",0.04633631451953684,0.02571785381876535
"[9,34]",0.046765588047275805,0.026917911330080625
"[9,35]",0.04310069771065644,-0.025180660040252018
"[10,0]",32.49770649900365,0.8569700742307089
"[10,1]",0.08022703670105805,-0.03762186973682329
"[10,2]",0.17009527667002652,-0.05611193032617178
"[10,3]",0.13031718120837782,0.0312736707111295
"[10,4]",1.7354833215642826,-0.19159871660910177
"[10,5]",0.6598238093554176,-0.04227161238590476
"[10,6]",0.22362658533804478,0.043717935495465716
"[10,7]",0.01875770465229391,-0.008930173255796186
"[10,8]",0.04460193943772578,0.00432697022807918
"[10,9]",0.2525560942327106,-0.026190889502287238
"[10,10]",nan,1.0
"[10,11]",0.13217618930771527,-0.03604639408691641
"[10,12]",0.23150742320202716,-0.06282710559308405
"[10,13]",0.03279913323005951,0.006226054722717153
"[10,14]",7.8562723678466675,-0.3986122282258741
"[10,15]",0.310551447160195,-0.018374940180133838
"[10,16]",0.3522516383034631,0.05050511544304933
"[10,17]",0.1120295021109773,-0.02836722522604505
"[10,18]",0.27946470056319894,-0.08934415246974131
"[10,19]",0.5664122707121542,-0.05233852517952265
"[10,20]",0.02198362002074188,0.040447589079706504
"[10,21]",0.48847611513876926,0.1130122625578238
"[10,22]",0.2742216907812787,0.07049187069297104
"[10,23]",9.191177939886918,0.39851501653387994
"[10,24]",1.1814935456925242,-0.15045144281832432
"[10,25]",1.9598854915687476,-0.18625079053548235
"[10,26]",0.01362340420433746,0.014517671054901406
"[10,27]",3.8157133127114444,0.29378208121979815
"[10,28]",0.03735345182745919,0.02300786875686878
"[10,29]",41.26586003553313,0.8904829522295185
"[10,30]",0.0009646521839459739,-0.0044070814442921345
"[10,31]",1.790995281273421,0.19040041189191692
"[10,32]",1.6726344411429424,-0.1775295982998512
"[10,33]",0.2848448273979201,-0.021923979783397794
"[10,34]",1.1218052383948782,-0.1393710413488283
"[10,35]",0.6853431757514287,-0.08736623792624831
"[11,0]",0.2812555128431306,-0.055974192962246844
"[11,1]",6.575174491237683,0.8528982433211891
"[11,2]",1.2072130844758828,0.35066173881028007
"[11,3]",0.528738292859794,0.1776408618579278
"[11,4]",0.026895426088335114,-0.04538731387885139
"[11,5]",0.016859434594973494,-0.02083834579196622
"[11,6]",0.0817216007528275,-0.08244927821087904
"[11,7]",0.3813273904796781,-0.15472028157915382
"[11,8]",0.022935570191419497,0.029216058614310213
"[11,9]",0.1434051948470766,0.027370350064697582
"[11,10]",0.10189023200461449,-0.03604639408691641
"[11,11]",nan,1.0
"[11,12]",0.31144939995748,-0.07176404693514125
"[11,13]",1.0209140749252064,0.38997555690626096
"[11,14]",0.07293434201401325,-0.04582938141524848
"[11,15]",0.015200210554511548,-0.01275796227715271
"[11,16]",0.09371781414757857,-0.26480458324345396
"[11,17]",0.40161121770749997,-0.09250273690589171
"[11,18]",0.007400890321001727,0.06907952019033456
"[11,19]",0.3676689702123222,0.05898876672275545
"[11,20]",0.2848084219504145,-0.06591512663722673
"[11,21]",0.3769638015878903,-0.07574927757316381
"[11,22]",0.3927914720361397,-0.07735921568169642
"[11,23]",0.21763667157478575,-0.05666088307423401
"[11,24]",0.1393355460082642,0.04576333084116208
"[11,25]",0.010906048795117784,0.01202517809290782
"[11,26]",0.2027142891229253,-0.056130664881709647
"[11,27]",0.24465728109622215,-0.061145312908204456
"[11,28]",0.749312991820442,-0.10870699815009319
"[11,29]",0.12281040911369993,-0.041657480425266055
"[11,30]",0.5202055229264584,-0.08879699770776099
"[11,31]",0.0002242410853862071,0.0011113378664168495
"[11,32]",0.04439957949446173,0.02547225475134055
"[11,33]",0.1792566320880198,-0.05271772998290953
"[11,34]",0.22823523678821656,0.058766275586180756
"[11,35]",0.03182229023719415,0.02078355786386081
"[12,0]",0.2437617686316306,-0.06447129865982153
"[12,1]",1.5276449423273517,-0.3981615625834469
"[12,2]",9.29140268995532,0.824581720454465
"[12,3]",0.285701348991749,-0.05367050405208366
"[12,4]",0.0677835441325674,0.031211545266253537
"[12,5]",0.047725179894966406,0.0178491695620426
"[12,6]",0.023501752285941764,0.26684971724179657
"[12,7]",0.0626361836967756,-0.02586073916265163
"[12,8]",0.014100224759785705,0.013722451448000288
"[12,9]",0.2569349442197293,0.038862946714897824
"[12,10]",0.22958295321443337,-0.06282710559308405
"[12,11]",0.5359194781140116,-0.07176404693514125
"[12,12]",nan,1.0
"[12,13]",0.016338924641858415,0.005829223448483077
"[12,14]",0.5847161026060258,0.06774152626351727
"[12,15]",0.010515977603128454,0.010342557948523977
"[12,16]",0.36367446137655984,0.20336840566092687
"[12,17]",0.31256217635737704,-0.34555019338261245
"[12,18]",0.06793003071026078,0.037301184394912826
"[12,19]",0.22556260567040634,0.03063275040761097
"[12,20]",0.04943842627015869,-0.02713071680683682
"[12,21]",0.005243936826910864,-0.008894060837518378
"[12,22]",0.36207183032828655,0.07277049752852238
"[12,23]",0.03297145852404695,-0.02236344491807633
"[12,24]",0.10484682002006339,-0.04007325473955362
"[12,25]",0.014705672236160875,-0.01539511365955604
"[12,26]",1.074785095787179,0.1311663309912404
"[12,27]",0.1259371771319697,-0.04491223361490206
"[12,28]",0.1852081981275187,0.05844319152404099
"[12,29]",0.1556943056629198,-0.04982033925191386
"[12,30]",0.14806154264708724,0.03965597146030726
"[12,31]",0.2984480664985177,-0.06565100386076483
"[12,32]",5.491973009060181,0.2996785704742183
"[12,33]",0.016150644011690817,0.01415078313332382
"[12,34]",0.8617427308097423,-0.1167914588942024
"[12,35]",0.7668498281824123,-0.10951394738076746
"[13,0]",0.0017576665242161043,-0.0010373289558291124
"[13,1]",1.6171119715159583,0.2994056609111781
"[13,2]",1.0052230437985632,0.27268112648333787
"[13,3]",1.1030309858872227,0.7863922823480367
"[13,4]",0.2612114604960321,-0.09017590661008154
"[13,5]",0.236258514376431,-0.05582798052680132
"[13,6]",0.12382867604647022,-0.09381454330417648
"[13,7]",0.31108477039279236,0.09909730790022739
"[13,8]",0.19160942907294556,-0.08687540580964699
"[13,9]",0.011791425969742121,0.03945530726723056
"[13,10]",0.015685287422768476,0.006226054722717153
"[13,11]",2.1259133210505787,0.38997555690626096
"[13,12]",0.02827135319002997,0.005829223448483077
"[13,13]",nan,1.0
"[13,14]",0.11199427679017236,-0.050620651642188076
"[13,15]",0.2049181468470515,-0.044174805953929114
"[13,16]",0.02108646555440176,-0.013332596914807981
"[13,17]",0.11202588070164042,0.08329721122106293
"[13,18]",0.06188168991509464,-0.03546120733224735
"[13,19]",0.12318216655986788,0.07350975932668224
"[13,20]",0.007825591633625903,-0.010428958042944813
"[13,21]",0.007822806066835594,0.011321003308175332
"[13,22]",1.8922169933693076,0.17513642346803487
"[13,23]",0.08626266913794005,0.03765864572773293
"[13,24]",0.3965068997095074,-0.07772104597680289
"[13,25]",0.057662528502985304,-0.03018102293749757
"[13,26]",0.005318036007180458,0.011398705148534694
"[13,27]",0.06716914960172209,-0.03161657561729863
"[13,28]",0.24065306223502644,-0.05833366206850308
"[13,29]",0.0008119729980318656,-0.002090262038707395
"[13,30]",1.7760001084428356,0.16369449546406142
"[13,31]",0.08665203463801438,-0.03848802325045294
"[13,32]",0.18940026474055993,0.056252807658348815
"[13,33]",0.49516209564844627,-0.08781950715892145
"[13,34]",0.5269598644230449,-0.09226175998556882
"[13,35]",1.0244493647751527,-0.1277486789958832
"[14,0]",11.699460621053563,-0.4399081195899741
"[14,1]",0.012462132451368658,-0.05683662278751396
"[14,2]",0.1834835873978823,0.043501626926188
"[14,3]",0.0010773976520523098,0.001353891598559381
"[14,4]",7.705102935666607,0.8070820890823781
"[14,5]",0.1343116078359215,0.015644868618840308
"[14,6]",0.04444064752243343,-0.027818909452183595
"[14,7]",0.035026764170329315,0.024726318160054772
"[14,8]",0.19264420850638939,0.04336418221606943
"[14,9]",0.15928247150326466,-0.04689053445043501
"[14,10]",9.714154033511749,-0.3986122282258741
"[14,11]",0.013746539241055193,-0.04582938141524848
"[14,12]",0.33206852761236455,0.06774152626351727
"[14,13]",0.0042437633238584195,-0.050620651642188076
"[14,14]",nan,1.0
"[14,15]",1.238392177334405,-0.1717380302998861
"[14,16]",0.08962803394424954,-0.031679381055092055
"[14,17]",0.014099786052272674,0.016760159716139884
"[14,18]",0.0029361967083635547,-0.005246374382621404
"[14,19]",0.4339383583613297,-0.061554576878562126
"[14,20]",0.5926904174138629,-0.10063622554090468
"[14,21]",1.926994781262517,-0.1784133026514368
"[14,22]",0.41117912042270216,-0.08044053914694385
"[14,23]",2.27154839251705,-0.18725177024622686
"[14,24]",0.32260482370032156,0.0710910436811643
"[14,25]",0.0005904064846167092,-0.00811669203465996
"[14,26]",0.002104206996261009,-0.0064306940708965775
"[14,27]",5.068796425293701,-0.2897849980564232
"[14,28]",0.05556493796471872,-0.037327474422318825
"[14,29]",11.004404894212469,-0.42113441896623915
"[14,30]",0.09369392595704946,0.041721953778239375
"[14,31]",1.4219448174368465,-0.15021697613815324
"[14,32]",0.9476691312530443,0.12661850251402132
"[14,33]",1.762744442474353,-0.18307801811041644
"[14,34]",0.6096392871694228,0.09729401947225892
"[14,35]",0.4141812320996025,-0.08969721596950939
"[15,0]",1.399519278274417,-0.08758488059511109
"[15,1]",0.1524972343753349,-0.01207051638538532
"[15,2]",0.06295474765258267,-0.013966313656316209
"[15,3]",0.6473579807555431,-0.04489867956079814
"[15,4]",22.01280601808365,-0.4181607409770718
"[15,5]",51.15839282968657,0.9292931847160188
"[15,6]",0.5902096466744677,0.04547250787146224
"[15,7]",0.47826925502019685,-0.04423115039927543
"[15,8]",0.8262769153684786,0.10343057100141861
"[15,9]",0.021704798508762134,0.03559402036413616
"[15,10]",0.12733428325650017,-0.018374940180133838
"[15,11]",0.15130771305996468,-0.01275796227715271
"[15,12]",0.12452021590144471,0.010342557948523977
"[15,13]",0.7480950082634343,-0.044174805953929114
"[15,14]",1.22280982710792,-0.1717380302998861
"[15,15]",nan,1.0
"[15,16]",0.23391416445195143,0.01788277621081271
"[15,17]",0.05530035734262252,-0.05026173230302208
"[15,18]",0.34588997100979746,0.1431474678739855
"[15,19]",0.018578573395217155,-0.003948973776361534
"[15,20]",2.21298687791646,0.2025304912667057
"[15,21]",0.16950163174118518,-0.07081136148676666
"[15,22]",0.020754558650937602,-0.04324690287284003
"[15,23]",6.566941585869552,-0.41865032316321305
"[15,24]",0.0940376266560708,0.07108286774183391
"[15,25]",2.749814050713461,0.25755730166739566
"[15,26]",0.2071456436229146,0.05846911416266085
"[15,27]",2.3824022548596244,0.16617547512505526
"[15,28]",5.234306842029152,0.31211569059929123
"[15,29]",0.7007707824219652,-0.043719617577339775
"[15,30]",0.02534884846508515,0.028311842595695604
"[15,31]",1.3060556186613204,0.12057804443181862
"[15,32]",0.0603579923855076,0.027480760003577537
"[15,33]",44.311868583126,0.9282249717037347
"[15,34]",0.028735277140175493,0.01169320117122943
"[15,35]",2.236782623461124,0.22016303722636432
"[16,0]",0.24218130273556623,0.06046259191134992
"[16,1]",0.2218285689935714,-0.32382924086813664
"[16,2]",0.04543053413551008,-0.031068285647432203
"[16,3]",0.174632259828884,-0.06888899403747849
"[16,4]",0.003888417503275105,-0.026852861525238858
"[16,5]",0.048036832547799196,-0.022394665269922398
"[16,6]",2.9127249300289337,0.7958556312129504
"[16,7]",0.8043302903411859,0.44341549302928324
"[16,8]",0.03525821267520306,0.03927861887999401
"[16,9]",0.003236572847096211,0.0034725888218048993
"[16,10]",0.13140504413668244,0.05050511544304933
"[16,11]",0.3283934194210749,-0.26480458324345396
"[16,12]",0.5511359722467888,0.20336840566092687
"[16,13]",0.032852016655066554,-0.013332596914807981
"[16,14]",0.01928620675465015,-0.031679381055092055
"[16,15]",0.037999459657738446,0.01788277621081271
"[16,16]",nan,1.0
"[16,17]",0.00017957548166842567,-0.004174245073658314
"[16,18]",5.5234635193155215e-05,0.007011776531587023
"[16,19]",0.030687829608289433,-0.028881650660679038
"[16,20]",0.10950917193879542,0.04193456161717799
"[16,21]",0.1285241134751764,0.04415433507541799
"[16,22]",0.039468376918384035,-0.027999107216595275
"[16,23]",0.09001823089600003,0.036373683584724134
"[16,24]",0.1545244102526314,-0.04840115378902445
"[16,25]",5.365879971515696e-05,-0.000663067369267167
"[16,26]",0.004407971717928016,-0.008468799798961597
"[16,27]",0.13191090965694016,0.044895040340076145
"[16,28]",0.03472595890925679,0.024578744695852497
"[16,29]",0.08443804171983137,0.03479647414133567
"[16,30]",0.3702507360050073,-0.07683970773834155
"[16,31]",0.035924082940264015,0.020598382498742303
"[16,32]",0.16278030877649036,-0.04847684874320086
"[16,33]",0.050981586511757146,0.02822310043386418
"[16,34]",0.002225970690043957,-0.00542096205990723
"[16,35]",0.2775172162020239,0.06515069964708313
"[17,0]",0.006950808524148902,0.008381291296341995
"[17,1]",0.47717259642764903,0.1677925248016127
"[17,2]",0.6384998452424246,-0.4007811607970434
"[17,3]",0.07830471741561522,0.041035106850351444
"[17,4]",0.0033883362622076033,0.002015470091831893
"[17,5]",0.021253069106231797,-0.0066347158291813375
"[17,6]",0.8237422837989997,-0.4287980099093114
"[17,7]",0.21116353634646465,0.7647828806139502
"[17,8]",0.0029035840247510036,0.008844722899957653
"[17,9]",0.002179541252837816,-0.03396540031915746
"[17,10]",0.006082474181449005,-0.02836722522604505
"[17,11]",0.3840316192293511,-0.09250273690589171
"[17,12]",0.3392313480944188,-0.34555019338261245
"[17,13]",0.3409576257569104,0.08329721122106293
"[17,14]",0.003542261422412492,0.016760159716139884
"[17,15]",0.16901441029482858,-0.05026173230302208
"[17,16]",0.0027018790837430914,-0.004174245073658314
"[17,17]",nan,1.0
"[17,18]",0.006391401637171815,0.00705220069867962
"[17,19]",0.007789657428693449,0.014862279487418808
"[17,20]",0.26795777257309655,0.0635832972776646
"[17,21]",0.08404978250916628,0.03540929233051334
"[17,22]",0.37690941358587465,0.07710547627042726
"[17,23]",0.08375907107160718,0.03592977132552991
"[17,24]",0.130954197141893,-0.044563617828591036
"[17,25]",0.007433125828291037,0.010912756941184786
"[17,26]",0.0018918030131018213,0.006250716662334201
"[17,27]",0.014518616597318464,0.015182332166876186
"[17,28]",0.19815564188501555,-0.05841099517747954
"[17,29]",0.013148262514197633,-0.013143501823636232
"[17,30]",0.01410658521212935,0.01656127762258122
"[17,31]",0.010298106868317902,0.009342897946908747
"[17,32]",0.026209719625594204,-0.0225162354882528
"[17,33]",0.19561758632514173,-0.054307417399830256
"[17,34]",0.0519465967427959,-0.028038888995271606
"[17,35]",0.0068461448684710505,0.009781023102791976
"[18,0]",0.13056998020418803,-0.054935558147382234
"[18,1]",0.13304667794053723,0.049432075052955556
"[18,2]",0.04156137431653264,0.03089463298064823
"[18,3]",0.32335954003785206,-0.08594673285108491
"[18,4]",0.018092965787270734,-0.007418001494607191
"[18,5]",0.5512592259039492,0.12170938821235017
"[18,6]",0.2220706986403653,0.030701718398921097
"[18,7]",0.064453523045493,-0.010354884375220213
"[18,8]",5.870759415843646,0.8664069862618294
"[18,9]",0.03994920578378955,0.10355729587647926
"[18,10]",0.2867653921068598,-0.08934415246974131
"[18,11]",0.1918628296732398,0.06907952019033456
"[18,12]",0.0870763112727067,0.037301184394912826
"[18,13]",0.11211387737195944,-0.03546120733224735
"[18,14]",0.015407013495703946,-0.005246374382621404
"[18,15]",0.8356832060154014,0.1431474678739855
"[18,16]",0.028510079412138203,0.007011776531587023
"[18,17]",0.06790383808536418,0.00705220069867962
"[18,18]",nan,1.0
"[18,19]",0.07773546286567994,-0.040935071503515934
"[18,20]",0.012165117503588932,0.013352041561096012
"[18,21]",0.11472208083595088,0.04143469453101777
"[18,22]",0.3232904903974174,-0.071984400534961
"[18,23]",0.1431958145283092,-0.04766184707525011
"[18,24]",0.1054615315130171,0.04028348308774507
"[18,25]",0.1523450579853981,0.04938344116107977
"[18,26]",0.019655666159098414,0.016463893140011874
"[18,27]",0.08515744645741992,0.0351859061208006
"[18,28]",0.3965665472899384,0.07508803967784383
"[18,29]",0.4189730161082929,-0.08333024430621026
"[18,30]",0.06332593775943947,-0.033454359874346876
"[18,31]",0.004740391077411985,0.010175148905401521
"[18,32]",0.10319202673402375,0.03948968907775823
"[18,33]",1.1546464122186364,0.13144089272892295
"[18,34]",0.24780838440777753,0.0628145366682963
"[18,35]",0.7609419599641922,0.10854103800979302
"[19,0]",0.5241731523733302,-0.09623421096722261
"[19,1]",0.25598102160109004,0.07047768797438414
"[19,2]",0.17777518188373231,0.04741650565035632
"[19,3]",0.1440190782389495,0.06889622521941116
"[19,4]",0.09948700881895067,0.039958888023634606
"[19,5]",0.0018348820877801255,0.017928053574143017
"[19,6]",0.0010042933314347523,-0.059447468269647044
"[19,7]",0.035346829629880845,0.03035064893418784
"[19,8]",0.04639322120583069,-0.1639368137721323
"[19,9]",6.507199723143658,0.8796875964990266
"[19,10]",0.12654617998519788,-0.05233852517952265
"[19,11]",0.18594740248236935,0.05898876672275545
"[19,12]",0.022745449312094733,0.03063275040761097
"[19,13]",0.13238690571478431,0.07350975932668224
"[19,14]",0.0014098728790412922,-0.061554576878562126
"[19,15]",0.0014186686497492823,-0.003948973776361534
"[19,16]",0.00542576632518877,-0.028881650660679038
"[19,17]",0.010738290255613677,0.014862279487418808
"[19,18]",0.04225431061067237,-0.040935071503515934
"[19,19]",nan,1.0
"[19,20]",0.1217060064357325,-0.04336721613407402
"[19,21]",0.42236219706530004,-0.0805235432341216
"[19,22]",0.07651735426676529,-0.034029260175205536
"[19,23]",0.394312127711949,-0.07703121785461968
"[19,24]",0.013304238483332443,0.01402211373417942
"[19,25]",0.02279473747318786,0.017650382351132067
"[19,26]",0.040515629144923807,0.02444406761465981
"[19,27]",0.27729103051836756,-0.06570455682078236
"[19,28]",0.0001393675704025587,0.0022716329278372797
"[19,29]",0.2192270741525594,-0.057474232322389
"[19,30]",0.07887765758616336,0.03440546652443563
"[19,31]",0.02939759664639931,-0.01971824898320133
"[19,32]",0.32483781462506117,0.07176483585239239
"[19,33]",0.00490416058139241,-0.01011302855174147
"[19,34]",0.036990315401140166,0.023848838195633954
"[19,35]",0.14132035700273674,-0.04699496052935244
"[20,0]",42.00662172503579,0.13660189093220257
"[20,1]",9.921065137008608,-0.0523461135804558
"[20,2]",4.397147323106403,-0.010082984400567568
"[20,3]",0.268515755079742,0.012375959045823367
"[20,4]",0.7395712361870427,-0.12505073735724115
"[20,5]",35.945560346974176,0.19171249157328127
"[20,6]",2.009694573870502,0.006672161607571429
"[20,7]",12.841535609121319,0.06160198334247003
"[20,8]",6.531249587120069,0.029150800418012768
"[20,9]",1.0573710793734374,-0.04783082953770354
"[20,10]",24.742122589801145,0.040447589079706504
"[20,11]",11.76627468357486,-0.06591512663722673
"[20,12]",2.9336547555936114,-0.02713071680683682
"[20,13]",1.6288922419020282,-0.010428958042944813
"[20,14]",27.92992482974483,-0.10063622554090468
"[20,15]",34.4931092755227,0.2025304912667057
"[20,16]",17.227520580881276,0.04193456161717799
"[20,17]",6.8341497824237925,0.0635832972776646
"[20,18]",3.489207553270486,0.013352041561096012
"[20,19]",5.009164926827061,-0.04336721613407402
"[20,20]",nan,1.0
"[20,21]",44.84848373950621,0.21314952313084645
"[20,22]",42.6784579735982,0.12693301412046973
"[20,23]",36.122319767670476,0.05362801256298618
"[20,24]",49.069025521677105,-0.07489124438294749
"[20,25]",46.96506916052894,0.3348266668585743
"[20,26]",31.013463088204688,0.346141231484008
"[20,27]",38.034802420477384,0.36914288465570666
"[20,28]",44.658234694404406,0.1775473160505016
"[20,29]",28.53481725050098,0.04205746138285479
"[20,30]",28.158811990013113,-0.0702227348504058
"[20,31]",45.6720143036385,0.3928911368846715
"[20,32]",8.561094822657843,-0.10576313059417963
"[20,33]",35.233512085833304,0.229080931221243
"[20,34]",45.92311278657459,-0.5552307403401052
"[20,35]",33.55110244485983,0.14098509831458306
"[21,0]",45.67081278694949,0.5198108372850697
"[21,1]",4.350311620189811,-0.06211695299160365
"[21,2]",0.9573281844382739,-0.031736066857268125
"[21,3]",1.0473963227090428,0.017346077579609355
"[21,4]",10.591054520673262,-0.07896305539406084
"[21,5]",32.0992478801915,-0.12462427254451115
"[21,6]",1.0458345639736593,0.013973261433098431
"[21,7]",2.9008389776260395,0.025007213403964907
"[21,8]",4.114206459946302,0.06097867465202117
"[21,9]",3.695925853465381,-0.06455636965861614
"[21,10]",33.472618519280694,0.1130122625578238
"[21,11]",3.57413294128581,-0.07574927757316381
"[21,12]",0.7407372332519164,-0.008894060837518378
"[21,13]",0.7743279004658358,0.011321003308175332
"[21,14]",19.100674207802193,-0.1784133026514368
"[21,15]",22.336104714151723,-0.07081136148676666
"[21,16]",0.46012159998599467,0.04415433507541799
"[21,17]",4.312237772075222,0.03540929233051334
"[21,18]",6.784400242926163,0.04143469453101777
"[21,19]",7.561979444825543,-0.0805235432341216
"[21,20]",50.86068745222521,0.21314952313084645
"[21,21]",nan,1.0
"[21,22]",28.504765278648307,0.27004995984968955
"[21,23]",49.41595492603601,0.8235332093090459
"[21,24]",43.285070789154574,-0.3166027393139341
"[21,25]",44.844196492929036,-0.0573494201055955
"[21,26]",52.25263740191185,0.09054423604366817
"[21,27]",50.28467128874174,0.684277318142919
"[21,28]",22.109517260535476,-0.0695274434945738
"[21,29]",39.457081619447855,0.17040861590931244
"[21,30]",51.74018527645518,-0.1452717175459048
"[21,31]",53.67697311040457,0.0826464114814198
"[21,32]",0.5578586837283642,-0.04088730351665412
"[21,33]",4.338245272498638,-0.00782272196669997
"[21,34]",51.600872728898956,-0.21934620603833976
"[21,35]",50.531602254330814,0.3388617675763374
"[22,0]",9.249997611243186,0.19115578061270683
"[22,1]",7.86303438915492,-0.0892525788217815
"[22,2]",0.016860185008234642,0.002446879460017862
"[22,3]",29.570516427807622,0.1675819262405804
"[22,4]",5.776761155754741,-0.04071563219468347
"[22,5]",9.328302127306031,-0.04891447308869869
"[22,6]",14.45656715699413,-0.0782793391463046
"[22,7]",2.01486015011415,0.021317532090126864
"[22,8]",2.184683027608515,-0.060210738441519716
"[22,9]",1.2461455493000586,-0.04344281088800328
"[22,10]",5.810032078549448,0.07049187069297104
"[22,11]",2.524442677953822,-0.07735921568169642
"[22,12]",4.94650049800035,0.07277049752852238
"[22,13]",24.210092976846546,0.17513642346803487
"[22,14]",10.230770848361955,-0.08044053914694385
"[22,15]",9.1302505609146,-0.04324690287284003
"[22,16]",5.510725942067484,-0.027999107216595275
"[22,17]",10.939726515624974,0.07710547627042726
"[22,18]",3.4046731903560445,-0.071984400534961
"[22,19]",0.8325215208073529,-0.034029260175205536
"[22,20]",47.854896447007306,0.12693301412046973
"[22,21]",8.911623679543489,0.27004995984968955
"[22,22]",nan,1.0
"[22,23]",17.594183293339125,0.2390554771586899
"[22,24]",25.821425337445618,-0.3934647531951563
"[22,25]",3.9146189225958756,0.012266536843523603
"[22,26]",50.47233971152926,0.2843946876751743
"[22,27]",37.839620034659404,0.17231388196293598
"[22,28]",26.312684139362972,-0.0821301621548019
"[22,29]",10.19945430062561,0.12007676303782251
"[22,30]",37.37123919330041,0.40821326377471095
"[22,31]",5.351768472590476,-0.024349607622071105
"[22,32]",1.9778653557900763,0.02290910081471405
"[22,33]",7.719531195659457,-0.03824666684892268
"[22,34]",49.181280449732334,-0.413707827355083
"[22,35]",32.96814765339497,-0.25371402598983894
"[23,0]",50.26253487036123,0.7085028296172282
"[23,1]",8.84072973020533,-0.04990780344663992
"[23,2]",6.407575150019508,-0.0271432459611701
"[23,3]",5.249608083850738,0.04832399620525091
"[23,4]",12.019072304033203,0.011800853790129602
"[23,5]",47.87542434818599,-0.4291519241006126
"[23,6]",1.2607100028363603,0.009990997452454542
"[23,7]",2.180447417671681,0.029249241462174665
"[23,8]",6.773564025691339,0.025214020481927193
"[23,9]",2.733047993740605,-0.07106803253721748
"[23,10]",50.51010162208645,0.39851501653387994
"[23,11]",12.590128097798203,-0.05666088307423401
"[23,12]",3.2988690404963594,-0.02236344491807633
"[23,13]",8.015685295199033,0.03765864572773293
"[23,14]",51.16563042378943,-0.18725177024622686
"[23,15]",48.189610616534075,-0.41865032316321305
"[23,16]",4.9798192162743105,0.036373683584724134
"[23,17]",3.2576751634057826,0.03592977132552991
"[23,18]",9.395278809472234,-0.04766184707525011
"[23,19]",11.176516511955569,-0.07703121785461968
"[23,20]",54.387094024709484,0.05362801256298618
"[23,21]",50.162625841020336,0.8235332093090459
"[23,22]",52.05188397879064,0.2390554771586899
"[23,23]",nan,1.0
"[23,24]",27.978071279770848,-0.35260294494056427
"[23,25]",48.31999165696505,-0.419248772509616
"[23,26]",40.82859988079022,0.05989073657494998
"[23,27]",50.69761921796406,0.42827632411348554
"[23,28]",38.37022065018761,-0.14317124648628157
"[23,29]",50.416626683895224,0.48582298422762993
"[23,30]",21.745210452347006,-0.075990778329028
"[23,31]",44.51508470661948,-0.11952280241350165
"[23,32]",34.29438810310637,-0.09652466854951498
"[23,33]",48.37748517524935,-0.3960148121405989
"[23,34]",51.302324835011056,-0.23726264032092026
"[23,35]",53.48081265621129,0.06643711018327775
"[24,0]",43.67043019348784,-0.2600929344689163
"[24,1]",26.670984431854524,0.05639841010449634
"[24,2]",9.42419584742129,0.01983240803312219
"[24,3]",6.821821527921756,-0.08011160922389401
"[24,4]",0.830819300923796,-0.0011802398955238593
"[24,5]",30.05593789364389,0.08093723074080576
"[24,6]",1.5924058827205751,-0.008182542170843372
"[24,7]",2.3893557223145843,-0.05580704874519172
"[24,8]",4.9409828654448615,0.03526223855184006
"[24,9]",0.5048995971665045,0.0024592606445444807
"[24,10]",30.050452379775706,-0.15045144281832432
"[24,11]",20.716220801107408,0.04576333084116208
"[24,12]",13.911265865306776,-0.04007325473955362
"[24,13]",11.20255083134414,-0.07772104597680289
"[24,14]",30.630208834731114,0.0710910436811643
"[24,15]",29.123196532733115,0.07108286774183391
"[24,16]",6.914562311779736,-0.04840115378902445
"[24,17]",6.816759370323862,-0.044563617828591036
"[24,18]",5.520185812552571,0.04028348308774507
"[24,19]",1.669428165851406,0.01402211373417942
"[24,20]",49.68996503310406,-0.07489124438294749
"[24,21]",45.874841781777114,-0.3166027393139341
"[24,22]",40.79937781035093,-0.3934647531951563
"[24,23]",37.015644770814916,-0.35260294494056427
"[24,24]",nan,1.0
"[24,25]",44.036568684809154,0.23637838561709998
"[24,26]",42.193775222306364,-0.10572285526088498
"[24,27]",43.358805516983836,-0.09251822385993852
"[24,28]",40.52560353512109,0.27779836964873
"[24,29]",37.225776857402145,-0.20492928533237725
"[24,30]",21.46428914664626,0.048877127162660676
"[24,31]",42.163579712301356,0.14282833655246283
"[24,32]",26.92064749333161,-0.16949313665173932
"[24,33]",28.57396070880659,0.06186329555657402
"[24,34]",48.15280363241094,0.2190501362328525
"[24,35]",13.475080601999057,-0.062283873346830505
"[25,0]",52.984394570314926,-0.1810314510265444
"[25,1]",3.466446482948212,0.01851564330873265
"[25,2]",0.35315990939237635,-0.005262408833285038
"[25,3]",0.04779022064604793,-0.0027047753858033437
"[25,4]",28.562884622364187,-0.09605027135189012
"[25,5]",40.52019684036022,0.2738902919333842
"[25,6]",0.4352704432386263,-0.011442171033677867
"[25,7]",0.34204095922915256,0.01263358363588093
"[25,8]",2.723697698874745,-0.01117299980223592
"[25,9]",1.4694975015865526,0.010647691240252942
"[25,10]",31.549062224534563,-0.18625079053548235
"[25,11]",2.732769917356899,0.01202517809290782
"[25,12]",0.2541383120820325,-0.01539511365955604
"[25,13]",0.21224542774486174,-0.03018102293749757
"[25,14]",5.276964288498512,-0.00811669203465996
"[25,15]",42.25858987803957,0.25755730166739566
"[25,16]",0.06748815807058373,-0.000663067369267167
"[25,17]",0.725432957630374,0.010912756941184786
"[25,18]",9.771786236481125,0.04938344116107977
"[25,19]",3.5740655301796713,0.017650382351132067
"[25,20]",43.444875526703186,0.3348266668585743
"[25,21]",59.51767496225144,-0.0573494201055955
"[25,22]",8.137599030185795,0.012266536843523603
"[25,23]",50.99818842101987,-0.419248772509616
"[25,24]",52.78910698921027,0.23637838561709998
"[25,25]",nan,1.0
"[25,26]",30.411130773737035,0.22601951527429323
"[25,27]",48.95261622283332,0.5705600721380426
"[25,28]",19.067768875469994,0.18011162173410641
"[25,29]",56.40372613912518,-0.2290427839144915
"[25,30]",23.395411977391728,-0.13088364676787206
"[25,31]",46.52351964762182,0.8721771370028781
"[25,32]",0.16810414906231247,0.009538722828958375
"[25,33]",43.78780315725173,0.2757258800931212
"[25,34]",26.22963205195993,-0.07990416320593882
"[25,35]",43.087117936778796,0.24881683676754587
"[26,0]",14.598185629530075,0.048029642658237455
"[26,1]",6.9267848712128615,-0.04200421453491936
"[26,2]",2.350063934511386,0.06486623448553488
"[26,3]",12.632923649508816,0.04299691682548521
"[26,4]",2.6996747233785228,-0.04338976787871935
"[26,5]",12.679221831808693,0.07252958357389362
"[26,6]",0.260480180672268,0.001323770943503143
"[26,7]",0.2676183582167896,0.0053161291736288484
"[26,8]",3.133730188393262,0.019354167309597332
"[26,9]",2.3120732157948813,0.019597173710657157
"[26,10]",2.1806278977462306,0.014517671054901406
"[26,11]",7.255595518909757,-0.056130664881709647
"[26,12]",9.552513901132878,0.1311663309912404
"[26,13]",4.4286510297481705,0.011398705148534694
"[26,14]",1.1650199859500312,-0.0064306940708965775
"[26,15]",8.863335418259906,0.05846911416266085
"[26,16]",0.5671994805890358,-0.008468799798961597
"[26,17]",1.1354423598814547,0.006250716662334201
"[26,18]",3.1027336314235234,0.016463893140011874
"[26,19]",2.387089865726895,0.02444406761465981
"[26,20]",16.4860728732463,0.346141231484008
"[26,21]",26.097593381279143,0.09054423604366817
"[26,22]",47.39777249004458,0.2843946876751743
"[26,23]",19.785985337772086,0.05989073657494998
"[26,24]",33.03498481469622,-0.10572285526088498
"[26,25]",31.151472905451,0.22601951527429323
"[26,26]",nan,1.0
"[26,27]",26.78836283476545,0.20285677201958668
"[26,28]",59.2621556254658,0.3334308797655326
"[26,29]",9.185714056791623,0.04360576407183508
"[26,30]",37.54338934613822,0.15908905202521192
"[26,31]",28.738349187250943,0.16087141339116653
"[26,32]",62.476316960181684,0.34128858657039723
"[26,33]",7.633046798507652,0.05555702895475952
"[26,34]",45.26484001880907,-0.5249929517574772
"[26,35]",11.217152102031772,-0.023315180754592456
"[27,0]",48.11936716341825,0.5595962494699093
"[27,1]",3.858837350450403,-0.04682142856450943
"[27,2]",1.0112032375220896,-0.05345982511163839
"[27,3]",0.6257830092088414,0.004634492388934367
"[27,4]",66.09575383701686,-0.20599763897214263
"[27,5]",57.73500192052926,0.12316374909107237
"[27,6]",0.08171919116878472,0.02018104330181849
"[27,7]",1.0379650162454916,0.014603980024733522
"[27,8]",0.6118212548436924,0.04709883227970381
"[27,9]",6.748192380768603,-0.05220089997612205
"[27,10]",42.01524266563515,0.29378208121979815
"[27,11]",4.9963126114038285,-0.061145312908204456
"[27,12]",0.98722941989228,-0.04491223361490206
"[27,13]",4.74501771682969,-0.03161657561729863
"[27,14]",26.657927102387166,-0.2897849980564232
"[27,15]",55.38655139094708,0.16617547512505526
"[27,16]",2.232876637131432,0.044895040340076145
"[27,17]",1.3570328014463469,0.015182332166876186
"[27,18]",6.570128858726196,0.0351859061208006
"[27,19]",8.24332922649769,-0.06570455682078236
"[27,20]",59.78217742149082,0.36914288465570666
"[27,21]",49.04372865818847,0.684277318142919
"[27,22]",31.48687905840906,0.17231388196293598
"[27,23]",48.67344798526607,0.42827632411348554
"[27,24]",32.24966704919304,-0.09251822385993852
"[27,25]",50.968974439150536,0.5705600721380426
"[27,26]",19.557244840645268,0.20285677201958668
"[27,27]",nan,1.0
"[27,28]",68.18161896528103,0.12547390787036847
"[27,29]",44.46188552799065,0.34162134940205224
"[27,30]",1.8965967773755963,-0.18878029116079792
"[27,31]",50.658612623506436,0.7394763702074201
"[27,32]",14.00169705351756,-0.10976966419697146
"[27,33]",53.6831627919709,0.229432328420204
"[27,34]",33.44154750670609,-0.23996221189010128
"[27,35]",62.520618162850425,0.3608521682293368
"[28,0]",1.43470636000027,-0.0084691284447907
"[28,1]",0.7479336831678778,-0.07795127934689934
"[28,2]",2.837599713855969,0.023412809866366492
"[28,3]",4.242769821779594,-0.05281360688069453
"[28,4]",0.21761780151158625,-0.09276894484294934
"[28,5]",1.2893299624384484,0.30469136842877387
"[28,6]",1.415234363628544,0.040724585819985636
"[28,7]",1.071746780706145,-0.04914350207306561
"[28,8]",8.52931105791689,0.0834058645139315
"[28,9]",0.13744158233868786,0.005656369649599425
"[28,10]",3.341438786982672,0.02300786875686878
"[28,11]",0.5743723809014163,-0.10870699815009319
"[28,12]",11.109388680908188,0.05844319152404099
"[28,13]",3.136649842319012,-0.05833366206850308
"[28,14]",1.4618921817591348,-0.037327474422318825
"[28,15]",2.675904412265193,0.31211569059929123
"[28,16]",0.4568211476075865,0.024578744695852497
"[28,17]",1.9346212618862517,-0.05841099517747954
"[28,18]",7.509356572220529,0.07508803967784383
"[28,19]",0.036833543619118364,0.0022716329278372797
"[28,20]",13.924072081003082,0.1775473160505016
"[28,21]",2.9090576980622354,-0.0695274434945738
"[28,22]",15.359530228325639,-0.0821301621548019
"[28,23]",14.741182786285849,-0.14317124648628157
"[28,24]",14.074365659327642,0.27779836964873
"[28,25]",2.270188747952009,0.18011162173410641
"[28,26]",16.44315563305042,0.3334308797655326
"[28,27]",10.615385654518375,0.12547390787036847
"[28,28]",nan,1.0
"[28,29]",7.79554236617671,0.04724211377227548
"[28,30]",24.09656884240723,0.33195344003876753
"[28,31]",11.093915894238258,0.14708894133222689
"[28,32]",14.676938268520562,-0.05726332671695537
"[28,33]",3.78416079027464,0.3197965513335224
"[28,34]",15.640017159251626,0.06496828044918485
"[28,35]",23.116607499849785,0.155496297927544
"[29,0]",53.19726860750799,0.8857707487123692
"[29,1]",2.6111134378373895,-0.0416126273884001
"[29,2]",2.8834672928188785,-0.05591790029244141
"[29,3]",4.346269231687868,0.02816370386595434
"[29,4]",60.231824445446506,-0.20235381470682123
"[29,5]",32.691667571339714,-0.07099680992067835
"[29,6]",2.842327483689884,0.025767731555835272
"[29,7]",0.03848583124912789,-0.0008648403301869868
"[29,8]",4.9624900525167615,0.02438652810450582
"[29,9]",2.047224793749687,-0.03412137592211749
"[29,10]",17.733568470239234,0.8904829522295185
"[29,11]",2.830736097742039,-0.041657480425266055
"[29,12]",1.2903305945323764,-0.04982033925191386
"[29,13]",0.29104771119374123,-0.002090262038707395
"[29,14]",55.84900831418841,-0.42113441896623915
"[29,15]",30.26947938686587,-0.043719617577339775
"[29,16]",2.3279559391622886,0.03479647414133567
"[29,17]",0.8740527091585144,-0.013143501823636232
"[29,18]",14.647856806401762,-0.08333024430621026
"[29,19]",0.1766715705708312,-0.057474232322389
"[29,20]",9.499528243912543,0.04205746138285479
"[29,21]",34.161578121526,0.17040861590931244
"[29,22]",4.837995869081487,0.12007676303782251
"[29,23]",41.00599289157698,0.48582298422762993
"[29,24]",3.1136055521169412,-0.20492928533237725
"[29,25]",19.365886452584306,-0.2290427839144915
"[29,26]",0.9272216145891495,0.04360576407183508
"[29,27]",56.75623773182928,0.34162134940205224
"[29,28]",18.629480500784993,0.04724211377227548
"[29,29]",nan,1.0
"[29,30]",0.52833057139634,0.013895987859066756
"[29,31]",2.8232244702789964,0.16317280015436217
"[29,32]",0.15714269328252506,-0.17937911854966043
"[29,33]",22.108843991725813,-0.01934307590243522
"[29,34]",12.85124497016928,-0.201178317357984
"[29,35]",24.88332070376343,-0.11474895722772628
"[30,0]",1.159688060059435,-0.0646180382816516
"[30,1]",0.23953704186105604,-0.08211390944737941
"[30,2]",0.38036512765382224,-0.003835921837987111
"[30,3]",11.824789929765636,0.15502519276500648
"[30,4]",0.11962279432460114,0.014001531832715288
"[30,5]",0.1182582172774762,0.02924501655236466
"[30,6]",4.771229523489492,-0.07058203946516249
"[30,7]",1.2274840762470438,-0.033036906147606716
"[30,8]",0.17956780048189927,-0.027712976373577884
"[30,9]",1.0049226463479128,0.02550799227952252
"[30,10]",0.10593961187203846,-0.0044070814442921345
"[30,11]",5.216191591993087,-0.08879699770776099
"[30,12]",2.949459762824601,0.03965597146030726
"[30,13]",2.8995106856519826,0.16369449546406142
"[30,14]",2.363730488436555,0.041721953778239375
"[30,15]",0.1725831789968635,0.028311842595695604
"[30,16]",3.037667364285478,-0.07683970773834155
"[30,17]",1.2076996752167282,0.01656127762258122
"[30,18]",0.06969274049538321,-0.033454359874346876
"[30,19]",0.3507910566392359,0.03440546652443563
"[30,20]",1.6722861604357482,-0.0702227348504058
"[30,21]",4.962406983467021,-0.1452717175459048
"[30,22]",19.850131381038214,0.40821326377471095
"[30,23]",1.6968898749657024,-0.075990778329028
"[30,24]",1.6024278860663874,0.048877127162660676
"[30,25]",3.213835152070861,-0.13088364676787206
"[30,26]",10.341609455803589,0.15908905202521192
"[30,27]",0.10783542260178823,-0.18878029116079792
"[30,28]",6.753639860743375,0.33195344003876753
"[30,29]",0.26029560121235046,0.013895987859066756
"[30,30]",nan,1.0
"[30,31]",8.718745447100064,-0.17649892117599494
"[30,32]",14.890110210112878,0.0977719817070586
"[30,33]",0.021762391748319027,0.011120147073867766
"[30,34]",2.068566176426862,-0.1710643728261143
"[30,35]",4.768317565938083,-0.321613164722826
"[31,0]",16.914868118935726,0.21850014500703788
"[31,1]",0.23649643062768053,0.004655360414800556
"[31,2]",2.5169127602999772,-0.03271013175057576
"[31,3]",0.32857250216697625,-0.004269874640951883
"[31,4]",11.614360725586437,-0.12322097965212149
"[31,5]",14.649633782752478,0.1321656222489924
"[31,6]",0.21637743384407987,0.004923206288613015
"[31,7]",2.0851182280121052,0.014170587893463484
"[31,8]",0.005222766990288076,0.001201031816999535
"[31,9]",1.2169578367124783,-0.021372607098908092
"[31,10]",1.8650812235164722,0.19040041189191692
"[31,11]",0.09298775283321101,0.0011113378664168495
"[31,12]",2.4656336485437556,-0.06565100386076483
"[31,13]",2.7919776834519086,-0.03848802325045294
"[31,14]",12.046426474079608,-0.15021697613815324
"[31,15]",12.24157603989952,0.12057804443181862
"[31,16]",2.207663984274285,0.020598382498742303
"[31,17]",1.2326529624437865,0.009342897946908747
"[31,18]",0.2701042922194637,0.010175148905401521
"[31,19]",0.673777728853005,-0.01971824898320133
"[31,20]",17.84796757219544,0.3928911368846715
"[31,21]",15.99720305039208,0.0826464114814198
"[31,22]",1.4010353260815303,-0.024349607622071105
"[31,23]",28.214768505913636,-0.11952280241350165
"[31,24]",14.39114922329545,0.14282833655246283
"[31,25]",28.851967846077276,0.8721771370028781
"[31,26]",8.570890763735319,0.16087141339116653
"[31,27]",42.86069814121583,0.7394763702074201
"[31,28]",6.095666930721073,0.14708894133222689
"[31,29]",0.21464662622045919,0.16317280015436217
"[31,30]",10.248519685924432,-0.17649892117599494
"[31,31]",nan,1.0
"[31,32]",0.7849898526512912,-0.14469711995599582
"[31,33]",13.305623809966045,0.14224451643351216
"[31,34]",5.5855954473787675,-0.12051504865461184
"[31,35]",20.633138506120982,0.21137298623733797
"[32,0]",3.1359688910356973,-0.20042234401729692
"[32,1]",2.190707488975259,0.06944451127720347
"[32,2]",4.1324689192710045,0.18605444381627168
"[32,3]",2.6288123457055628,0.048109169464863676
"[32,4]",3.5600229225986264,0.041701631944971805
"[32,5]",6.1415542721532494,0.04442093692193428
"[32,6]",1.4896122901638313,-0.02284864120319049
"[32,7]",0.38210637546236925,0.010904047068367588
"[32,8]",1.2685049683464797,0.01461089385036267
"[32,9]",4.696811739919769,0.0745080776799308
"[32,10]",1.820573994163862,-0.1775295982998512
"[32,11]",1.263640381458462,0.02547225475134055
"[32,12]",5.879333997275612,0.2996785704742183
"[32,13]",1.4907876965627331,0.056252807658348815
"[32,14]",7.184820227535147,0.12661850251402132
"[32,15]",3.872546952089693,0.027480760003577537
"[32,16]",1.5318652231093703,-0.04847684874320086
"[32,17]",1.6214741339631846,-0.0225162354882528
"[32,18]",3.3128814440896948,0.03948968907775823
"[32,19]",2.0189456523960065,0.07176483585239239
"[32,20]",1.0524602243818812,-0.10576313059417963
"[32,21]",0.0863209930110934,-0.04088730351665412
"[32,22]",0.2203897569491261,0.02290910081471405
"[32,23]",3.040822755037043,-0.09652466854951498
"[32,24]",0.7025566431883065,-0.16949313665173932
"[32,25]",0.051783790971415604,0.009538722828958375
"[32,26]",9.498913293391043,0.34128858657039723
"[32,27]",2.946404040087347,-0.10976966419697146
"[32,28]",20.239392022723848,-0.05726332671695537
"[32,29]",0.9167248744897212,-0.17937911854966043
"[32,30]",16.998201137567634,0.0977719817070586
"[32,31]",1.7393027786311852,-0.14469711995599582
"[32,32]",nan,1.0
"[32,33]",4.237346874529628,0.03548051259308782
"[32,34]",3.6530049402618907,-0.2742326903547361
"[32,35]",5.386730042543744,-0.15906009032004578
"[33,0]",57.0428777986651,-0.03730623720351042
"[33,1]",3.0723012293958405,-0.04592380102253675
"[33,2]",2.8210335303675134,-0.029876819495164676
"[33,3]",4.880078063368074,-0.08320408515914769
"[33,4]",38.66962295013624,-0.3159223941184882
"[33,5]",48.877090074738994,0.8055156972565038
"[33,6]",2.9619133780778615,0.047629904291244196
"[33,7]",2.656107717956337,-0.04796425886299132
"[33,8]",0.826770988418183,0.10116486653915185
"[33,9]",1.5146717376366128,0.02571785381876535
"[33,10]",66.29833873859292,-0.021923979783397794
"[33,11]",2.812958899741844,-0.05271772998290953
"[33,12]",1.616869950003293,0.01415078313332382
"[33,13]",0.6132665527247719,-0.08781950715892145
"[33,14]",40.7295229840902,-0.18307801811041644
"[33,15]",49.206087183769455,0.9282249717037347
"[33,16]",1.0531380124768028,0.02822310043386418
"[33,17]",4.168367871783555,-0.054307417399830256
"[33,18]",29.889279848152245,0.13144089272892295
"[33,19]",1.28608910243126,-0.01011302855174147
"[33,20]",10.752616265528856,0.229080931221243
"[33,21]",1.2644408347033105,-0.00782272196669997
"[33,22]",9.145988752148895,-0.03824666684892268
"[33,23]",49.39838447677749,-0.3960148121405989
"[33,24]",19.224957039727517,0.06186329555657402
"[33,25]",46.58331368274114,0.2757258800931212
"[33,26]",3.261715119243503,0.05555702895475952
"[33,27]",39.28374247931171,0.229432328420204
"[33,28]",22.605955356291144,0.3197965513335224
"[33,29]",77.42397086550768,-0.01934307590243522
"[33,30]",0.2739459672520637,0.011120147073867766
"[33,31]",29.49013929643134,0.14224451643351216
"[33,32]",17.53148510106492,0.03548051259308782
"[33,33]",nan,1.0
"[33,34]",2.2500851353092766,0.006241870108824969
"[33,35]",43.39493851579875,0.2559977880895017
"[34,0]",21.674846733343,-0.23433504757362708
"[34,1]",0.5996167610479921,0.05324771925028597
"[34,2]",2.9463777698508284,-0.059819383804635896
"[34,3]",11.720464063800982,-0.10528759443642471
"[34,4]",7.820649785646956,0.05457468328695525
"[34,5]",4.171962448331671,0.008586808623710059
"[34,6]",1.4596281889398848,0.013695971202684665
"[34,7]",3.388221996316432,-0.02912508817094166
"[34,8]",5.761885600189204,0.034768076283667036
"[34,9]",0.6325813279892969,0.026917911330080625
"[34,10]",20.30840699614356,-0.1393710413488283
"[34,11]",2.0417488857428596,0.058766275586180756
"[34,12]",7.146890409524301,-0.1167914588942024
"[34,13]",15.4430096270957,-0.09226175998556882
"[34,14]",13.268444692271927,0.09729401947225892
"[34,15]",6.372045484229607,0.01169320117122943
"[34,16]",0.3242543347118233,-0.00542096205990723
"[34,17]",2.325094919369687,-0.028038888995271606
"[34,18]",7.044571460660677,0.0628145366682963
"[34,19]",0.3713090434098425,0.023848838195633954
"[34,20]",33.98492791092292,-0.5552307403401052
"[34,21]",31.546457739585502,-0.21934620603833976
"[34,22]",45.71459202864807,-0.413707827355083
"[34,23]",37.97243850415764,-0.23726264032092026
"[34,24]",46.92989377737192,0.2190501362328525
"[34,25]",20.54202627616998,-0.07990416320593882
"[34,26]",43.67713420543346,-0.5249929517574772
"[34,27]",31.147562068551014,-0.23996221189010128
"[34,28]",42.640724538314046,0.06496828044918485
"[34,29]",24.33035176639151,-0.201178317357984
"[34,30]",16.561174877409712,-0.1710643728261143
"[34,31]",23.906017455858464,-0.12051504865461184
"[34,32]",10.355327549789726,-0.2742326903547361
"[34,33]",3.556446181923072,0.006241870108824969
"[34,34]",nan,1.0
"[34,35]",46.773018873044116,0.22658532464331543
"[35,0]",12.48191264355388,0.05818452164093549
"[35,1]",1.5581206997297326,0.032763041941544294
"[35,2]",3.0216526123225833,-0.11107565719304638
"[35,3]",4.557497514746748,-0.10592490205102599
"[35,4]",10.433584191664762,-0.1073031068411375
"[35,5]",6.9122514325155775,0.17705553396835721
"[35,6]",1.004091776666991,0.05576366540271323
"[35,7]",0.11740222033372677,0.002895716469627933
"[35,8]",8.321595763905814,0.0957507594334048
"[35,9]",0.05533093898816584,-0.025180660040252018
"[35,10]",21.528175179888738,-0.08736623792624831
"[35,11]",1.4383934598623769,0.02078355786386081
"[35,12]",6.8030587834999015,-0.10951394738076746
"[35,13]",4.184745870007304,-0.1277486789958832
"[35,14]",13.796869250082587,-0.08969721596950939
"[35,15]",8.865546446376545,0.22016303722636432
"[35,16]",2.4100902247896205,0.06515069964708313
"[35,17]",0.524492677560806,0.009781023102791976
"[35,18]",5.34365326165701,0.10854103800979302
"[35,19]",1.8791512562113994,-0.04699496052935244
"[35,20]",7.586467226320409,0.14098509831458306
"[35,21]",26.095840217966234,0.3388617675763374
"[35,22]",43.177806795565154,-0.25371402598983894
"[35,23]",10.699010790414182,0.06643711018327775
"[35,24]",2.609706588885679,-0.062283873346830505
"[35,25]",50.248881968066854,0.24881683676754587
"[35,26]",3.014805488210779,-0.023315180754592456
"[35,27]",15.778795381414227,0.3608521682293368
"[35,28]",23.171036371751445,0.155496297927544
"[35,29]",32.064106115446975,-0.11474895722772628
"[35,30]",1.7225006141910948,-0.321613164722826
"[35,31]",50.440353148172655,0.21137298623733797
"[35,32]",6.677088133714542,-0.15906009032004578
"[35,33]",17.58850255646479,0.2559977880895017
"[35,34]",50.711685239008396,0.22658532464331543
"[35,35]",nan,1.0
