Source,Target,InfoFlow,Error_InfoFlow,Tau,Error_Tau,R,Error_R
Var1,Var1,-inf,nan,nan,nan,1.0,0.0
Var1,Var2,inf,nan,nan,nan,0.03447960261708033,0.003340229003341305
Var1,Var3,-inf,nan,nan,nan,0.07972721360751898,0.003047856702228634
Var1,Var4,inf,nan,nan,nan,-0.18540721839944774,0.0027468421829416954
Var1,Var5,inf,nan,nan,nan,0.036453756739766044,0.002993479735784115
Var1,Var6,-inf,nan,nan,nan,0.08551512315792091,0.002684541770575914
Var1,Var7,-inf,nan,nan,nan,0.010766004364570723,0.002808602743091155
Var1,Var8,inf,nan,nan,nan,-0.14267301919659556,0.0028655397214155153
Var1,Var9,inf,nan,nan,nan,0.368898761977306,0.00279310566242958
Var1,Var10,inf,nan,nan,nan,-0.22972805917103814,0.0031768417618445203
Var1,Var11,inf,nan,nan,nan,0.6679157837716168,0.0016717090885122509
Var1,Var12,inf,nan,nan,nan,0.09553173109087769,0.003267309599364547
Var1,Var13,-inf,nan,nan,nan,0.10306950682188562,0.003438526387685383
Var1,Var14,inf,nan,nan,nan,-0.12248623212437133,0.003258379078718318
Var1,Var15,inf,nan,nan,nan,-0.07746690634557855,0.002993538651614435
Var1,Var16,inf,nan,nan,nan,-0.06796698267319787,0.0026736945455527053
Var1,Var17,-inf,nan,nan,nan,-0.06283057572860055,0.002857576768830224
Var1,Var18,-inf,nan,nan,nan,-0.16928520527194615,0.002645678369928062
Var1,Var19,inf,nan,nan,nan,0.325892016490598,0.002985144045960986
Var1,Var20,inf,nan,nan,nan,-0.24833017701527396,0.0033458473102939636
Var1,Var21,-inf,nan,nan,nan,0.08504859662118874,0.0027608024031673096
Var1,Var22,nan,nan,nan,nan,0.025659686014752048,0.003148438895801359
Var1,Var23,-inf,nan,nan,nan,-0.04069684575686548,0.003050356931321956
Var1,Var24,nan,nan,nan,nan,-0.012062580166352315,0.0032488053503932257
Var1,Var25,inf,nan,nan,nan,-0.02499364494435089,0.0029145706310256822
Var1,Var26,inf,nan,nan,nan,-0.01122425515875787,0.0032592317011738764
Var1,Var27,nan,nan,nan,nan,0.019729589873410603,0.0030464769760985997
Var1,Var28,nan,nan,nan,nan,0.03813692188005507,0.0032619260860994345
Var1,Var29,inf,nan,nan,nan,0.030230561394647734,0.0029320897092000053
Var1,Var30,-inf,nan,nan,nan,-0.03461284142272643,0.003327378505236425
Var1,Var31,-inf,nan,nan,nan,-0.018575963470290696,0.0029494196034753855
Var1,Var32,-inf,nan,nan,nan,-0.007185997307650864,0.0032347557005243726
Var1,Var33,-inf,nan,nan,nan,0.08200920968557494,0.0028155358755802863
Var1,Var34,inf,nan,nan,nan,-0.008191245465678784,0.0031206226809861286
Var1,Var35,inf,nan,nan,nan,0.09414827561755731,0.00274136974546166
Var1,Var36,-inf,nan,nan,nan,-0.00504120759397222,0.0024810108047412065
Var2,Var1,inf,nan,nan,nan,0.03447960261708033,0.003340229003341305
Var2,Var2,inf,nan,nan,nan,1.0,0.0
Var2,Var3,inf,nan,nan,nan,0.03770288623487749,0.003281577476657905
Var2,Var4,-inf,nan,nan,nan,0.16384551035225156,0.0029916686226529265
Var2,Var5,inf,nan,nan,nan,-0.30059903250093406,0.003000385182781782
Var2,Var6,inf,nan,nan,nan,-0.0061006123951215345,0.0030157582930765187
Var2,Var7,inf,nan,nan,nan,-0.10489503227655377,0.0032569697789925607
Var2,Var8,inf,nan,nan,nan,0.04226517830380418,0.002799007122878834
Var2,Var9,inf,nan,nan,nan,-0.08648979778327455,0.0031852218410402485
Var2,Var10,inf,nan,nan,nan,0.2332176325817854,0.0026207930216120643
Var2,Var11,inf,nan,nan,nan,0.02358250101710239,0.0031753142193999754
Var2,Var12,inf,nan,nan,nan,0.9521794392708193,0.0002730685292652374
Var2,Var13,inf,nan,nan,nan,-0.6077971181489051,0.0020484959822606144
Var2,Var14,-inf,nan,nan,nan,0.23278096814055968,0.0028002964922477316
Var2,Var15,inf,nan,nan,nan,-0.19775957810186598,0.0027457844682511894
Var2,Var16,inf,nan,nan,nan,0.061190155868672304,0.002672767119057146
Var2,Var17,inf,nan,nan,nan,-0.3157624849115054,0.0027106724612384944
Var2,Var18,inf,nan,nan,nan,0.4294324950614799,0.0023976956531820514
Var2,Var19,inf,nan,nan,nan,0.08129376247371697,0.003257908395269541
Var2,Var20,inf,nan,nan,nan,0.27378193509946347,0.00311496373673614
Var2,Var21,inf,nan,nan,nan,-0.02031923057154931,0.00415736935996394
Var2,Var22,-inf,nan,nan,nan,0.04696696489813431,0.0032031989307269803
Var2,Var23,inf,nan,nan,nan,-0.03669175569969366,0.0033267386133406904
Var2,Var24,nan,nan,nan,nan,0.0516488904205537,0.00314125462220409
Var2,Var25,-inf,nan,nan,nan,-0.07997520234638139,0.003995666267490456
Var2,Var26,inf,nan,nan,nan,0.06947941336150386,0.0032740998964324395
Var2,Var27,-inf,nan,nan,nan,-0.11463718516999363,0.0034406528973698175
Var2,Var28,nan,nan,nan,nan,0.010851130307330648,0.0031362285252535377
Var2,Var29,inf,nan,nan,nan,0.08207607936177103,0.004019039002161542
Var2,Var30,-inf,nan,nan,nan,-0.059803800292173526,0.0033302086608851316
Var2,Var31,inf,nan,nan,nan,-0.10062205893496048,0.003900504903426212
Var2,Var32,-inf,nan,nan,nan,0.06709061865985685,0.0032458678933694326
Var2,Var33,-inf,nan,nan,nan,-0.019963459194287193,0.003992444164842722
Var2,Var34,inf,nan,nan,nan,0.054473611690523525,0.0030602601728258513
Var2,Var35,-inf,nan,nan,nan,-0.02844077555576836,0.004148529873317988
Var2,Var36,inf,nan,nan,nan,0.07850132985136561,0.004615911779102862
Var3,Var1,-inf,nan,nan,nan,0.07972721360751898,0.003047856702228634
Var3,Var2,inf,nan,nan,nan,0.03770288623487749,0.003281577476657905
Var3,Var3,-inf,nan,nan,nan,1.0,0.0
Var3,Var4,-inf,nan,nan,nan,0.2075983800592847,0.0026632235676779864
Var3,Var5,inf,nan,nan,nan,0.15832505456970036,0.0033964855681343654
Var3,Var6,-inf,nan,nan,nan,0.12869863521454653,0.0029427685770443248
Var3,Var7,inf,nan,nan,nan,-0.32933042070657564,0.003100683343557386
Var3,Var8,inf,nan,nan,nan,-0.09738575588119458,0.003223453175677233
Var3,Var9,inf,nan,nan,nan,0.09180754040109829,0.003006219157937104
Var3,Var10,-inf,nan,nan,nan,-0.03819297026231754,0.0037197394578972584
Var3,Var11,-inf,nan,nan,nan,0.009875881900502608,0.0028166012378456223
Var3,Var12,inf,nan,nan,nan,0.2833500023621494,0.0028829004016892247
Var3,Var13,-inf,nan,nan,nan,0.7218020791737054,0.001361419208882801
Var3,Var14,inf,nan,nan,nan,0.3862409843451972,0.0025679709647536764
Var3,Var15,-inf,nan,nan,nan,0.2965476075472922,0.002978557608153068
Var3,Var16,inf,nan,nan,nan,-0.03792864030827904,0.00301333954902718
Var3,Var17,inf,nan,nan,nan,-0.4420863010663025,0.002879894019956539
Var3,Var18,inf,nan,nan,nan,-0.09831779039782866,0.0034517209784146892
Var3,Var19,inf,nan,nan,nan,0.09230626302794392,0.0030609184492905593
Var3,Var20,-inf,nan,nan,nan,-0.11860419318753952,0.0032169461939016136
Var3,Var21,nan,nan,nan,nan,0.05043666280970503,0.004195679149495272
Var3,Var22,-inf,nan,nan,nan,0.035391060250716345,0.003472670472893259
Var3,Var23,inf,nan,nan,nan,-0.08139893019695169,0.0033175150754089643
Var3,Var24,nan,nan,nan,nan,0.01624530316941424,0.003261467580015239
Var3,Var25,-inf,nan,nan,nan,-0.029040355604203146,0.004058719935939742
Var3,Var26,-inf,nan,nan,nan,-0.025707156187498824,0.003395438058330725
Var3,Var27,inf,nan,nan,nan,0.01065103081606022,0.0034921001454356025
Var3,Var28,nan,nan,nan,nan,-0.06833431754224437,0.0031965610387783335
Var3,Var29,-inf,nan,nan,nan,0.03829744731570534,0.004054882158864897
Var3,Var30,inf,nan,nan,nan,-0.005700916991140579,0.0034510447984027713
Var3,Var31,-inf,nan,nan,nan,-0.05359909720579429,0.004075701750916085
Var3,Var32,inf,nan,nan,nan,-0.026169382776693083,0.003383191020831927
Var3,Var33,-inf,nan,nan,nan,0.0607653528550996,0.004003338044094382
Var3,Var34,-inf,nan,nan,nan,0.02947918918291865,0.0032775980113407253
Var3,Var35,inf,nan,nan,nan,0.03449626130127549,0.004270810836246128
Var3,Var36,inf,nan,nan,nan,0.024942650766770193,0.0041285413326156315
Var4,Var1,-inf,nan,nan,nan,-0.18540721839944774,0.0027468421829416954
Var4,Var2,inf,nan,nan,nan,0.16384551035225156,0.0029916686226529265
Var4,Var3,inf,nan,nan,nan,0.2075983800592847,0.0026632235676779864
Var4,Var4,-inf,nan,nan,nan,1.0,0.0
Var4,Var5,-inf,nan,nan,nan,-0.15002792833365086,0.0027627502470537863
Var4,Var6,inf,nan,nan,nan,-0.003464777563212864,0.0031632745008608456
Var4,Var7,inf,nan,nan,nan,-0.1684818675188057,0.0031591875294756672
Var4,Var8,inf,nan,nan,nan,0.01917823304771793,0.0035718316560607644
Var4,Var9,-inf,nan,nan,nan,-0.019256299329415645,0.002668131896930835
Var4,Var10,inf,nan,nan,nan,0.08575204564859167,0.003003681854460784
Var4,Var11,-inf,nan,nan,nan,-0.2966979072567899,0.0027190429373498306
Var4,Var12,inf,nan,nan,nan,0.2464132688222677,0.0026926678629437544
Var4,Var13,inf,nan,nan,nan,-0.045122834774298945,0.003119250815625453
Var4,Var14,-inf,nan,nan,nan,0.8245066070816758,0.0009388420608230655
Var4,Var15,inf,nan,nan,nan,-0.027275856790279232,0.003370258504708927
Var4,Var16,-inf,nan,nan,nan,0.08136198229977018,0.0031457270189061896
Var4,Var17,inf,nan,nan,nan,-0.2511538192649689,0.0030534143976828653
Var4,Var18,inf,nan,nan,nan,0.002356416553584897,0.0031556075840808726
Var4,Var19,inf,nan,nan,nan,0.04662280936045176,0.002560746824048581
Var4,Var20,inf,nan,nan,nan,0.029735514065088738,0.0028726572460141845
Var4,Var21,nan,nan,nan,nan,0.02067657250532085,0.0030128036422977233
Var4,Var22,inf,nan,nan,nan,0.05312369711915942,0.0031549974515428713
Var4,Var23,inf,nan,nan,nan,-0.04492681515134139,0.0029699536912474933
Var4,Var24,nan,nan,nan,nan,0.028012369789325888,0.0033872295702822523
Var4,Var25,nan,nan,nan,nan,0.07036701482766942,0.0029659763029565318
Var4,Var26,-inf,nan,nan,nan,0.027992952179820136,0.0031945561869903875
Var4,Var27,inf,nan,nan,nan,-0.07669958618665443,0.003151758034370703
Var4,Var28,nan,nan,nan,nan,0.030878837304740718,0.0032635812774204727
Var4,Var29,inf,nan,nan,nan,-0.05307690210288459,0.002993492439036026
Var4,Var30,inf,nan,nan,nan,-0.03238199631432014,0.003158150258988133
Var4,Var31,inf,nan,nan,nan,0.05729231299208285,0.0030563439321825837
Var4,Var32,-inf,nan,nan,nan,0.02319114363143044,0.0032011892570737743
Var4,Var33,inf,nan,nan,nan,0.03705701063462566,0.0030541752513784906
Var4,Var34,-inf,nan,nan,nan,0.040782038944638284,0.0031723855930880693
Var4,Var35,inf,nan,nan,nan,0.03215750375219958,0.0029269005634050753
Var4,Var36,inf,nan,nan,nan,0.026233368624945262,0.002577473766044085
Var5,Var1,inf,nan,nan,nan,0.036453756739766044,0.002993479735784115
Var5,Var2,inf,nan,nan,nan,-0.30059903250093406,0.003000385182781782
Var5,Var3,inf,nan,nan,nan,0.15832505456970036,0.0033964855681343654
Var5,Var4,inf,nan,nan,nan,-0.15002792833365086,0.0027627502470537863
Var5,Var5,-inf,nan,nan,nan,1.0,0.0
Var5,Var6,inf,nan,nan,nan,0.1376061939617453,0.0027355612295772666
Var5,Var7,-inf,nan,nan,nan,-0.03860694263644791,0.003205876387909982
Var5,Var8,inf,nan,nan,nan,-0.26469881549936286,0.002812795015781407
Var5,Var9,-inf,nan,nan,nan,0.09069666876416463,0.0032646171061197268
Var5,Var10,-inf,nan,nan,nan,0.09978260831630091,0.002765484536090877
Var5,Var11,inf,nan,nan,nan,0.11417441266582415,0.0031874495901169273
Var5,Var12,inf,nan,nan,nan,-0.24347979873126976,0.0034420018733618825
Var5,Var13,inf,nan,nan,nan,0.3132999897872919,0.002575669276967469
Var5,Var14,inf,nan,nan,nan,-0.1437188758467132,0.003120053127773926
Var5,Var15,-inf,nan,nan,nan,0.6664235877294575,0.0019904617652103432
Var5,Var16,inf,nan,nan,nan,-0.2504808021384585,0.0027316263244857053
Var5,Var17,-inf,nan,nan,nan,-0.12363398600302841,0.002734173199112553
Var5,Var18,inf,nan,nan,nan,-0.3149525521654642,0.0028560075167029676
Var5,Var19,-inf,nan,nan,nan,0.0023957944999070087,0.003791871259285428
Var5,Var20,-inf,nan,nan,nan,0.00851611134521565,0.002884667620948673
Var5,Var21,-inf,nan,nan,nan,0.014517665507029045,0.004323776222528793
Var5,Var22,inf,nan,nan,nan,-0.04140951882305007,0.002563686680025714
Var5,Var23,inf,nan,nan,nan,0.04193076477018249,0.003189120219465468
Var5,Var24,nan,nan,nan,nan,-0.01869447869226159,0.0025643278704241407
Var5,Var25,inf,nan,nan,nan,-0.05355917299634201,0.004267717788555637
Var5,Var26,-inf,nan,nan,nan,0.015421815229614583,0.0027616254114937776
Var5,Var27,-inf,nan,nan,nan,0.008737877144241832,0.0031788454587587216
Var5,Var28,nan,nan,nan,nan,0.02281374082007446,0.002587927565384681
Var5,Var29,-inf,nan,nan,nan,0.05706139905100735,0.004201729698413229
Var5,Var30,-inf,nan,nan,nan,0.05704031803585074,0.002986197867043505
Var5,Var31,-inf,nan,nan,nan,-0.059349273284755345,0.004076893498582421
Var5,Var32,-inf,nan,nan,nan,0.0033328221278403707,0.002762806003256212
Var5,Var33,inf,nan,nan,nan,-0.0001343887642716264,0.004114628420187177
Var5,Var34,inf,nan,nan,nan,0.007852026136118405,0.002825658971259633
Var5,Var35,inf,nan,nan,nan,-0.004528618469486942,0.004365365266767752
Var5,Var36,inf,nan,nan,nan,-0.09857527044813835,0.0051936669789363265
Var6,Var1,inf,nan,nan,nan,0.08551512315792091,0.002684541770575914
Var6,Var2,inf,nan,nan,nan,-0.0061006123951215345,0.0030157582930765187
Var6,Var3,inf,nan,nan,nan,0.12869863521454653,0.0029427685770443248
Var6,Var4,-inf,nan,nan,nan,-0.003464777563212864,0.0031632745008608456
Var6,Var5,inf,nan,nan,nan,0.1376061939617453,0.0027355612295772666
Var6,Var6,-inf,nan,nan,nan,1.0,0.0
Var6,Var7,inf,nan,nan,nan,-0.0026686546870847323,0.0035335156927948736
Var6,Var8,-inf,nan,nan,nan,-0.42722559573136143,0.002202516667791178
Var6,Var9,inf,nan,nan,nan,-0.18415694142058328,0.0029045375241314574
Var6,Var10,inf,nan,nan,nan,0.1591941542036098,0.003116054524763486
Var6,Var11,inf,nan,nan,nan,0.0730718628485112,0.003146866255730142
Var6,Var12,inf,nan,nan,nan,0.06984725071556984,0.003219704879417729
Var6,Var13,inf,nan,nan,nan,0.07207640051931419,0.0027170356005580816
Var6,Var14,inf,nan,nan,nan,0.0071836740957483556,0.003518008169129131
Var6,Var15,-inf,nan,nan,nan,0.5682635301069827,0.0017422533127305568
Var6,Var16,-inf,nan,nan,nan,0.6939488128494812,0.0018448369713842453
Var6,Var17,inf,nan,nan,nan,-0.2517679877389837,0.003166349721129895
Var6,Var18,-inf,nan,nan,nan,-0.3514930847941972,0.0028240461075591844
Var6,Var19,inf,nan,nan,nan,-0.22584595250740752,0.002910558194064162
Var6,Var20,inf,nan,nan,nan,0.12849480894289894,0.0030847881529644794
Var6,Var21,-inf,nan,nan,nan,0.037775288282232915,0.002950281593964909
Var6,Var22,nan,nan,nan,nan,0.09415611302906125,0.003217536640399664
Var6,Var23,nan,nan,nan,nan,-0.08030937815886224,0.0033705614621459845
Var6,Var24,nan,nan,nan,nan,0.08259532071210157,0.003293735381479971
Var6,Var25,inf,nan,nan,nan,-0.038939184210313345,0.0028971543988826854
Var6,Var26,-inf,nan,nan,nan,-0.10677690868106786,0.0029665846253529933
Var6,Var27,nan,nan,nan,nan,0.026898062132621234,0.003234260160274316
Var6,Var28,nan,nan,nan,nan,-0.11288252094493978,0.0032311186593522393
Var6,Var29,inf,nan,nan,nan,0.037489936115921656,0.002952501850724015
Var6,Var30,inf,nan,nan,nan,0.14296433714034062,0.0029211685798203532
Var6,Var31,inf,nan,nan,nan,-0.048702301021814096,0.002981951314509986
Var6,Var32,inf,nan,nan,nan,-0.12380286419696515,0.0029543196499821687
Var6,Var33,inf,nan,nan,nan,0.04513298823509023,0.0029490090917744798
Var6,Var34,inf,nan,nan,nan,0.07540149668552516,0.0031986051872947632
Var6,Var35,inf,nan,nan,nan,0.024926164393154038,0.0029632271707302786
Var6,Var36,-inf,nan,nan,nan,-0.03986390705878727,0.003064544133360006
Var7,Var1,-inf,nan,nan,nan,0.010766004364570723,0.002808602743091155
Var7,Var2,-inf,nan,nan,nan,-0.10489503227655377,0.0032569697789925607
Var7,Var3,-inf,nan,nan,nan,-0.32933042070657564,0.003100683343557386
Var7,Var4,-inf,nan,nan,nan,-0.1684818675188057,0.0031591875294756672
Var7,Var5,inf,nan,nan,nan,-0.03860694263644791,0.003205876387909982
Var7,Var6,-inf,nan,nan,nan,-0.0026686546870847323,0.0035335156927948736
Var7,Var7,-inf,nan,nan,nan,1.0,0.0
Var7,Var8,-inf,nan,nan,nan,0.13641229449056524,0.0029921290901719203
Var7,Var9,-inf,nan,nan,nan,-0.011363827958427029,0.0028068666615893956
Var7,Var10,inf,nan,nan,nan,0.025064316895605825,0.0035674234709223646
Var7,Var11,-inf,nan,nan,nan,0.10665138568057031,0.0028039838759676876
Var7,Var12,-inf,nan,nan,nan,-0.16729015405877692,0.0033304034460182185
Var7,Var13,-inf,nan,nan,nan,-0.12641783393407968,0.0031687315818556792
Var7,Var14,-inf,nan,nan,nan,-0.23618646918293426,0.0028715467774806307
Var7,Var15,-inf,nan,nan,nan,-0.1608831692491282,0.003674613488246659
Var7,Var16,inf,nan,nan,nan,0.07229868620112492,0.003249357945035296
Var7,Var17,-inf,nan,nan,nan,0.7728191078450869,0.00131432777871055
Var7,Var18,inf,nan,nan,nan,-0.220192422618449,0.002791433180829873
Var7,Var19,-inf,nan,nan,nan,-0.04561805597708169,0.0026803510228883974
Var7,Var20,inf,nan,nan,nan,0.13685565965818508,0.003153359764800291
Var7,Var21,inf,nan,nan,nan,0.016524744740938853,0.003681021280119566
Var7,Var22,-inf,nan,nan,nan,0.018071792268536373,0.003340394303111572
Var7,Var23,inf,nan,nan,nan,-0.007722538210285174,0.00327983607486768
Var7,Var24,nan,nan,nan,nan,0.023894810682892974,0.003360098363916675
Var7,Var25,nan,nan,nan,nan,0.06695670794299033,0.0038478239289505205
Var7,Var26,inf,nan,nan,nan,-0.020940837274070645,0.0033394191478347507
Var7,Var27,inf,nan,nan,nan,-0.023734510207145447,0.002979502908383989
Var7,Var28,nan,nan,nan,nan,0.04792764742650135,0.003258257165087574
Var7,Var29,-inf,nan,nan,nan,-0.06716176688633779,0.003870161693498023
Var7,Var30,-inf,nan,nan,nan,-0.0146089722288529,0.003228424404275509
Var7,Var31,-inf,nan,nan,nan,0.0941757732362038,0.003930188126215204
Var7,Var32,-inf,nan,nan,nan,-0.012978431714389492,0.003297014621370382
Var7,Var33,inf,nan,nan,nan,0.016154237254524657,0.003679852350960575
Var7,Var34,-inf,nan,nan,nan,0.0110667126060466,0.0033820935737815866
Var7,Var35,inf,nan,nan,nan,0.05289885037453638,0.003539715398049137
Var7,Var36,-inf,nan,nan,nan,-0.05999758484500477,0.0037611271071335594
Var8,Var1,inf,nan,nan,nan,-0.14267301919659556,0.0028655397214155153
Var8,Var2,inf,nan,nan,nan,0.04226517830380418,0.002799007122878834
Var8,Var3,inf,nan,nan,nan,-0.09738575588119458,0.003223453175677233
Var8,Var4,inf,nan,nan,nan,0.01917823304771793,0.0035718316560607644
Var8,Var5,inf,nan,nan,nan,-0.26469881549936286,0.002812795015781407
Var8,Var6,inf,nan,nan,nan,-0.42722559573136143,0.002202516667791178
Var8,Var7,-inf,nan,nan,nan,0.13641229449056524,0.0029921290901719203
Var8,Var8,-inf,nan,nan,nan,1.0,0.0
Var8,Var9,-inf,nan,nan,nan,-0.13852639884760892,0.003335548210521028
Var8,Var10,-inf,nan,nan,nan,-0.019107210465516212,0.0034108960417676038
Var8,Var11,inf,nan,nan,nan,-0.2185850737626608,0.0031416587666894865
Var8,Var12,inf,nan,nan,nan,-0.05140459836254809,0.002836401434175013
Var8,Var13,inf,nan,nan,nan,-0.02435708321957535,0.0032842350136013105
Var8,Var14,inf,nan,nan,nan,0.035822610231703765,0.0032258241961282052
Var8,Var15,inf,nan,nan,nan,-0.3377739704722347,0.0026465241373669936
Var8,Var16,inf,nan,nan,nan,-0.21774786061579277,0.0029336763148614144
Var8,Var17,inf,nan,nan,nan,0.4953081658102182,0.0025309027752697237
Var8,Var18,inf,nan,nan,nan,0.7862488968762881,0.0010089101554114199
Var8,Var19,-inf,nan,nan,nan,-0.12490774087696814,0.0033895979160763435
Var8,Var20,inf,nan,nan,nan,0.08463980793402869,0.0034434905835035792
Var8,Var21,inf,nan,nan,nan,-0.010768172390955538,0.003385250665675285
Var8,Var22,-inf,nan,nan,nan,0.0604933852206115,0.002771979541533768
Var8,Var23,inf,nan,nan,nan,-0.05955680437535177,0.0033389565123407186
Var8,Var24,nan,nan,nan,nan,0.0071493342840415275,0.002822015112698823
Var8,Var25,nan,nan,nan,nan,0.018841059465642844,0.003221613678949866
Var8,Var26,inf,nan,nan,nan,0.03871353446727623,0.0027841823894135666
Var8,Var27,nan,nan,nan,nan,-0.027283472917021517,0.003118528049879193
Var8,Var28,nan,nan,nan,nan,0.038050584670408075,0.002855214298347104
Var8,Var29,-inf,nan,nan,nan,-0.012973093857080618,0.0033217203248080813
Var8,Var30,inf,nan,nan,nan,-0.07688786898351158,0.0028119255488321935
Var8,Var31,-inf,nan,nan,nan,0.03649796294817656,0.003336048914699734
Var8,Var32,inf,nan,nan,nan,0.044282837189514784,0.0027458508062268095
Var8,Var33,inf,nan,nan,nan,0.010853305910318517,0.0032323274943774536
Var8,Var34,-inf,nan,nan,nan,0.02382845556274295,0.002994976667831857
Var8,Var35,-inf,nan,nan,nan,0.003997787820971335,0.003361193165008728
Var8,Var36,-inf,nan,nan,nan,0.08303095413713293,0.0034043162035263938
Var9,Var1,inf,nan,nan,nan,0.368898761977306,0.00279310566242958
Var9,Var2,inf,nan,nan,nan,-0.08648979778327455,0.0031852218410402485
Var9,Var3,inf,nan,nan,nan,0.09180754040109829,0.003006219157937104
Var9,Var4,-inf,nan,nan,nan,-0.019256299329415645,0.002668131896930835
Var9,Var5,-inf,nan,nan,nan,0.09069666876416463,0.0032646171061197268
Var9,Var6,-inf,nan,nan,nan,-0.18415694142058328,0.0029045375241314574
Var9,Var7,-inf,nan,nan,nan,-0.011363827958427029,0.0028068666615893956
Var9,Var8,inf,nan,nan,nan,-0.13852639884760892,0.003335548210521028
Var9,Var9,-inf,nan,nan,nan,1.0,0.0
Var9,Var10,inf,nan,nan,nan,-0.07746828996588677,0.0031559743172227092
Var9,Var11,inf,nan,nan,nan,0.23420306085159265,0.0033250583728566033
Var9,Var12,-inf,nan,nan,nan,-0.02586473074213978,0.0031574986384483774
Var9,Var13,inf,nan,nan,nan,0.15115669465227324,0.003105883435021398
Var9,Var14,-inf,nan,nan,nan,-0.08719225193860047,0.003177409154929407
Var9,Var15,-inf,nan,nan,nan,0.06899852156336457,0.002957284263954303
Var9,Var16,-inf,nan,nan,nan,-0.04241046801214331,0.0028000898493173608
Var9,Var17,inf,nan,nan,nan,-0.048354150364724575,0.0029954306130804227
Var9,Var18,inf,nan,nan,nan,-0.1824267387144333,0.003196872356499804
Var9,Var19,inf,nan,nan,nan,0.9151634625391756,0.0004534118457603582
Var9,Var20,inf,nan,nan,nan,-0.27158479961206694,0.003060744103121427
Var9,Var21,inf,nan,nan,nan,0.0023780444095805654,0.0027037177507514406
Var9,Var22,inf,nan,nan,nan,0.09587425324163146,0.003521445575154538
Var9,Var23,inf,nan,nan,nan,-0.036416765979001384,0.003230484070297797
Var9,Var24,nan,nan,nan,nan,0.027944333967177475,0.0033448141218763556
Var9,Var25,inf,nan,nan,nan,0.020008635385800982,0.0025399231234800195
Var9,Var26,nan,nan,nan,nan,-0.03974320370593083,0.003167014987745883
Var9,Var27,-inf,nan,nan,nan,-0.08480066945412366,0.003221675546570819
Var9,Var28,nan,nan,nan,nan,-0.007942901794015569,0.0032919922212939143
Var9,Var29,inf,nan,nan,nan,-0.01210533267177999,0.00262480371716813
Var9,Var30,-inf,nan,nan,nan,0.027193408129458654,0.0032451930438593666
Var9,Var31,inf,nan,nan,nan,0.035948119190865525,0.002619474160492136
Var9,Var32,inf,nan,nan,nan,-0.0338468083568525,0.0031824832750343033
Var9,Var33,inf,nan,nan,nan,0.02094565909277944,0.0026929760396351273
Var9,Var34,inf,nan,nan,nan,0.06625372064477171,0.003451380932376216
Var9,Var35,-inf,nan,nan,nan,-0.0013707699379843328,0.002738155467851609
Var9,Var36,-inf,nan,nan,nan,0.045155295399672245,0.0026753730029343862
Var10,Var1,inf,nan,nan,nan,-0.22972805917103814,0.0031768417618445203
Var10,Var2,-inf,nan,nan,nan,0.2332176325817854,0.0026207930216120643
Var10,Var3,-inf,nan,nan,nan,-0.03819297026231754,0.0037197394578972584
Var10,Var4,inf,nan,nan,nan,0.08575204564859167,0.003003681854460784
Var10,Var5,inf,nan,nan,nan,0.09978260831630091,0.002765484536090877
Var10,Var6,inf,nan,nan,nan,0.1591941542036098,0.003116054524763486
Var10,Var7,-inf,nan,nan,nan,0.025064316895605825,0.0035674234709223646
Var10,Var8,-inf,nan,nan,nan,-0.019107210465516212,0.0034108960417676038
Var10,Var9,-inf,nan,nan,nan,-0.07746828996588677,0.0031559743172227092
Var10,Var10,-inf,nan,nan,nan,1.0,0.0
Var10,Var11,inf,nan,nan,nan,-0.11699493782585196,0.0032956528048326407
Var10,Var12,-inf,nan,nan,nan,0.16560012496830384,0.002671415243343017
Var10,Var13,-inf,nan,nan,nan,-0.17917893363164203,0.003088858627748098
Var10,Var14,-inf,nan,nan,nan,-0.047385790740738454,0.0032489607340040493
Var10,Var15,inf,nan,nan,nan,0.1940080383861487,0.0029832765717138303
Var10,Var16,-inf,nan,nan,nan,0.2102732318583343,0.0032397311027145713
Var10,Var17,-inf,nan,nan,nan,-0.0895599525497762,0.0038670857074071946
Var10,Var18,-inf,nan,nan,nan,0.024884358970875004,0.0032323054032788842
Var10,Var19,inf,nan,nan,nan,0.009623216511547955,0.00345339053367847
Var10,Var20,inf,nan,nan,nan,0.8889510916284076,0.0005392478617938473
Var10,Var21,nan,nan,nan,nan,-0.006397857740737561,0.00375609455849771
Var10,Var22,-inf,nan,nan,nan,-0.04576841776008672,0.00315883886317356
Var10,Var23,inf,nan,nan,nan,-0.0488966138071817,0.0034097211631173695
Var10,Var24,nan,nan,nan,nan,-0.028503745965270652,0.0030599607873593054
Var10,Var25,-inf,nan,nan,nan,-0.02103709717261459,0.00386614537454278
Var10,Var26,inf,nan,nan,nan,0.024729498164496197,0.0032214772665419993
Var10,Var27,nan,nan,nan,nan,-0.05323075010201353,0.0033536122288867817
Var10,Var28,nan,nan,nan,nan,-0.0332380548947447,0.0031562028675578796
Var10,Var29,-inf,nan,nan,nan,0.02681439541698016,0.0038981105942424263
Var10,Var30,inf,nan,nan,nan,0.04273016119232443,0.0031632231629151477
Var10,Var31,inf,nan,nan,nan,-0.05218095583400559,0.0038359206760065117
Var10,Var32,inf,nan,nan,nan,0.01449337218469901,0.0032403652771984255
Var10,Var33,inf,nan,nan,nan,0.008639195947215681,0.0035569938573238144
Var10,Var34,-inf,nan,nan,nan,-0.01227452264391478,0.0031512818750811726
Var10,Var35,-inf,nan,nan,nan,-0.04106059323126591,0.003624719990649526
Var10,Var36,-inf,nan,nan,nan,0.013831433617985925,0.003683325624527697
Var11,Var1,-inf,nan,nan,nan,0.6679157837716168,0.0016717090885122509
Var11,Var2,inf,nan,nan,nan,0.02358250101710239,0.0031753142193999754
Var11,Var3,inf,nan,nan,nan,0.009875881900502608,0.0028166012378456223
Var11,Var4,-inf,nan,nan,nan,-0.2966979072567899,0.0027190429373498306
Var11,Var5,inf,nan,nan,nan,0.11417441266582415,0.0031874495901169273
Var11,Var6,inf,nan,nan,nan,0.0730718628485112,0.003146866255730142
Var11,Var7,inf,nan,nan,nan,0.10665138568057031,0.0028039838759676876
Var11,Var8,inf,nan,nan,nan,-0.2185850737626608,0.0031416587666894865
Var11,Var9,inf,nan,nan,nan,0.23420306085159265,0.0033250583728566033
Var11,Var10,-inf,nan,nan,nan,-0.11699493782585196,0.0032956528048326407
Var11,Var11,-inf,nan,nan,nan,1.0,0.0
Var11,Var12,inf,nan,nan,nan,0.050169516890450495,0.003080697249436031
Var11,Var13,-inf,nan,nan,nan,0.0515644056295487,0.0032593929177225896
Var11,Var14,-inf,nan,nan,nan,-0.262487597356908,0.0026780387561443834
Var11,Var15,-inf,nan,nan,nan,-0.0354553235748836,0.0030158019329381094
Var11,Var16,-inf,nan,nan,nan,-0.028330029858844974,0.0031191713072335754
Var11,Var17,-inf,nan,nan,nan,0.02116027382533985,0.0029323111956926886
Var11,Var18,inf,nan,nan,nan,-0.2601986218746802,0.003054302706853438
Var11,Var19,inf,nan,nan,nan,0.2771420311411593,0.0034522096937464487
Var11,Var20,-inf,nan,nan,nan,-0.11454071775255946,0.0033692791249956065
Var11,Var21,inf,nan,nan,nan,0.00704633792708739,0.002999980246847377
Var11,Var22,nan,nan,nan,nan,-0.023336403697109768,0.003289666102181707
Var11,Var23,inf,nan,nan,nan,-0.033886673852345534,0.003081350752707642
Var11,Var24,nan,nan,nan,nan,-0.009410637740720965,0.0033898416136549946
Var11,Var25,-inf,nan,nan,nan,-0.04191715465494984,0.0031817956810440465
Var11,Var26,inf,nan,nan,nan,0.01351295923707784,0.003381156080864924
Var11,Var27,nan,nan,nan,nan,0.044616235059275984,0.0031605323555516343
Var11,Var28,nan,nan,nan,nan,0.0476246515338039,0.0034874658312821242
Var11,Var29,-inf,nan,nan,nan,0.03423551315197983,0.003216131755996657
Var11,Var30,inf,nan,nan,nan,-0.051011452128479025,0.0033431133797875755
Var11,Var31,-inf,nan,nan,nan,-0.02777994657304773,0.00326317590028872
Var11,Var32,-inf,nan,nan,nan,0.013929550483886608,0.0033433020628816598
Var11,Var33,inf,nan,nan,nan,0.00967355243400932,0.0030036391960744594
Var11,Var34,-inf,nan,nan,nan,-0.015953339234839506,0.0033075330540155387
Var11,Var35,inf,nan,nan,nan,0.01342105921642269,0.002893020343869641
Var11,Var36,inf,nan,nan,nan,-0.033897029538234084,0.0029755330395447852
Var12,Var1,-inf,nan,nan,nan,0.09553173109087769,0.003267309599364547
Var12,Var2,-inf,nan,nan,nan,0.9521794392708193,0.0002730685292652374
Var12,Var3,-inf,nan,nan,nan,0.2833500023621494,0.0028829004016892247
Var12,Var4,inf,nan,nan,nan,0.2464132688222677,0.0026926678629437544
Var12,Var5,-inf,nan,nan,nan,-0.24347979873126976,0.0034420018733618825
Var12,Var6,inf,nan,nan,nan,0.06984725071556984,0.003219704879417729
Var12,Var7,-inf,nan,nan,nan,-0.16729015405877692,0.0033304034460182185
Var12,Var8,-inf,nan,nan,nan,-0.05140459836254809,0.002836401434175013
Var12,Var9,-inf,nan,nan,nan,-0.02586473074213978,0.0031574986384483774
Var12,Var10,-inf,nan,nan,nan,0.16560012496830384,0.002671415243343017
Var12,Var11,-inf,nan,nan,nan,0.050169516890450495,0.003080697249436031
Var12,Var12,-inf,nan,nan,nan,1.0,0.0
Var12,Var13,inf,nan,nan,nan,-0.41179429128129574,0.002415642571800635
Var12,Var14,inf,nan,nan,nan,0.35652197542791925,0.002568339994919378
Var12,Var15,-inf,nan,nan,nan,-0.0978809670789074,0.0031100658090384243
Var12,Var16,-inf,nan,nan,nan,0.06648638181043641,0.0026250853840805595
Var12,Var17,-inf,nan,nan,nan,-0.42882235167486127,0.002563550039961667
Var12,Var18,inf,nan,nan,nan,0.3191473712287073,0.0026189230855729333
Var12,Var19,-inf,nan,nan,nan,0.11990709080807381,0.0032099753012211707
Var12,Var20,-inf,nan,nan,nan,0.18752204565866654,0.00323250688693965
Var12,Var21,-inf,nan,nan,nan,-0.005022836418074284,0.0044133414046472206
Var12,Var22,-inf,nan,nan,nan,0.04244039609903496,0.003215367582545119
Var12,Var23,-inf,nan,nan,nan,-0.044475767370637805,0.0033252689777636957
Var12,Var24,nan,nan,nan,nan,0.04590752134159098,0.003119303948228974
Var12,Var25,nan,nan,nan,nan,-0.02314119131886158,0.004191773445028579
Var12,Var26,inf,nan,nan,nan,0.05341366204408033,0.0032821515776734244
Var12,Var27,nan,nan,nan,nan,-0.11484157126602289,0.003575274487185292
Var12,Var28,nan,nan,nan,nan,-0.007548384145953083,0.0031302159450423903
Var12,Var29,-inf,nan,nan,nan,0.02912080451603769,0.004186131561281592
Var12,Var30,inf,nan,nan,nan,-0.059809350147632265,0.003377591248703732
Var12,Var31,-inf,nan,nan,nan,-0.04720434264604565,0.004089737370789409
Var12,Var32,inf,nan,nan,nan,0.05384720379851999,0.003258000896642133
Var12,Var33,inf,nan,nan,nan,-0.0017654278248512784,0.004238483398375581
Var12,Var34,inf,nan,nan,nan,0.04954451383800589,0.003083204320241781
Var12,Var35,inf,nan,nan,nan,-0.007325602649584005,0.004450519111317189
Var12,Var36,-inf,nan,nan,nan,0.08125519067464662,0.0049006743479567925
Var13,Var1,inf,nan,nan,nan,0.10306950682188562,0.003438526387685383
Var13,Var2,inf,nan,nan,nan,-0.6077971181489051,0.0020484959822606144
Var13,Var3,-inf,nan,nan,nan,0.7218020791737054,0.001361419208882801
Var13,Var4,inf,nan,nan,nan,-0.045122834774298945,0.003119250815625453
Var13,Var5,-inf,nan,nan,nan,0.3132999897872919,0.002575669276967469
Var13,Var6,inf,nan,nan,nan,0.07207640051931419,0.0027170356005580816
Var13,Var7,-inf,nan,nan,nan,-0.12641783393407968,0.0031687315818556792
Var13,Var8,-inf,nan,nan,nan,-0.02435708321957535,0.0032842350136013105
Var13,Var9,-inf,nan,nan,nan,0.15115669465227324,0.003105883435021398
Var13,Var10,inf,nan,nan,nan,-0.17917893363164203,0.003088858627748098
Var13,Var11,inf,nan,nan,nan,0.0515644056295487,0.0032593929177225896
Var13,Var12,inf,nan,nan,nan,-0.41179429128129574,0.002415642571800635
Var13,Var13,inf,nan,nan,nan,1.0,0.0
Var13,Var14,-inf,nan,nan,nan,0.0414296842893194,0.0027562078237283985
Var13,Var15,inf,nan,nan,nan,0.34292724474937664,0.0022922441243329746
Var13,Var16,-inf,nan,nan,nan,-0.07888775262642589,0.002808368817469155
Var13,Var17,-inf,nan,nan,nan,-0.06726779310150462,0.003200276216609061
Var13,Var18,-inf,nan,nan,nan,-0.30373461863398704,0.002920013638824346
Var13,Var19,-inf,nan,nan,nan,0.04016146468294269,0.00313046396734418
Var13,Var20,inf,nan,nan,nan,-0.27723340353017,0.0029669201362685954
Var13,Var21,inf,nan,nan,nan,0.15915288258463825,0.0028800318311790188
Var13,Var22,-inf,nan,nan,nan,0.003640331638220398,0.003283355927572763
Var13,Var23,inf,nan,nan,nan,-0.08445411040275005,0.003393556123752779
Var13,Var24,nan,nan,nan,nan,-0.02265776631202352,0.003096227182230616
Var13,Var25,inf,nan,nan,nan,-0.07264596828368526,0.003055505679694527
Var13,Var26,nan,nan,nan,nan,-0.05450681171862993,0.0031589652076077393
Var13,Var27,nan,nan,nan,nan,0.08496929320167158,0.003151960703137736
Var13,Var28,nan,nan,nan,nan,-0.04858903311716133,0.002975686514700294
Var13,Var29,inf,nan,nan,nan,0.08689828369216411,0.003078039054991582
Var13,Var30,inf,nan,nan,nan,0.027121046752484387,0.003284047180857227
Var13,Var31,inf,nan,nan,nan,-0.08553618389221143,0.0031292031524690917
Var13,Var32,inf,nan,nan,nan,-0.052739665865245575,0.003156727094285899
Var13,Var33,inf,nan,nan,nan,0.15906852805891425,0.0028824195109597873
Var13,Var34,-inf,nan,nan,nan,-0.004712777187794345,0.003146716863466186
Var13,Var35,-inf,nan,nan,nan,0.14281590319315973,0.002882261025485176
Var13,Var36,inf,nan,nan,nan,-0.04412143104949983,0.0031222333503871523
Var14,Var1,-inf,nan,nan,nan,-0.12248623212437133,0.003258379078718318
Var14,Var2,-inf,nan,nan,nan,0.23278096814055968,0.0028002964922477316
Var14,Var3,inf,nan,nan,nan,0.3862409843451972,0.0025679709647536764
Var14,Var4,inf,nan,nan,nan,0.8245066070816758,0.0009388420608230655
Var14,Var5,inf,nan,nan,nan,-0.1437188758467132,0.003120053127773926
Var14,Var6,inf,nan,nan,nan,0.0071836740957483556,0.003518008169129131
Var14,Var7,-inf,nan,nan,nan,-0.23618646918293426,0.0028715467774806307
Var14,Var8,inf,nan,nan,nan,0.035822610231703765,0.0032258241961282052
Var14,Var9,inf,nan,nan,nan,-0.08719225193860047,0.003177409154929407
Var14,Var10,inf,nan,nan,nan,-0.047385790740738454,0.0032489607340040493
Var14,Var11,inf,nan,nan,nan,-0.262487597356908,0.0026780387561443834
Var14,Var12,-inf,nan,nan,nan,0.35652197542791925,0.002568339994919378
Var14,Var13,inf,nan,nan,nan,0.0414296842893194,0.0027562078237283985
Var14,Var14,-inf,nan,nan,nan,1.0,0.0
Var14,Var15,-inf,nan,nan,nan,-0.007194703631434779,0.0033613083032578445
Var14,Var16,-inf,nan,nan,nan,-0.020603922279379343,0.0031282741120389136
Var14,Var17,-inf,nan,nan,nan,-0.26440876307920563,0.002886898738654274
Var14,Var18,-inf,nan,nan,nan,0.0548011030193665,0.0028744524674158486
Var14,Var19,inf,nan,nan,nan,-0.029249791184610817,0.0030179114995690474
Var14,Var20,inf,nan,nan,nan,-0.07539347784615277,0.0030277856201201716
Var14,Var21,inf,nan,nan,nan,0.11417630542220047,0.0032128087268605936
Var14,Var22,inf,nan,nan,nan,0.001752489957607423,0.003283167603931451
Var14,Var23,-inf,nan,nan,nan,-0.05958401269828813,0.002751684836848256
Var14,Var24,nan,nan,nan,nan,-0.0101806759829553,0.0035296418825535424
Var14,Var25,nan,nan,nan,nan,0.158463963669978,0.00286207252476909
Var14,Var26,inf,nan,nan,nan,0.01418647649826523,0.0031512860126542246
Var14,Var27,-inf,nan,nan,nan,-0.09936176933084576,0.002934277504518772
Var14,Var28,nan,nan,nan,nan,-0.010005530621348705,0.0034814855912019974
Var14,Var29,-inf,nan,nan,nan,-0.13260492839289323,0.0029443377571557734
Var14,Var30,-inf,nan,nan,nan,-0.01580734245427906,0.0031351183882179848
Var14,Var31,inf,nan,nan,nan,0.13519987802094055,0.002970762248921222
Var14,Var32,inf,nan,nan,nan,0.01313248939836662,0.0031506085787103406
Var14,Var33,inf,nan,nan,nan,0.12934816475418656,0.0031141244256727425
Var14,Var34,inf,nan,nan,nan,0.006348906836184191,0.0032387387918528816
Var14,Var35,inf,nan,nan,nan,0.12756163804600384,0.0031248777588890196
Var14,Var36,inf,nan,nan,nan,0.04421791953347664,0.0031024271466103997
Var15,Var1,inf,nan,nan,nan,-0.07746690634557855,0.002993538651614435
Var15,Var2,-inf,nan,nan,nan,-0.19775957810186598,0.0027457844682511894
Var15,Var3,-inf,nan,nan,nan,0.2965476075472922,0.002978557608153068
Var15,Var4,inf,nan,nan,nan,-0.027275856790279232,0.003370258504708927
Var15,Var5,inf,nan,nan,nan,0.6664235877294575,0.0019904617652103432
Var15,Var6,inf,nan,nan,nan,0.5682635301069827,0.0017422533127305568
Var15,Var7,inf,nan,nan,nan,-0.1608831692491282,0.003674613488246659
Var15,Var8,-inf,nan,nan,nan,-0.3377739704722347,0.0026465241373669936
Var15,Var9,inf,nan,nan,nan,0.06899852156336457,0.002957284263954303
Var15,Var10,inf,nan,nan,nan,0.1940080383861487,0.0029832765717138303
Var15,Var11,inf,nan,nan,nan,-0.0354553235748836,0.0030158019329381094
Var15,Var12,-inf,nan,nan,nan,-0.0978809670789074,0.0031100658090384243
Var15,Var13,-inf,nan,nan,nan,0.34292724474937664,0.0022922441243329746
Var15,Var14,inf,nan,nan,nan,-0.007194703631434779,0.0033613083032578445
Var15,Var15,-inf,nan,nan,nan,1.0,0.0
Var15,Var16,inf,nan,nan,nan,0.2639689351547523,0.002801270152047071
Var15,Var17,inf,nan,nan,nan,-0.30175272370980527,0.0025689784876583624
Var15,Var18,-inf,nan,nan,nan,-0.29706097422504973,0.0029815030314786274
Var15,Var19,-inf,nan,nan,nan,-0.04867625453689509,0.0028863383830653924
Var15,Var20,inf,nan,nan,nan,0.05593229006793199,0.0029445090851615463
Var15,Var21,inf,nan,nan,nan,0.05046622984445788,0.0038187825153231077
Var15,Var22,-inf,nan,nan,nan,0.08331806793639712,0.0028458156270262914
Var15,Var23,inf,nan,nan,nan,-0.034844770555154385,0.0034829245487684583
Var15,Var24,nan,nan,nan,nan,0.08312873009417154,0.002744402489749572
Var15,Var25,inf,nan,nan,nan,-0.07513469925054365,0.00402302685200648
Var15,Var26,-inf,nan,nan,nan,-0.005592071374718961,0.002831828621553288
Var15,Var27,inf,nan,nan,nan,-0.05573010941816176,0.0032706493841540324
Var15,Var28,nan,nan,nan,nan,-0.0422635640142749,0.0028029411757077433
Var15,Var29,inf,nan,nan,nan,0.08547860861635727,0.004011182121055012
Var15,Var30,-inf,nan,nan,nan,0.08790045975658421,0.002766517603103683
Var15,Var31,inf,nan,nan,nan,-0.09097158550784429,0.003951832909372733
Var15,Var32,-inf,nan,nan,nan,-0.02833015038435286,0.0028234490810247707
Var15,Var33,-inf,nan,nan,nan,0.049731936843368,0.0037179092043964804
Var15,Var34,-inf,nan,nan,nan,0.10001883361870678,0.0028804290115634857
Var15,Var35,inf,nan,nan,nan,0.012171266924819879,0.003806946823630185
Var15,Var36,-inf,nan,nan,nan,-0.05816315064464248,0.004689231299492015
Var16,Var1,-inf,nan,nan,nan,-0.06796698267319787,0.0026736945455527053
Var16,Var2,inf,nan,nan,nan,0.061190155868672304,0.002672767119057146
Var16,Var3,inf,nan,nan,nan,-0.03792864030827904,0.00301333954902718
Var16,Var4,-inf,nan,nan,nan,0.08136198229977018,0.0031457270189061896
Var16,Var5,inf,nan,nan,nan,-0.2504808021384585,0.0027316263244857053
Var16,Var6,-inf,nan,nan,nan,0.6939488128494812,0.0018448369713842453
Var16,Var7,inf,nan,nan,nan,0.07229868620112492,0.003249357945035296
Var16,Var8,inf,nan,nan,nan,-0.21774786061579277,0.0029336763148614144
Var16,Var9,inf,nan,nan,nan,-0.04241046801214331,0.0028000898493173608
Var16,Var10,-inf,nan,nan,nan,0.2102732318583343,0.0032397311027145713
Var16,Var11,-inf,nan,nan,nan,-0.028330029858844974,0.0031191713072335754
Var16,Var12,-inf,nan,nan,nan,0.06648638181043641,0.0026250853840805595
Var16,Var13,inf,nan,nan,nan,-0.07888775262642589,0.002808368817469155
Var16,Var14,inf,nan,nan,nan,-0.020603922279379343,0.0031282741120389136
Var16,Var15,inf,nan,nan,nan,0.2639689351547523,0.002801270152047071
Var16,Var16,-inf,nan,nan,nan,1.0,0.0
Var16,Var17,-inf,nan,nan,nan,-0.07557214833536284,0.0033411786297293197
Var16,Var18,inf,nan,nan,nan,-0.14570661202347784,0.003202655554964193
Var16,Var19,inf,nan,nan,nan,0.01899764090945758,0.0030243204191893747
Var16,Var20,-inf,nan,nan,nan,0.09929517465767738,0.00311560980444174
Var16,Var21,inf,nan,nan,nan,-0.034868197492260146,0.0032830925234115
Var16,Var22,-inf,nan,nan,nan,0.16761976134593246,0.003351271817174594
Var16,Var23,-inf,nan,nan,nan,-0.138607281462343,0.003076419247975717
Var16,Var24,nan,nan,nan,nan,0.11369277235798082,0.003379555876606118
Var16,Var25,inf,nan,nan,nan,-0.01233233643262914,0.0032628519753313185
Var16,Var26,inf,nan,nan,nan,-0.19060619647172505,0.0029795699082498382
Var16,Var27,-inf,nan,nan,nan,0.023646812813719397,0.0031852925351645244
Var16,Var28,nan,nan,nan,nan,-0.20792341605250295,0.0030549960387285945
Var16,Var29,-inf,nan,nan,nan,0.004889605473142469,0.003296077084975877
Var16,Var30,-inf,nan,nan,nan,0.17842750787875927,0.0031070391631818754
Var16,Var31,-inf,nan,nan,nan,-0.007410506631507539,0.0032771843978918994
Var16,Var32,inf,nan,nan,nan,-0.20010406209293377,0.002953856846881669
Var16,Var33,inf,nan,nan,nan,-0.005186965698053967,0.003202820034797679
Var16,Var34,inf,nan,nan,nan,0.11523083177282036,0.0033544194385397553
Var16,Var35,inf,nan,nan,nan,-0.04044125000809943,0.0033444988334486066
Var16,Var36,-inf,nan,nan,nan,0.05702992588062014,0.0031722672360079054
Var17,Var1,-inf,nan,nan,nan,-0.06283057572860055,0.002857576768830224
Var17,Var2,inf,nan,nan,nan,-0.3157624849115054,0.0027106724612384944
Var17,Var3,inf,nan,nan,nan,-0.4420863010663025,0.002879894019956539
Var17,Var4,inf,nan,nan,nan,-0.2511538192649689,0.0030534143976828653
Var17,Var5,-inf,nan,nan,nan,-0.12363398600302841,0.002734173199112553
Var17,Var6,inf,nan,nan,nan,-0.2517679877389837,0.003166349721129895
Var17,Var7,-inf,nan,nan,nan,0.7728191078450869,0.00131432777871055
Var17,Var8,inf,nan,nan,nan,0.4953081658102182,0.0025309027752697237
Var17,Var9,inf,nan,nan,nan,-0.048354150364724575,0.0029954306130804227
Var17,Var10,inf,nan,nan,nan,-0.0895599525497762,0.0038670857074071946
Var17,Var11,inf,nan,nan,nan,0.02116027382533985,0.0029323111956926886
Var17,Var12,inf,nan,nan,nan,-0.42882235167486127,0.002563550039961667
Var17,Var13,inf,nan,nan,nan,-0.06726779310150462,0.003200276216609061
Var17,Var14,inf,nan,nan,nan,-0.26440876307920563,0.002886898738654274
Var17,Var15,inf,nan,nan,nan,-0.30175272370980527,0.0025689784876583624
Var17,Var16,inf,nan,nan,nan,-0.07557214833536284,0.0033411786297293197
Var17,Var17,-inf,nan,nan,nan,1.0,0.0
Var17,Var18,inf,nan,nan,nan,0.07844987097751552,0.003075632866045557
Var17,Var19,inf,nan,nan,nan,-0.08000613627052026,0.002873867996943541
Var17,Var20,-inf,nan,nan,nan,0.014771580305786033,0.0037059463767433105
Var17,Var21,-inf,nan,nan,nan,0.03624914981972015,0.0037669084226723127
Var17,Var22,-inf,nan,nan,nan,-0.006362412951937376,0.003250393786546145
Var17,Var23,-inf,nan,nan,nan,-0.01190748362630474,0.0031192295659817917
Var17,Var24,nan,nan,nan,nan,-0.017195474914303392,0.0033892654747541464
Var17,Var25,-inf,nan,nan,nan,0.10702379138683282,0.003813447596346983
Var17,Var26,-inf,nan,nan,nan,-0.004791382465180425,0.003243556690994957
Var17,Var27,inf,nan,nan,nan,-0.019935534554732404,0.00302123190295766
Var17,Var28,nan,nan,nan,nan,0.049257004032667626,0.0033350908790149678
Var17,Var29,inf,nan,nan,nan,-0.10502426892246927,0.0038641815142462024
Var17,Var30,inf,nan,nan,nan,-0.04030828816480051,0.003207811139011408
Var17,Var31,inf,nan,nan,nan,0.1416414211557798,0.0038527549233101856
Var17,Var32,inf,nan,nan,nan,0.008207589272176189,0.0032027299529777302
Var17,Var33,-inf,nan,nan,nan,0.03838891267831628,0.0036791497415812314
Var17,Var34,-inf,nan,nan,nan,-0.01476524103377922,0.0033662348492535387
Var17,Var35,inf,nan,nan,nan,0.07722283260195091,0.0036245224482839293
Var17,Var36,inf,nan,nan,nan,-0.01613093770004174,0.0037683817285866722
Var18,Var1,-inf,nan,nan,nan,-0.16928520527194615,0.002645678369928062
Var18,Var2,inf,nan,nan,nan,0.4294324950614799,0.0023976956531820514
Var18,Var3,-inf,nan,nan,nan,-0.09831779039782866,0.0034517209784146892
Var18,Var4,-inf,nan,nan,nan,0.002356416553584897,0.0031556075840808726
Var18,Var5,-inf,nan,nan,nan,-0.3149525521654642,0.0028560075167029676
Var18,Var6,-inf,nan,nan,nan,-0.3514930847941972,0.0028240461075591844
Var18,Var7,-inf,nan,nan,nan,-0.220192422618449,0.002791433180829873
Var18,Var8,-inf,nan,nan,nan,0.7862488968762881,0.0010089101554114199
Var18,Var9,inf,nan,nan,nan,-0.1824267387144333,0.003196872356499804
Var18,Var10,-inf,nan,nan,nan,0.024884358970875004,0.0032323054032788842
Var18,Var11,-inf,nan,nan,nan,-0.2601986218746802,0.003054302706853438
Var18,Var12,inf,nan,nan,nan,0.3191473712287073,0.0026189230855729333
Var18,Var13,-inf,nan,nan,nan,-0.30373461863398704,0.002920013638824346
Var18,Var14,-inf,nan,nan,nan,0.0548011030193665,0.0028744524674158486
Var18,Var15,-inf,nan,nan,nan,-0.29706097422504973,0.0029815030314786274
Var18,Var16,-inf,nan,nan,nan,-0.14570661202347784,0.003202655554964193
Var18,Var17,-inf,nan,nan,nan,0.07844987097751552,0.003075632866045557
Var18,Var18,-inf,nan,nan,nan,1.0,0.0
Var18,Var19,inf,nan,nan,nan,-0.11003989055373503,0.003573394556903864
Var18,Var20,-inf,nan,nan,nan,0.0990311105793121,0.002874026225226856
Var18,Var21,-inf,nan,nan,nan,-0.011292982211341817,0.0039419674326062705
Var18,Var22,nan,nan,nan,nan,0.06703195822527838,0.002685745176225653
Var18,Var23,inf,nan,nan,nan,-0.0452902104110567,0.003445006751972912
Var18,Var24,-inf,nan,nan,nan,0.01874345670846955,0.0030207815904605933
Var18,Var25,inf,nan,nan,nan,-0.020617423546559606,0.003582738320118591
Var18,Var26,-inf,nan,nan,nan,0.08003067713619595,0.0029016913941345593
Var18,Var27,inf,nan,nan,nan,-0.07753514861573432,0.003200613124705329
Var18,Var28,nan,nan,nan,nan,0.03461174374926271,0.0031176770054392824
Var18,Var29,inf,nan,nan,nan,0.028295186448178408,0.003734868372501318
Var18,Var30,-inf,nan,nan,nan,-0.07575432935242153,0.002999872923299588
Var18,Var31,-inf,nan,nan,nan,-0.026278947730571555,0.0037105501157360474
Var18,Var32,-inf,nan,nan,nan,0.07845730781736279,0.002846272059509063
Var18,Var33,-inf,nan,nan,nan,0.003021869113489682,0.0036845946810270536
Var18,Var34,-inf,nan,nan,nan,0.042275653870057245,0.002804977287993489
Var18,Var35,-inf,nan,nan,nan,-0.01771669861977008,0.003835739491265737
Var18,Var36,inf,nan,nan,nan,0.11678129009858022,0.0041383085453317306
Var19,Var1,-inf,nan,nan,nan,0.325892016490598,0.002985144045960986
Var19,Var2,inf,nan,nan,nan,0.08129376247371697,0.003257908395269541
Var19,Var3,-inf,nan,nan,nan,0.09230626302794392,0.0030609184492905593
Var19,Var4,-inf,nan,nan,nan,0.04662280936045176,0.002560746824048581
Var19,Var5,inf,nan,nan,nan,0.0023957944999070087,0.003791871259285428
Var19,Var6,inf,nan,nan,nan,-0.22584595250740752,0.002910558194064162
Var19,Var7,inf,nan,nan,nan,-0.04561805597708169,0.0026803510228883974
Var19,Var8,-inf,nan,nan,nan,-0.12490774087696814,0.0033895979160763435
Var19,Var9,inf,nan,nan,nan,0.9151634625391756,0.0004534118457603582
Var19,Var10,inf,nan,nan,nan,0.009623216511547955,0.00345339053367847
Var19,Var11,-inf,nan,nan,nan,0.2771420311411593,0.0034522096937464487
Var19,Var12,inf,nan,nan,nan,0.11990709080807381,0.0032099753012211707
Var19,Var13,-inf,nan,nan,nan,0.04016146468294269,0.00313046396734418
Var19,Var14,inf,nan,nan,nan,-0.029249791184610817,0.0030179114995690474
Var19,Var15,-inf,nan,nan,nan,-0.04867625453689509,0.0028863383830653924
Var19,Var16,-inf,nan,nan,nan,0.01899764090945758,0.0030243204191893747
Var19,Var17,-inf,nan,nan,nan,-0.08000613627052026,0.002873867996943541
Var19,Var18,-inf,nan,nan,nan,-0.11003989055373503,0.003573394556903864
Var19,Var19,-inf,nan,nan,nan,1.0,0.0
Var19,Var20,-inf,nan,nan,nan,-0.1945165657382937,0.00325802257958614
Var19,Var21,inf,nan,nan,nan,-0.015441467641145233,0.0029717221231650337
Var19,Var22,inf,nan,nan,nan,0.04518239706416877,0.003271960276362922
Var19,Var23,-inf,nan,nan,nan,-0.024609228573651665,0.003211476970348236
Var19,Var24,-inf,nan,nan,nan,0.00446886172558864,0.0030863544877673538
Var19,Var25,-inf,nan,nan,nan,0.0011406590106681795,0.002841164931537243
Var19,Var26,inf,nan,nan,nan,0.0019947547285773326,0.002956432934364396
Var19,Var27,inf,nan,nan,nan,-0.08447441991914316,0.0031949146856478173
Var19,Var28,inf,nan,nan,nan,0.033497043542812674,0.003083547383854502
Var19,Var29,inf,nan,nan,nan,0.0049174295354257646,0.0029177008887095513
Var19,Var30,-inf,nan,nan,nan,-0.02983034092141713,0.0031024003206042883
Var19,Var31,-inf,nan,nan,nan,0.012065173464353643,0.0028634577420299802
Var19,Var32,inf,nan,nan,nan,0.013666432297343649,0.002972396804077955
Var19,Var33,inf,nan,nan,nan,-0.002911508618895645,0.0028659174704281634
Var19,Var34,-inf,nan,nan,nan,0.03620150894922452,0.003280168252477366
Var19,Var35,inf,nan,nan,nan,-0.015171953579485968,0.0029823242803307458
Var19,Var36,-inf,nan,nan,nan,0.048810363056047516,0.0036091172884158327
Var20,Var1,-inf,nan,nan,nan,-0.24833017701527396,0.0033458473102939636
Var20,Var2,inf,nan,nan,nan,0.27378193509946347,0.00311496373673614
Var20,Var3,inf,nan,nan,nan,-0.11860419318753952,0.0032169461939016136
Var20,Var4,-inf,nan,nan,nan,0.029735514065088738,0.0028726572460141845
Var20,Var5,-inf,nan,nan,nan,0.00851611134521565,0.002884667620948673
Var20,Var6,inf,nan,nan,nan,0.12849480894289894,0.0030847881529644794
Var20,Var7,inf,nan,nan,nan,0.13685565965818508,0.003153359764800291
Var20,Var8,-inf,nan,nan,nan,0.08463980793402869,0.0034434905835035792
Var20,Var9,inf,nan,nan,nan,-0.27158479961206694,0.003060744103121427
Var20,Var10,-inf,nan,nan,nan,0.8889510916284076,0.0005392478617938473
Var20,Var11,-inf,nan,nan,nan,-0.11454071775255946,0.0033692791249956065
Var20,Var12,inf,nan,nan,nan,0.18752204565866654,0.00323250688693965
Var20,Var13,inf,nan,nan,nan,-0.27723340353017,0.0029669201362685954
Var20,Var14,inf,nan,nan,nan,-0.07539347784615277,0.0030277856201201716
Var20,Var15,inf,nan,nan,nan,0.05593229006793199,0.0029445090851615463
Var20,Var16,inf,nan,nan,nan,0.09929517465767738,0.00311560980444174
Var20,Var17,-inf,nan,nan,nan,0.014771580305786033,0.0037059463767433105
Var20,Var18,inf,nan,nan,nan,0.0990311105793121,0.002874026225226856
Var20,Var19,inf,nan,nan,nan,-0.1945165657382937,0.00325802257958614
Var20,Var20,-inf,nan,nan,nan,1.0,0.0
Var20,Var21,inf,nan,nan,nan,-0.030856032095356048,0.003093857625445392
Var20,Var22,-inf,nan,nan,nan,-0.03907216156741724,0.003078608950666123
Var20,Var23,-inf,nan,nan,nan,-0.02771880594851066,0.003397241318687848
Var20,Var24,inf,nan,nan,nan,-0.030006510734511795,0.00305496899555523
Var20,Var25,inf,nan,nan,nan,-0.04719837256800205,0.0031494757596512834
Var20,Var26,-inf,nan,nan,nan,0.07632050294299955,0.002999075081761959
Var20,Var27,-inf,nan,nan,nan,-0.015250812262517762,0.0033461271844891435
Var20,Var28,inf,nan,nan,nan,0.03442672624753973,0.003080397299155664
Var20,Var29,inf,nan,nan,nan,0.046400191119531364,0.0031625240809673226
Var20,Var30,-inf,nan,nan,nan,-0.016786906063892357,0.003038641775860526
Var20,Var31,-inf,nan,nan,nan,-0.061906055654452175,0.0031367649537076387
Var20,Var32,-inf,nan,nan,nan,0.06687879773239153,0.003020167973122866
Var20,Var33,inf,nan,nan,nan,-0.026343294898740335,0.0031146585601754136
Var20,Var34,inf,nan,nan,nan,-0.007864253429766049,0.0030580672731455255
Var20,Var35,inf,nan,nan,nan,-0.04769880502002178,0.003038686232720168
Var20,Var36,-inf,nan,nan,nan,-0.018014811528481712,0.0029103252286613703
Var21,Var1,inf,nan,nan,nan,0.08504859662118874,0.0027608024031673096
Var21,Var2,-inf,nan,nan,nan,-0.02031923057154931,0.00415736935996394
Var21,Var3,inf,nan,nan,nan,0.05043666280970503,0.004195679149495272
Var21,Var4,inf,nan,nan,nan,0.02067657250532085,0.0030128036422977233
Var21,Var5,-inf,nan,nan,nan,0.014517665507029045,0.004323776222528793
Var21,Var6,-inf,nan,nan,nan,0.037775288282232915,0.002950281593964909
Var21,Var7,-inf,nan,nan,nan,0.016524744740938853,0.003681021280119566
Var21,Var8,-inf,nan,nan,nan,-0.010768172390955538,0.003385250665675285
Var21,Var9,inf,nan,nan,nan,0.0023780444095805654,0.0027037177507514406
Var21,Var10,-inf,nan,nan,nan,-0.006397857740737561,0.00375609455849771
Var21,Var11,inf,nan,nan,nan,0.00704633792708739,0.002999980246847377
Var21,Var12,-inf,nan,nan,nan,-0.005022836418074284,0.0044133414046472206
Var21,Var13,-inf,nan,nan,nan,0.15915288258463825,0.0028800318311790188
Var21,Var14,inf,nan,nan,nan,0.11417630542220047,0.0032128087268605936
Var21,Var15,-inf,nan,nan,nan,0.05046622984445788,0.0038187825153231077
Var21,Var16,-inf,nan,nan,nan,-0.034868197492260146,0.0032830925234115
Var21,Var17,-inf,nan,nan,nan,0.03624914981972015,0.0037669084226723127
Var21,Var18,-inf,nan,nan,nan,-0.011292982211341817,0.0039419674326062705
Var21,Var19,-inf,nan,nan,nan,-0.015441467641145233,0.0029717221231650337
Var21,Var20,-inf,nan,nan,nan,-0.030856032095356048,0.003093857625445392
Var21,Var21,inf,nan,nan,nan,1.0,0.0
Var21,Var22,inf,nan,nan,nan,-0.11963440409055187,0.0034004318556077285
Var21,Var23,inf,nan,nan,nan,-0.18228840159397988,0.0029875236792301745
Var21,Var24,inf,nan,nan,nan,-0.11124117589117924,0.0032775915750800156
Var21,Var25,-inf,nan,nan,nan,-0.006637682482794817,0.00453082792985933
Var21,Var26,inf,nan,nan,nan,0.16182255562073328,0.0027658705263062457
Var21,Var27,inf,nan,nan,nan,-0.30491307815127544,0.002456069775586298
Var21,Var28,inf,nan,nan,nan,0.13445715464694277,0.0026087912401198
Var21,Var29,-inf,nan,nan,nan,0.12009503182146794,0.004505478069432054
Var21,Var30,-inf,nan,nan,nan,-0.12280214590977355,0.0030054048214425634
Var21,Var31,inf,nan,nan,nan,-0.10609369451655871,0.00449065916413814
Var21,Var32,inf,nan,nan,nan,0.16871787471585503,0.0028282043743218066
Var21,Var33,inf,nan,nan,nan,0.946318715338412,0.0004003397573830174
Var21,Var34,inf,nan,nan,nan,-0.08003821806037521,0.003221511387727288
Var21,Var35,inf,nan,nan,nan,0.9902734400157619,7.972056288026208e-05
Var21,Var36,-inf,nan,nan,nan,-0.07092794293997233,0.007934993758941066
Var22,Var1,-inf,nan,nan,nan,0.025659686014752048,0.003148438895801359
Var22,Var2,-inf,nan,nan,nan,0.04696696489813431,0.0032031989307269803
Var22,Var3,inf,nan,nan,nan,0.035391060250716345,0.003472670472893259
Var22,Var4,inf,nan,nan,nan,0.05312369711915942,0.0031549974515428713
Var22,Var5,-inf,nan,nan,nan,-0.04140951882305007,0.002563686680025714
Var22,Var6,inf,nan,nan,nan,0.09415611302906125,0.003217536640399664
Var22,Var7,inf,nan,nan,nan,0.018071792268536373,0.003340394303111572
Var22,Var8,inf,nan,nan,nan,0.0604933852206115,0.002771979541533768
Var22,Var9,inf,nan,nan,nan,0.09587425324163146,0.003521445575154538
Var22,Var10,inf,nan,nan,nan,-0.04576841776008672,0.00315883886317356
Var22,Var11,inf,nan,nan,nan,-0.023336403697109768,0.003289666102181707
Var22,Var12,inf,nan,nan,nan,0.04244039609903496,0.003215367582545119
Var22,Var13,inf,nan,nan,nan,0.003640331638220398,0.003283355927572763
Var22,Var14,-inf,nan,nan,nan,0.001752489957607423,0.003283167603931451
Var22,Var15,inf,nan,nan,nan,0.08331806793639712,0.0028458156270262914
Var22,Var16,inf,nan,nan,nan,0.16761976134593246,0.003351271817174594
Var22,Var17,-inf,nan,nan,nan,-0.006362412951937376,0.003250393786546145
Var22,Var18,inf,nan,nan,nan,0.06703195822527838,0.002685745176225653
Var22,Var19,-inf,nan,nan,nan,0.04518239706416877,0.003271960276362922
Var22,Var20,inf,nan,nan,nan,-0.03907216156741724,0.003078608950666123
Var22,Var21,-inf,nan,nan,nan,-0.11963440409055187,0.0034004318556077285
Var22,Var22,inf,nan,nan,nan,1.0,0.0
Var22,Var23,inf,nan,nan,nan,-0.38648987994548517,0.002701243550925834
Var22,Var24,inf,nan,nan,nan,0.8743196390448924,0.0007444137414173518
Var22,Var25,inf,nan,nan,nan,-0.16194875529848268,0.0030114447286740797
Var22,Var26,-inf,nan,nan,nan,-0.018254352276685454,0.0030992328905602488
Var22,Var27,inf,nan,nan,nan,-0.18949655727018852,0.0028935746919495943
Var22,Var28,inf,nan,nan,nan,0.001624649492613437,0.002993902329971104
Var22,Var29,inf,nan,nan,nan,0.16252284872985065,0.0029033156978417836
Var22,Var30,inf,nan,nan,nan,0.06694564842042833,0.0032363850673211717
Var22,Var31,inf,nan,nan,nan,-0.14361596984980204,0.003041570602479004
Var22,Var32,-inf,nan,nan,nan,-0.09145681729036495,0.0030804824277634968
Var22,Var33,-inf,nan,nan,nan,-0.024796272625664598,0.0034998258807630465
Var22,Var34,inf,nan,nan,nan,0.8408204986288146,0.0009375123654889604
Var22,Var35,-inf,nan,nan,nan,-0.12573636383636594,0.0034244992332038223
Var22,Var36,-inf,nan,nan,nan,0.03974272848390516,0.003386547411672876
Var23,Var1,-inf,nan,nan,nan,-0.04069684575686548,0.003050356931321956
Var23,Var2,inf,nan,nan,nan,-0.03669175569969366,0.0033267386133406904
Var23,Var3,inf,nan,nan,nan,-0.08139893019695169,0.0033175150754089643
Var23,Var4,inf,nan,nan,nan,-0.04492681515134139,0.0029699536912474933
Var23,Var5,inf,nan,nan,nan,0.04193076477018249,0.003189120219465468
Var23,Var6,inf,nan,nan,nan,-0.08030937815886224,0.0033705614621459845
Var23,Var7,-inf,nan,nan,nan,-0.007722538210285174,0.00327983607486768
Var23,Var8,inf,nan,nan,nan,-0.05955680437535177,0.0033389565123407186
Var23,Var9,inf,nan,nan,nan,-0.036416765979001384,0.003230484070297797
Var23,Var10,inf,nan,nan,nan,-0.0488966138071817,0.0034097211631173695
Var23,Var11,-inf,nan,nan,nan,-0.033886673852345534,0.003081350752707642
Var23,Var12,inf,nan,nan,nan,-0.044475767370637805,0.0033252689777636957
Var23,Var13,inf,nan,nan,nan,-0.08445411040275005,0.003393556123752779
Var23,Var14,inf,nan,nan,nan,-0.05958401269828813,0.002751684836848256
Var23,Var15,inf,nan,nan,nan,-0.034844770555154385,0.0034829245487684583
Var23,Var16,inf,nan,nan,nan,-0.138607281462343,0.003076419247975717
Var23,Var17,-inf,nan,nan,nan,-0.01190748362630474,0.0031192295659817917
Var23,Var18,inf,nan,nan,nan,-0.0452902104110567,0.003445006751972912
Var23,Var19,inf,nan,nan,nan,-0.024609228573651665,0.003211476970348236
Var23,Var20,inf,nan,nan,nan,-0.02771880594851066,0.003397241318687848
Var23,Var21,inf,nan,nan,nan,-0.18228840159397988,0.0029875236792301745
Var23,Var22,inf,nan,nan,nan,-0.38648987994548517,0.002701243550925834
Var23,Var23,inf,nan,nan,nan,1.0,0.0
Var23,Var24,inf,nan,nan,nan,-0.3352436349773008,0.0023267954220060815
Var23,Var25,-inf,nan,nan,nan,0.2559831449192189,0.002730735278015987
Var23,Var26,inf,nan,nan,nan,0.15901933896132373,0.0028832884027734556
Var23,Var27,inf,nan,nan,nan,0.07041991462444522,0.003071019666658498
Var23,Var28,inf,nan,nan,nan,0.1889692229340586,0.0026034366689074535
Var23,Var29,inf,nan,nan,nan,-0.28637933777735236,0.0027030951703912085
Var23,Var30,inf,nan,nan,nan,-0.17804056008610492,0.002926441208881929
Var23,Var31,inf,nan,nan,nan,0.31057967326088143,0.002685967970254123
Var23,Var32,-inf,nan,nan,nan,0.1875776604453304,0.0028254534366954375
Var23,Var33,inf,nan,nan,nan,-0.3665930162456515,0.0029523757924349225
Var23,Var34,-inf,nan,nan,nan,-0.3132910384114692,0.002852245143836368
Var23,Var35,-inf,nan,nan,nan,-0.16391811914142285,0.002947907816442921
Var23,Var36,inf,nan,nan,nan,-0.006341120255708562,0.003003365431528767
Var24,Var1,-inf,nan,nan,nan,-0.012062580166352315,0.0032488053503932257
Var24,Var2,inf,nan,nan,nan,0.0516488904205537,0.00314125462220409
Var24,Var3,-inf,nan,nan,nan,0.01624530316941424,0.003261467580015239
Var24,Var4,inf,nan,nan,nan,0.028012369789325888,0.0033872295702822523
Var24,Var5,inf,nan,nan,nan,-0.01869447869226159,0.0025643278704241407
Var24,Var6,-inf,nan,nan,nan,0.08259532071210157,0.003293735381479971
Var24,Var7,-inf,nan,nan,nan,0.023894810682892974,0.003360098363916675
Var24,Var8,-inf,nan,nan,nan,0.0071493342840415275,0.002822015112698823
Var24,Var9,-inf,nan,nan,nan,0.027944333967177475,0.0033448141218763556
Var24,Var10,inf,nan,nan,nan,-0.028503745965270652,0.0030599607873593054
Var24,Var11,-inf,nan,nan,nan,-0.009410637740720965,0.0033898416136549946
Var24,Var12,-inf,nan,nan,nan,0.04590752134159098,0.003119303948228974
Var24,Var13,inf,nan,nan,nan,-0.02265776631202352,0.003096227182230616
Var24,Var14,-inf,nan,nan,nan,-0.0101806759829553,0.0035296418825535424
Var24,Var15,-inf,nan,nan,nan,0.08312873009417154,0.002744402489749572
Var24,Var16,-inf,nan,nan,nan,0.11369277235798082,0.003379555876606118
Var24,Var17,inf,nan,nan,nan,-0.017195474914303392,0.0033892654747541464
Var24,Var18,-inf,nan,nan,nan,0.01874345670846955,0.0030207815904605933
Var24,Var19,inf,nan,nan,nan,0.00446886172558864,0.0030863544877673538
Var24,Var20,inf,nan,nan,nan,-0.030006510734511795,0.00305496899555523
Var24,Var21,inf,nan,nan,nan,-0.11124117589117924,0.0032775915750800156
Var24,Var22,-inf,nan,nan,nan,0.8743196390448924,0.0007444137414173518
Var24,Var23,-inf,nan,nan,nan,-0.3352436349773008,0.0023267954220060815
Var24,Var24,-inf,nan,nan,nan,1.0,0.0
Var24,Var25,-inf,nan,nan,nan,-0.1540390767535726,0.002704866243900232
Var24,Var26,inf,nan,nan,nan,0.13720301585145955,0.002841126591715859
Var24,Var27,-inf,nan,nan,nan,-0.2571224827787674,0.0025574150951461383
Var24,Var28,inf,nan,nan,nan,0.12144984387966738,0.0027980574903457255
Var24,Var29,-inf,nan,nan,nan,0.15736361068231566,0.0026159536498973762
Var24,Var30,inf,nan,nan,nan,-0.09523328419172855,0.0031027495069952424
Var24,Var31,-inf,nan,nan,nan,-0.13392264025481945,0.002745428543311256
Var24,Var32,-inf,nan,nan,nan,0.06807930941696815,0.0028742660399022906
Var24,Var33,inf,nan,nan,nan,-0.030186111341858463,0.003301711016867101
Var24,Var34,inf,nan,nan,nan,0.7322619223333545,0.001336590736813927
Var24,Var35,-inf,nan,nan,nan,-0.11727686511057903,0.0032857080061926384
Var24,Var36,inf,nan,nan,nan,0.023120113247935357,0.002791464106322916
Var25,Var1,-inf,nan,nan,nan,-0.02499364494435089,0.0029145706310256822
Var25,Var2,-inf,nan,nan,nan,-0.07997520234638139,0.003995666267490456
Var25,Var3,inf,nan,nan,nan,-0.029040355604203146,0.004058719935939742
Var25,Var4,inf,nan,nan,nan,0.07036701482766942,0.0029659763029565318
Var25,Var5,inf,nan,nan,nan,-0.05355917299634201,0.004267717788555637
Var25,Var6,inf,nan,nan,nan,-0.038939184210313345,0.0028971543988826854
Var25,Var7,-inf,nan,nan,nan,0.06695670794299033,0.0038478239289505205
Var25,Var8,inf,nan,nan,nan,0.018841059465642844,0.003221613678949866
Var25,Var9,inf,nan,nan,nan,0.020008635385800982,0.0025399231234800195
Var25,Var10,-inf,nan,nan,nan,-0.02103709717261459,0.00386614537454278
Var25,Var11,-inf,nan,nan,nan,-0.04191715465494984,0.0031817956810440465
Var25,Var12,-inf,nan,nan,nan,-0.02314119131886158,0.004191773445028579
Var25,Var13,inf,nan,nan,nan,-0.07264596828368526,0.003055505679694527
Var25,Var14,inf,nan,nan,nan,0.158463963669978,0.00286207252476909
Var25,Var15,inf,nan,nan,nan,-0.07513469925054365,0.00402302685200648
Var25,Var16,-inf,nan,nan,nan,-0.01233233643262914,0.0032628519753313185
Var25,Var17,-inf,nan,nan,nan,0.10702379138683282,0.003813447596346983
Var25,Var18,-inf,nan,nan,nan,-0.020617423546559606,0.003582738320118591
Var25,Var19,inf,nan,nan,nan,0.0011406590106681795,0.002841164931537243
Var25,Var20,-inf,nan,nan,nan,-0.04719837256800205,0.0031494757596512834
Var25,Var21,inf,nan,nan,nan,-0.006637682482794817,0.00453082792985933
Var25,Var22,-inf,nan,nan,nan,-0.16194875529848268,0.0030114447286740797
Var25,Var23,-inf,nan,nan,nan,0.2559831449192189,0.002730735278015987
Var25,Var24,inf,nan,nan,nan,-0.1540390767535726,0.002704866243900232
Var25,Var25,inf,nan,nan,nan,1.0,0.0
Var25,Var26,-inf,nan,nan,nan,-0.1025528145983181,0.00325997125754092
Var25,Var27,-inf,nan,nan,nan,-0.16808314317415363,0.0027113178189173137
Var25,Var28,nan,nan,nan,nan,-0.1374997046897812,0.0032208331170552077
Var25,Var29,inf,nan,nan,nan,-0.9696895443291192,0.00024208829578644103
Var25,Var30,inf,nan,nan,nan,0.10441653977504216,0.0034396923503385215
Var25,Var31,inf,nan,nan,nan,0.9444546310508839,0.00040358391072904844
Var25,Var32,-inf,nan,nan,nan,-0.08228151648332638,0.0032021604110674183
Var25,Var33,inf,nan,nan,nan,0.025224791205250896,0.004267229405963929
Var25,Var34,-inf,nan,nan,nan,-0.14237630860583372,0.0033716857326563576
Var25,Var35,-inf,nan,nan,nan,0.05864266869435978,0.004586348838560706
Var25,Var36,inf,nan,nan,nan,0.0933784016216383,0.00765196554753224
Var26,Var1,-inf,nan,nan,nan,-0.01122425515875787,0.0032592317011738764
Var26,Var2,inf,nan,nan,nan,0.06947941336150386,0.0032740998964324395
Var26,Var3,inf,nan,nan,nan,-0.025707156187498824,0.003395438058330725
Var26,Var4,inf,nan,nan,nan,0.027992952179820136,0.0031945561869903875
Var26,Var5,-inf,nan,nan,nan,0.015421815229614583,0.0027616254114937776
Var26,Var6,inf,nan,nan,nan,-0.10677690868106786,0.0029665846253529933
Var26,Var7,inf,nan,nan,nan,-0.020940837274070645,0.0033394191478347507
Var26,Var8,-inf,nan,nan,nan,0.03871353446727623,0.0027841823894135666
Var26,Var9,-inf,nan,nan,nan,-0.03974320370593083,0.003167014987745883
Var26,Var10,inf,nan,nan,nan,0.024729498164496197,0.0032214772665419993
Var26,Var11,-inf,nan,nan,nan,0.01351295923707784,0.003381156080864924
Var26,Var12,-inf,nan,nan,nan,0.05341366204408033,0.0032821515776734244
Var26,Var13,inf,nan,nan,nan,-0.05450681171862993,0.0031589652076077393
Var26,Var14,-inf,nan,nan,nan,0.01418647649826523,0.0031512860126542246
Var26,Var15,inf,nan,nan,nan,-0.005592071374718961,0.002831828621553288
Var26,Var16,inf,nan,nan,nan,-0.19060619647172505,0.0029795699082498382
Var26,Var17,inf,nan,nan,nan,-0.004791382465180425,0.003243556690994957
Var26,Var18,inf,nan,nan,nan,0.08003067713619595,0.0029016913941345593
Var26,Var19,inf,nan,nan,nan,0.0019947547285773326,0.002956432934364396
Var26,Var20,inf,nan,nan,nan,0.07632050294299955,0.002999075081761959
Var26,Var21,-inf,nan,nan,nan,0.16182255562073328,0.0027658705263062457
Var26,Var22,inf,nan,nan,nan,-0.018254352276685454,0.0030992328905602488
Var26,Var23,inf,nan,nan,nan,0.15901933896132373,0.0028832884027734556
Var26,Var24,-inf,nan,nan,nan,0.13720301585145955,0.002841126591715859
Var26,Var25,inf,nan,nan,nan,-0.1025528145983181,0.00325997125754092
Var26,Var26,inf,nan,nan,nan,1.0,0.0
Var26,Var27,-inf,nan,nan,nan,-0.37318254014705177,0.002743912913316683
Var26,Var28,nan,nan,nan,nan,0.8681479454458139,0.0007711786634179787
Var26,Var29,inf,nan,nan,nan,0.15209423416142723,0.0031910977553325824
Var26,Var30,-inf,nan,nan,nan,-0.8479443788319858,0.0008673015753245331
Var26,Var31,inf,nan,nan,nan,-0.10766971292278019,0.0032764772239260473
Var26,Var32,inf,nan,nan,nan,0.9918339803283954,5.83215329663572e-05
Var26,Var33,-inf,nan,nan,nan,0.11061529429307859,0.00294391022914341
Var26,Var34,inf,nan,nan,nan,0.10153003851504912,0.0030197449188726915
Var26,Var35,-inf,nan,nan,nan,0.15394788009852492,0.002763696967499492
Var26,Var36,inf,nan,nan,nan,-0.030984277334489337,0.003009890268102634
Var27,Var1,inf,nan,nan,nan,0.019729589873410603,0.0030464769760985997
Var27,Var2,-inf,nan,nan,nan,-0.11463718516999363,0.0034406528973698175
Var27,Var3,-inf,nan,nan,nan,0.01065103081606022,0.0034921001454356025
Var27,Var4,-inf,nan,nan,nan,-0.07669958618665443,0.003151758034370703
Var27,Var5,-inf,nan,nan,nan,0.008737877144241832,0.0031788454587587216
Var27,Var6,inf,nan,nan,nan,0.026898062132621234,0.003234260160274316
Var27,Var7,inf,nan,nan,nan,-0.023734510207145447,0.002979502908383989
Var27,Var8,-inf,nan,nan,nan,-0.027283472917021517,0.003118528049879193
Var27,Var9,inf,nan,nan,nan,-0.08480066945412366,0.003221675546570819
Var27,Var10,-inf,nan,nan,nan,-0.05323075010201353,0.0033536122288867817
Var27,Var11,inf,nan,nan,nan,0.044616235059275984,0.0031605323555516343
Var27,Var12,-inf,nan,nan,nan,-0.11484157126602289,0.003575274487185292
Var27,Var13,-inf,nan,nan,nan,0.08496929320167158,0.003151960703137736
Var27,Var14,-inf,nan,nan,nan,-0.09936176933084576,0.002934277504518772
Var27,Var15,inf,nan,nan,nan,-0.05573010941816176,0.0032706493841540324
Var27,Var16,inf,nan,nan,nan,0.023646812813719397,0.0031852925351645244
Var27,Var17,-inf,nan,nan,nan,-0.019935534554732404,0.00302123190295766
Var27,Var18,-inf,nan,nan,nan,-0.07753514861573432,0.003200613124705329
Var27,Var19,-inf,nan,nan,nan,-0.08447441991914316,0.0031949146856478173
Var27,Var20,-inf,nan,nan,nan,-0.015250812262517762,0.0033461271844891435
Var27,Var21,-inf,nan,nan,nan,-0.30491307815127544,0.002456069775586298
Var27,Var22,inf,nan,nan,nan,-0.18949655727018852,0.0028935746919495943
Var27,Var23,-inf,nan,nan,nan,0.07041991462444522,0.003071019666658498
Var27,Var24,inf,nan,nan,nan,-0.2571224827787674,0.0025574150951461383
Var27,Var25,-inf,nan,nan,nan,-0.16808314317415363,0.0027113178189173137
Var27,Var26,inf,nan,nan,nan,-0.37318254014705177,0.002743912913316683
Var27,Var27,-inf,nan,nan,nan,1.0,0.0
Var27,Var28,inf,nan,nan,nan,-0.34245460769086516,0.002389250137769643
Var27,Var29,-inf,nan,nan,nan,0.05814438649947079,0.0027214801176420407
Var27,Var30,-inf,nan,nan,nan,0.30499985768635623,0.0026934685053356944
Var27,Var31,-inf,nan,nan,nan,-0.13446971221938342,0.0028230849770352075
Var27,Var32,inf,nan,nan,nan,-0.36121454100779726,0.0027974997779690036
Var27,Var33,-inf,nan,nan,nan,-0.31630358411505555,0.0024904369506234957
Var27,Var34,-inf,nan,nan,nan,-0.18636640556544554,0.0028747414237891645
Var27,Var35,-inf,nan,nan,nan,-0.3080950107069115,0.0023499327898728055
Var27,Var36,inf,nan,nan,nan,0.031127259130341162,0.002946629153077769
Var28,Var1,inf,nan,nan,nan,0.03813692188005507,0.0032619260860994345
Var28,Var2,-inf,nan,nan,nan,0.010851130307330648,0.0031362285252535377
Var28,Var3,inf,nan,nan,nan,-0.06833431754224437,0.0031965610387783335
Var28,Var4,inf,nan,nan,nan,0.030878837304740718,0.0032635812774204727
Var28,Var5,inf,nan,nan,nan,0.02281374082007446,0.002587927565384681
Var28,Var6,inf,nan,nan,nan,-0.11288252094493978,0.0032311186593522393
Var28,Var7,inf,nan,nan,nan,0.04792764742650135,0.003258257165087574
Var28,Var8,inf,nan,nan,nan,0.038050584670408075,0.002855214298347104
Var28,Var9,-inf,nan,nan,nan,-0.007942901794015569,0.0032919922212939143
Var28,Var10,-inf,nan,nan,nan,-0.0332380548947447,0.0031562028675578796
Var28,Var11,inf,nan,nan,nan,0.0476246515338039,0.0034874658312821242
Var28,Var12,inf,nan,nan,nan,-0.007548384145953083,0.0031302159450423903
Var28,Var13,inf,nan,nan,nan,-0.04858903311716133,0.002975686514700294
Var28,Var14,-inf,nan,nan,nan,-0.010005530621348705,0.0034814855912019974
Var28,Var15,inf,nan,nan,nan,-0.0422635640142749,0.0028029411757077433
Var28,Var16,inf,nan,nan,nan,-0.20792341605250295,0.0030549960387285945
Var28,Var17,inf,nan,nan,nan,0.049257004032667626,0.0033350908790149678
Var28,Var18,inf,nan,nan,nan,0.03461174374926271,0.0031176770054392824
Var28,Var19,inf,nan,nan,nan,0.033497043542812674,0.003083547383854502
Var28,Var20,inf,nan,nan,nan,0.03442672624753973,0.003080397299155664
Var28,Var21,-inf,nan,nan,nan,0.13445715464694277,0.0026087912401198
Var28,Var22,-inf,nan,nan,nan,0.001624649492613437,0.002993902329971104
Var28,Var23,inf,nan,nan,nan,0.1889692229340586,0.0026034366689074535
Var28,Var24,-inf,nan,nan,nan,0.12144984387966738,0.0027980574903457255
Var28,Var25,-inf,nan,nan,nan,-0.1374997046897812,0.0032208331170552077
Var28,Var26,inf,nan,nan,nan,0.8681479454458139,0.0007711786634179787
Var28,Var27,-inf,nan,nan,nan,-0.34245460769086516,0.002389250137769643
Var28,Var28,-inf,nan,nan,nan,1.0,0.0
Var28,Var29,-inf,nan,nan,nan,0.17856713323624257,0.003152233521570277
Var28,Var30,inf,nan,nan,nan,-0.7532404928385058,0.0012825673705495013
Var28,Var31,-inf,nan,nan,nan,-0.12985733265215282,0.0031765900639344584
Var28,Var32,inf,nan,nan,nan,0.8669701964802212,0.000789211004471069
Var28,Var33,-inf,nan,nan,nan,0.07040959124895695,0.002778879779359589
Var28,Var34,inf,nan,nan,nan,0.0518933866690306,0.002946241903726018
Var28,Var35,-inf,nan,nan,nan,0.13595732462855176,0.0027536501129981207
Var28,Var36,inf,nan,nan,nan,-0.040581242673994836,0.002498590696492339
Var29,Var1,inf,nan,nan,nan,0.030230561394647734,0.0029320897092000053
Var29,Var2,inf,nan,nan,nan,0.08207607936177103,0.004019039002161542
Var29,Var3,-inf,nan,nan,nan,0.03829744731570534,0.004054882158864897
Var29,Var4,-inf,nan,nan,nan,-0.05307690210288459,0.002993492439036026
Var29,Var5,inf,nan,nan,nan,0.05706139905100735,0.004201729698413229
Var29,Var6,-inf,nan,nan,nan,0.037489936115921656,0.002952501850724015
Var29,Var7,inf,nan,nan,nan,-0.06716176688633779,0.003870161693498023
Var29,Var8,-inf,nan,nan,nan,-0.012973093857080618,0.0033217203248080813
Var29,Var9,-inf,nan,nan,nan,-0.01210533267177999,0.00262480371716813
Var29,Var10,inf,nan,nan,nan,0.02681439541698016,0.0038981105942424263
Var29,Var11,inf,nan,nan,nan,0.03423551315197983,0.003216131755996657
Var29,Var12,inf,nan,nan,nan,0.02912080451603769,0.004186131561281592
Var29,Var13,-inf,nan,nan,nan,0.08689828369216411,0.003078039054991582
Var29,Var14,inf,nan,nan,nan,-0.13260492839289323,0.0029443377571557734
Var29,Var15,-inf,nan,nan,nan,0.08547860861635727,0.004011182121055012
Var29,Var16,-inf,nan,nan,nan,0.004889605473142469,0.003296077084975877
Var29,Var17,inf,nan,nan,nan,-0.10502426892246927,0.0038641815142462024
Var29,Var18,inf,nan,nan,nan,0.028295186448178408,0.003734868372501318
Var29,Var19,inf,nan,nan,nan,0.0049174295354257646,0.0029177008887095513
Var29,Var20,inf,nan,nan,nan,0.046400191119531364,0.0031625240809673226
Var29,Var21,inf,nan,nan,nan,0.12009503182146794,0.004505478069432054
Var29,Var22,-inf,nan,nan,nan,0.16252284872985065,0.0029033156978417836
Var29,Var23,inf,nan,nan,nan,-0.28637933777735236,0.0027030951703912085
Var29,Var24,nan,nan,nan,nan,0.15736361068231566,0.0026159536498973762
Var29,Var25,-inf,nan,nan,nan,-0.9696895443291192,0.00024208829578644103
Var29,Var26,-inf,nan,nan,nan,0.15209423416142723,0.0031910977553325824
Var29,Var27,-inf,nan,nan,nan,0.05814438649947079,0.0027214801176420407
Var29,Var28,nan,nan,nan,nan,0.17856713323624257,0.003152233521570277
Var29,Var29,-inf,nan,nan,nan,1.0,0.0
Var29,Var30,-inf,nan,nan,nan,-0.13931987863399722,0.0034173145134049677
Var29,Var31,-inf,nan,nan,nan,-0.9700305543627552,0.0002219576230027667
Var29,Var32,inf,nan,nan,nan,0.1316550257533672,0.0031505931882365693
Var29,Var33,inf,nan,nan,nan,0.08760497238493041,0.004279156790214348
Var29,Var34,inf,nan,nan,nan,0.14788623846470958,0.0032669661422159765
Var29,Var35,inf,nan,nan,nan,0.0540457353073913,0.004626444690783534
Var29,Var36,-inf,nan,nan,nan,-0.08849008078335688,0.007865630449724947
Var30,Var1,inf,nan,nan,nan,-0.03461284142272643,0.003327378505236425
Var30,Var2,-inf,nan,nan,nan,-0.059803800292173526,0.0033302086608851316
Var30,Var3,inf,nan,nan,nan,-0.005700916991140579,0.0034510447984027713
Var30,Var4,-inf,nan,nan,nan,-0.03238199631432014,0.003158150258988133
Var30,Var5,inf,nan,nan,nan,0.05704031803585074,0.002986197867043505
Var30,Var6,-inf,nan,nan,nan,0.14296433714034062,0.0029211685798203532
Var30,Var7,inf,nan,nan,nan,-0.0146089722288529,0.003228424404275509
Var30,Var8,inf,nan,nan,nan,-0.07688786898351158,0.0028119255488321935
Var30,Var9,inf,nan,nan,nan,0.027193408129458654,0.0032451930438593666
Var30,Var10,inf,nan,nan,nan,0.04273016119232443,0.0031632231629151477
Var30,Var11,inf,nan,nan,nan,-0.051011452128479025,0.0033431133797875755
Var30,Var12,-inf,nan,nan,nan,-0.059809350147632265,0.003377591248703732
Var30,Var13,-inf,nan,nan,nan,0.027121046752484387,0.003284047180857227
Var30,Var14,inf,nan,nan,nan,-0.01580734245427906,0.0031351183882179848
Var30,Var15,inf,nan,nan,nan,0.08790045975658421,0.002766517603103683
Var30,Var16,-inf,nan,nan,nan,0.17842750787875927,0.0031070391631818754
Var30,Var17,inf,nan,nan,nan,-0.04030828816480051,0.003207811139011408
Var30,Var18,-inf,nan,nan,nan,-0.07575432935242153,0.002999872923299588
Var30,Var19,-inf,nan,nan,nan,-0.02983034092141713,0.0031024003206042883
Var30,Var20,-inf,nan,nan,nan,-0.016786906063892357,0.003038641775860526
Var30,Var21,nan,nan,nan,nan,-0.12280214590977355,0.0030054048214425634
Var30,Var22,inf,nan,nan,nan,0.06694564842042833,0.0032363850673211717
Var30,Var23,-inf,nan,nan,nan,-0.17804056008610492,0.002926441208881929
Var30,Var24,nan,nan,nan,nan,-0.09523328419172855,0.0031027495069952424
Var30,Var25,-inf,nan,nan,nan,0.10441653977504216,0.0034396923503385215
Var30,Var26,nan,nan,nan,nan,-0.8479443788319858,0.0008673015753245331
Var30,Var27,nan,nan,nan,nan,0.30499985768635623,0.0026934685053356944
Var30,Var28,nan,nan,nan,nan,-0.7532404928385058,0.0012825673705495013
Var30,Var29,-inf,nan,nan,nan,-0.13931987863399722,0.0034173145134049677
Var30,Var30,-inf,nan,nan,nan,1.0,0.0
Var30,Var31,-inf,nan,nan,nan,0.09143390542511887,0.0033152965638964726
Var30,Var32,inf,nan,nan,nan,-0.8276858577427756,0.0009498168796000432
Var30,Var33,-inf,nan,nan,nan,-0.06444059940011003,0.0030848668813284663
Var30,Var34,inf,nan,nan,nan,0.011407313688049581,0.0031509253275402373
Var30,Var35,inf,nan,nan,nan,-0.12642831482367245,0.0031335952843064524
Var30,Var36,-inf,nan,nan,nan,0.02275959106167051,0.0032413004481266798
Var31,Var1,inf,nan,nan,nan,-0.018575963470290696,0.0029494196034753855
Var31,Var2,-inf,nan,nan,nan,-0.10062205893496048,0.003900504903426212
Var31,Var3,inf,nan,nan,nan,-0.05359909720579429,0.004075701750916085
Var31,Var4,-inf,nan,nan,nan,0.05729231299208285,0.0030563439321825837
Var31,Var5,-inf,nan,nan,nan,-0.059349273284755345,0.004076893498582421
Var31,Var6,inf,nan,nan,nan,-0.048702301021814096,0.002981951314509986
Var31,Var7,-inf,nan,nan,nan,0.0941757732362038,0.003930188126215204
Var31,Var8,-inf,nan,nan,nan,0.03649796294817656,0.003336048914699734
Var31,Var9,inf,nan,nan,nan,0.035948119190865525,0.002619474160492136
Var31,Var10,-inf,nan,nan,nan,-0.05218095583400559,0.0038359206760065117
Var31,Var11,-inf,nan,nan,nan,-0.02777994657304773,0.00326317590028872
Var31,Var12,-inf,nan,nan,nan,-0.04720434264604565,0.004089737370789409
Var31,Var13,inf,nan,nan,nan,-0.08553618389221143,0.0031292031524690917
Var31,Var14,-inf,nan,nan,nan,0.13519987802094055,0.002970762248921222
Var31,Var15,inf,nan,nan,nan,-0.09097158550784429,0.003951832909372733
Var31,Var16,inf,nan,nan,nan,-0.007410506631507539,0.0032771843978918994
Var31,Var17,-inf,nan,nan,nan,0.1416414211557798,0.0038527549233101856
Var31,Var18,-inf,nan,nan,nan,-0.026278947730571555,0.0037105501157360474
Var31,Var19,-inf,nan,nan,nan,0.012065173464353643,0.0028634577420299802
Var31,Var20,-inf,nan,nan,nan,-0.061906055654452175,0.0031367649537076387
Var31,Var21,inf,nan,nan,nan,-0.10609369451655871,0.00449065916413814
Var31,Var22,inf,nan,nan,nan,-0.14361596984980204,0.003041570602479004
Var31,Var23,inf,nan,nan,nan,0.31057967326088143,0.002685967970254123
Var31,Var24,nan,nan,nan,nan,-0.13392264025481945,0.002745428543311256
Var31,Var25,-inf,nan,nan,nan,0.9444546310508839,0.00040358391072904844
Var31,Var26,nan,nan,nan,nan,-0.10766971292278019,0.0032764772239260473
Var31,Var27,nan,nan,nan,nan,-0.13446971221938342,0.0028230849770352075
Var31,Var28,nan,nan,nan,nan,-0.12985733265215282,0.0031765900639344584
Var31,Var29,inf,nan,nan,nan,-0.9700305543627552,0.0002219576230027667
Var31,Var30,-inf,nan,nan,nan,0.09143390542511887,0.0033152965638964726
Var31,Var31,-inf,nan,nan,nan,1.0,0.0
Var31,Var32,-inf,nan,nan,nan,-0.08624561238571332,0.0031778187367023807
Var31,Var33,inf,nan,nan,nan,-0.07600974759385194,0.004283019575290969
Var31,Var34,inf,nan,nan,nan,-0.13063620715315072,0.0033332719892044042
Var31,Var35,inf,nan,nan,nan,-0.03457957004064234,0.004513923328516396
Var31,Var36,inf,nan,nan,nan,0.10569758330764395,0.00771932683097543
Var32,Var1,inf,nan,nan,nan,-0.007185997307650864,0.0032347557005243726
Var32,Var2,-inf,nan,nan,nan,0.06709061865985685,0.0032458678933694326
Var32,Var3,-inf,nan,nan,nan,-0.026169382776693083,0.003383191020831927
Var32,Var4,inf,nan,nan,nan,0.02319114363143044,0.0032011892570737743
Var32,Var5,inf,nan,nan,nan,0.0033328221278403707,0.002762806003256212
Var32,Var6,-inf,nan,nan,nan,-0.12380286419696515,0.0029543196499821687
Var32,Var7,-inf,nan,nan,nan,-0.012978431714389492,0.003297014621370382
Var32,Var8,inf,nan,nan,nan,0.044282837189514784,0.0027458508062268095
Var32,Var9,inf,nan,nan,nan,-0.0338468083568525,0.0031824832750343033
Var32,Var10,-inf,nan,nan,nan,0.01449337218469901,0.0032403652771984255
Var32,Var11,-inf,nan,nan,nan,0.013929550483886608,0.0033433020628816598
Var32,Var12,inf,nan,nan,nan,0.05384720379851999,0.003258000896642133
Var32,Var13,-inf,nan,nan,nan,-0.052739665865245575,0.003156727094285899
Var32,Var14,inf,nan,nan,nan,0.01313248939836662,0.0031506085787103406
Var32,Var15,-inf,nan,nan,nan,-0.02833015038435286,0.0028234490810247707
Var32,Var16,-inf,nan,nan,nan,-0.20010406209293377,0.002953856846881669
Var32,Var17,inf,nan,nan,nan,0.008207589272176189,0.0032027299529777302
Var32,Var18,-inf,nan,nan,nan,0.07845730781736279,0.002846272059509063
Var32,Var19,-inf,nan,nan,nan,0.013666432297343649,0.002972396804077955
Var32,Var20,-inf,nan,nan,nan,0.06687879773239153,0.003020167973122866
Var32,Var21,inf,nan,nan,nan,0.16871787471585503,0.0028282043743218066
Var32,Var22,-inf,nan,nan,nan,-0.09145681729036495,0.0030804824277634968
Var32,Var23,nan,nan,nan,nan,0.1875776604453304,0.0028254534366954375
Var32,Var24,inf,nan,nan,nan,0.06807930941696815,0.0028742660399022906
Var32,Var25,inf,nan,nan,nan,-0.08228151648332638,0.0032021604110674183
Var32,Var26,nan,nan,nan,nan,0.9918339803283954,5.83215329663572e-05
Var32,Var27,nan,nan,nan,nan,-0.36121454100779726,0.0027974997779690036
Var32,Var28,nan,nan,nan,nan,0.8669701964802212,0.000789211004471069
Var32,Var29,-inf,nan,nan,nan,0.1316550257533672,0.0031505931882365693
Var32,Var30,inf,nan,nan,nan,-0.8276858577427756,0.0009498168796000432
Var32,Var31,-inf,nan,nan,nan,-0.08624561238571332,0.0031778187367023807
Var32,Var32,-inf,nan,nan,nan,1.0,0.0
Var32,Var33,inf,nan,nan,nan,0.11120348187881683,0.003019939331364689
Var32,Var34,-inf,nan,nan,nan,0.02054191178615409,0.0030658950990471606
Var32,Var35,inf,nan,nan,nan,0.162554488310007,0.0028099325980384714
Var32,Var36,-inf,nan,nan,nan,-0.03131907464218288,0.00292431901115499
Var33,Var1,inf,nan,nan,nan,0.08200920968557494,0.0028155358755802863
Var33,Var2,inf,nan,nan,nan,-0.019963459194287193,0.003992444164842722
Var33,Var3,-inf,nan,nan,nan,0.0607653528550996,0.004003338044094382
Var33,Var4,-inf,nan,nan,nan,0.03705701063462566,0.0030541752513784906
Var33,Var5,-inf,nan,nan,nan,-0.0001343887642716264,0.004114628420187177
Var33,Var6,-inf,nan,nan,nan,0.04513298823509023,0.0029490090917744798
Var33,Var7,inf,nan,nan,nan,0.016154237254524657,0.003679852350960575
Var33,Var8,-inf,nan,nan,nan,0.010853305910318517,0.0032323274943774536
Var33,Var9,-inf,nan,nan,nan,0.02094565909277944,0.0026929760396351273
Var33,Var10,-inf,nan,nan,nan,0.008639195947215681,0.0035569938573238144
Var33,Var11,inf,nan,nan,nan,0.00967355243400932,0.0030036391960744594
Var33,Var12,inf,nan,nan,nan,-0.0017654278248512784,0.004238483398375581
Var33,Var13,-inf,nan,nan,nan,0.15906852805891425,0.0028824195109597873
Var33,Var14,-inf,nan,nan,nan,0.12934816475418656,0.0031141244256727425
Var33,Var15,nan,nan,nan,nan,0.049731936843368,0.0037179092043964804
Var33,Var16,inf,nan,nan,nan,-0.005186965698053967,0.003202820034797679
Var33,Var17,inf,nan,nan,nan,0.03838891267831628,0.0036791497415812314
Var33,Var18,-inf,nan,nan,nan,0.003021869113489682,0.0036845946810270536
Var33,Var19,nan,nan,nan,nan,-0.002911508618895645,0.0028659174704281634
Var33,Var20,inf,nan,nan,nan,-0.026343294898740335,0.0031146585601754136
Var33,Var21,-inf,nan,nan,nan,0.946318715338412,0.0004003397573830174
Var33,Var22,nan,nan,nan,nan,-0.024796272625664598,0.0034998258807630465
Var33,Var23,-inf,nan,nan,nan,-0.3665930162456515,0.0029523757924349225
Var33,Var24,nan,nan,nan,nan,-0.030186111341858463,0.003301711016867101
Var33,Var25,-inf,nan,nan,nan,0.025224791205250896,0.004267229405963929
Var33,Var26,nan,nan,nan,nan,0.11061529429307859,0.00294391022914341
Var33,Var27,inf,nan,nan,nan,-0.31630358411505555,0.0024904369506234957
Var33,Var28,nan,nan,nan,nan,0.07040959124895695,0.002778879779359589
Var33,Var29,-inf,nan,nan,nan,0.08760497238493041,0.004279156790214348
Var33,Var30,inf,nan,nan,nan,-0.06444059940011003,0.0030848668813284663
Var33,Var31,-inf,nan,nan,nan,-0.07600974759385194,0.004283019575290969
Var33,Var32,-inf,nan,nan,nan,0.11120348187881683,0.003019939331364689
Var33,Var33,-inf,nan,nan,nan,1.0,0.0
Var33,Var34,-inf,nan,nan,nan,-0.005415760449270301,0.0033099941551038483
Var33,Var35,inf,nan,nan,nan,0.9372816284590855,0.00041891366908994765
Var33,Var36,inf,nan,nan,nan,-0.04109855706926183,0.0070424439351422065
Var34,Var1,inf,nan,nan,nan,-0.008191245465678784,0.0031206226809861286
Var34,Var2,inf,nan,nan,nan,0.054473611690523525,0.0030602601728258513
Var34,Var3,inf,nan,nan,nan,0.02947918918291865,0.0032775980113407253
Var34,Var4,-inf,nan,nan,nan,0.040782038944638284,0.0031723855930880693
Var34,Var5,-inf,nan,nan,nan,0.007852026136118405,0.002825658971259633
Var34,Var6,-inf,nan,nan,nan,0.07540149668552516,0.0031986051872947632
Var34,Var7,inf,nan,nan,nan,0.0110667126060466,0.0033820935737815866
Var34,Var8,inf,nan,nan,nan,0.02382845556274295,0.002994976667831857
Var34,Var9,-inf,nan,nan,nan,0.06625372064477171,0.003451380932376216
Var34,Var10,-inf,nan,nan,nan,-0.01227452264391478,0.0031512818750811726
Var34,Var11,inf,nan,nan,nan,-0.015953339234839506,0.0033075330540155387
Var34,Var12,inf,nan,nan,nan,0.04954451383800589,0.003083204320241781
Var34,Var13,-inf,nan,nan,nan,-0.004712777187794345,0.003146716863466186
Var34,Var14,inf,nan,nan,nan,0.006348906836184191,0.0032387387918528816
Var34,Var15,-inf,nan,nan,nan,0.10001883361870678,0.0028804290115634857
Var34,Var16,-inf,nan,nan,nan,0.11523083177282036,0.0033544194385397553
Var34,Var17,-inf,nan,nan,nan,-0.01476524103377922,0.0033662348492535387
Var34,Var18,-inf,nan,nan,nan,0.042275653870057245,0.002804977287993489
Var34,Var19,inf,nan,nan,nan,0.03620150894922452,0.003280168252477366
Var34,Var20,-inf,nan,nan,nan,-0.007864253429766049,0.0030580672731455255
Var34,Var21,-inf,nan,nan,nan,-0.08003821806037521,0.003221511387727288
Var34,Var22,nan,nan,nan,nan,0.8408204986288146,0.0009375123654889604
Var34,Var23,inf,nan,nan,nan,-0.3132910384114692,0.002852245143836368
Var34,Var24,nan,nan,nan,nan,0.7322619223333545,0.001336590736813927
Var34,Var25,nan,nan,nan,nan,-0.14237630860583372,0.0033716857326563576
Var34,Var26,inf,nan,nan,nan,0.10153003851504912,0.0030197449188726915
Var34,Var27,inf,nan,nan,nan,-0.18636640556544554,0.0028747414237891645
Var34,Var28,nan,nan,nan,nan,0.0518933866690306,0.002946241903726018
Var34,Var29,-inf,nan,nan,nan,0.14788623846470958,0.0032669661422159765
Var34,Var30,-inf,nan,nan,nan,0.011407313688049581,0.0031509253275402373
Var34,Var31,-inf,nan,nan,nan,-0.13063620715315072,0.0033332719892044042
Var34,Var32,inf,nan,nan,nan,0.02054191178615409,0.0030658950990471606
Var34,Var33,inf,nan,nan,nan,-0.005415760449270301,0.0033099941551038483
Var34,Var34,-inf,nan,nan,nan,1.0,0.0
Var34,Var35,-inf,nan,nan,nan,-0.08872831141390596,0.0032816705286758162
Var34,Var36,-inf,nan,nan,nan,-0.019083319052641195,0.0032842896704825186
Var35,Var1,-inf,nan,nan,nan,0.09414827561755731,0.00274136974546166
Var35,Var2,inf,nan,nan,nan,-0.02844077555576836,0.004148529873317988
Var35,Var3,inf,nan,nan,nan,0.03449626130127549,0.004270810836246128
Var35,Var4,inf,nan,nan,nan,0.03215750375219958,0.0029269005634050753
Var35,Var5,-inf,nan,nan,nan,-0.004528618469486942,0.004365365266767752
Var35,Var6,inf,nan,nan,nan,0.024926164393154038,0.0029632271707302786
Var35,Var7,inf,nan,nan,nan,0.05289885037453638,0.003539715398049137
Var35,Var8,-inf,nan,nan,nan,0.003997787820971335,0.003361193165008728
Var35,Var9,inf,nan,nan,nan,-0.0013707699379843328,0.002738155467851609
Var35,Var10,inf,nan,nan,nan,-0.04106059323126591,0.003624719990649526
Var35,Var11,-inf,nan,nan,nan,0.01342105921642269,0.002893020343869641
Var35,Var12,-inf,nan,nan,nan,-0.007325602649584005,0.004450519111317189
Var35,Var13,inf,nan,nan,nan,0.14281590319315973,0.002882261025485176
Var35,Var14,inf,nan,nan,nan,0.12756163804600384,0.0031248777588890196
Var35,Var15,inf,nan,nan,nan,0.012171266924819879,0.003806946823630185
Var35,Var16,inf,nan,nan,nan,-0.04044125000809943,0.0033444988334486066
Var35,Var17,-inf,nan,nan,nan,0.07722283260195091,0.0036245224482839293
Var35,Var18,inf,nan,nan,nan,-0.01771669861977008,0.003835739491265737
Var35,Var19,inf,nan,nan,nan,-0.015171953579485968,0.0029823242803307458
Var35,Var20,inf,nan,nan,nan,-0.04769880502002178,0.003038686232720168
Var35,Var21,inf,nan,nan,nan,0.9902734400157619,7.972056288026208e-05
Var35,Var22,nan,nan,nan,nan,-0.12573636383636594,0.0034244992332038223
Var35,Var23,inf,nan,nan,nan,-0.16391811914142285,0.002947907816442921
Var35,Var24,nan,nan,nan,nan,-0.11727686511057903,0.0032857080061926384
Var35,Var25,-inf,nan,nan,nan,0.05864266869435978,0.004586348838560706
Var35,Var26,-inf,nan,nan,nan,0.15394788009852492,0.002763696967499492
Var35,Var27,inf,nan,nan,nan,-0.3080950107069115,0.0023499327898728055
Var35,Var28,nan,nan,nan,nan,0.13595732462855176,0.0027536501129981207
Var35,Var29,inf,nan,nan,nan,0.0540457353073913,0.004626444690783534
Var35,Var30,inf,nan,nan,nan,-0.12642831482367245,0.0031335952843064524
Var35,Var31,-inf,nan,nan,nan,-0.03457957004064234,0.004513923328516396
Var35,Var32,-inf,nan,nan,nan,0.162554488310007,0.0028099325980384714
Var35,Var33,-inf,nan,nan,nan,0.9372816284590855,0.00041891366908994765
Var35,Var34,-inf,nan,nan,nan,-0.08872831141390596,0.0032816705286758162
Var35,Var35,-inf,nan,nan,nan,1.0,0.0
Var35,Var36,inf,nan,nan,nan,-0.03176836304224811,0.007827071384690711
Var36,Var1,inf,nan,nan,nan,-0.00504120759397222,0.0024810108047412065
Var36,Var2,inf,nan,nan,nan,0.07850132985136561,0.004615911779102862
Var36,Var3,inf,nan,nan,nan,0.024942650766770193,0.0041285413326156315
Var36,Var4,inf,nan,nan,nan,0.026233368624945262,0.002577473766044085
Var36,Var5,-inf,nan,nan,nan,-0.09857527044813835,0.0051936669789363265
Var36,Var6,inf,nan,nan,nan,-0.03986390705878727,0.003064544133360006
Var36,Var7,inf,nan,nan,nan,-0.05999758484500477,0.0037611271071335594
Var36,Var8,inf,nan,nan,nan,0.08303095413713293,0.0034043162035263938
Var36,Var9,inf,nan,nan,nan,0.045155295399672245,0.0026753730029343862
Var36,Var10,inf,nan,nan,nan,0.013831433617985925,0.003683325624527697
Var36,Var11,inf,nan,nan,nan,-0.033897029538234084,0.0029755330395447852
Var36,Var12,inf,nan,nan,nan,0.08125519067464662,0.0049006743479567925
Var36,Var13,inf,nan,nan,nan,-0.04412143104949983,0.0031222333503871523
Var36,Var14,inf,nan,nan,nan,0.04421791953347664,0.0031024271466103997
Var36,Var15,inf,nan,nan,nan,-0.05816315064464248,0.004689231299492015
Var36,Var16,-inf,nan,nan,nan,0.05702992588062014,0.0031722672360079054
Var36,Var17,inf,nan,nan,nan,-0.01613093770004174,0.0037683817285866722
Var36,Var18,inf,nan,nan,nan,0.11678129009858022,0.0041383085453317306
Var36,Var19,inf,nan,nan,nan,0.048810363056047516,0.0036091172884158327
Var36,Var20,-inf,nan,nan,nan,-0.018014811528481712,0.0029103252286613703
Var36,Var21,-inf,nan,nan,nan,-0.07092794293997233,0.007934993758941066
Var36,Var22,-inf,nan,nan,nan,0.03974272848390516,0.003386547411672876
Var36,Var23,nan,nan,nan,nan,-0.006341120255708562,0.003003365431528767
Var36,Var24,nan,nan,nan,nan,0.023120113247935357,0.002791464106322916
Var36,Var25,-inf,nan,nan,nan,0.0933784016216383,0.00765196554753224
Var36,Var26,-inf,nan,nan,nan,-0.030984277334489337,0.003009890268102634
Var36,Var27,-inf,nan,nan,nan,0.031127259130341162,0.002946629153077769
Var36,Var28,nan,nan,nan,nan,-0.040581242673994836,0.002498590696492339
Var36,Var29,-inf,nan,nan,nan,-0.08849008078335688,0.007865630449724947
Var36,Var30,inf,nan,nan,nan,0.02275959106167051,0.0032413004481266798
Var36,Var31,-inf,nan,nan,nan,0.10569758330764395,0.00771932683097543
Var36,Var32,inf,nan,nan,nan,-0.03131907464218288,0.00292431901115499
Var36,Var33,-inf,nan,nan,nan,-0.04109855706926183,0.0070424439351422065
Var36,Var34,inf,nan,nan,nan,-0.019083319052641195,0.0032842896704825186
Var36,Var35,-inf,nan,nan,nan,-0.03176836304224811,0.007827071384690711
Var36,Var36,inf,nan,nan,nan,1.0,0.0
