# EPAC,CPAC,NAT,WPAC
-2.003651857376098633e-02,9.853383302688598633e-01,3.748633265495300293e-01,-9.972169399261474609e-01
-1.652491092681884766e-02,9.814512729644775391e-01,7.622397541999816895e-01,-7.376571297645568848e-01
7.520135492086410522e-02,7.651996016502380371e-01,5.478714108467102051e-01,2.652566134929656982e-01
-2.310030758380889893e-01,9.759454429149627686e-02,7.094430923461914062e-01,2.967245578765869141e-01
3.615709841251373291e-01,9.510657191276550293e-01,3.362546563148498535e-01,-1.706251353025436401e-01
3.506502807140350342e-01,1.151017069816589355e+00,8.104194700717926025e-02,6.580982804298400879e-01
4.918863475322723389e-01,1.469041705131530762e+00,-1.071860268712043762e-01,1.358716726303100586e+00
-1.386226341128349304e-02,1.589455604553222656e+00,2.344447374343872070e-01,-4.811426699161529541e-01
5.491911172866821289e-01,1.319872260093688965e+00,-8.479735851287841797e-01,1.399939060211181641e-01
2.037416100502014160e-01,4.161624610424041748e-01,-6.613793969154357910e-01,1.586199522018432617e+00
5.503488183021545410e-01,1.259519100189208984e+00,-3.395259082317352295e-01,-4.485487565398216248e-02
-3.000003695487976074e-01,1.357739329338073730e+00,-9.359394311904907227e-01,1.200361967086791992e+00
4.708167016506195068e-01,1.849634647369384766e+00,3.166493773460388184e-01,1.249695539474487305e+00
6.081166863441467285e-01,1.539802074432373047e+00,1.724876642227172852e+00,2.301029443740844727e+00
9.214215278625488281e-01,8.888735175132751465e-01,2.003074586391448975e-01,2.082175016403198242e+00
1.621196031570434570e+00,6.894237399101257324e-01,1.261830687522888184e+00,2.101461648941040039e+00
8.038791418075561523e-01,7.031745314598083496e-01,5.547504425048828125e-01,-1.134752929210662842e-01
1.262124657630920410e+00,9.624341726303100586e-01,-4.381278902292251587e-02,1.712781906127929688e+00
4.182969629764556885e-01,8.791768550872802734e-01,8.577129244804382324e-02,1.621727824211120605e+00
7.198707461357116699e-01,9.018301963806152344e-01,-2.399516701698303223e-01,-8.759037405252456665e-02
5.446376204490661621e-01,1.048784375190734863e+00,-4.667023122310638428e-01,1.856731772422790527e-01
1.121004343032836914e+00,1.191809773445129395e+00,-1.801039427518844604e-01,7.517915368080139160e-01
1.060843944549560547e+00,1.488309621810913086e+00,-3.650379925966262817e-02,-1.805637218058109283e-02
1.308585882186889648e+00,1.450108170509338379e+00,3.561179041862487793e-01,4.980178475379943848e-01
6.134420037269592285e-01,1.084854245185852051e+00,-4.667023122310638428e-01,1.165452077984809875e-01
-4.889711439609527588e-01,4.101438820362091064e-01,4.648928642272949219e-01,-3.642024705186486244e-03
-2.943663597106933594e-01,1.013143807649612427e-01,6.923314332962036133e-01,-5.893517732620239258e-01
-1.082316875457763672e+00,1.354615837335586548e-01,9.778979420661926270e-01,1.423885822296142578e+00
-1.268277764320373535e+00,-3.614074587821960449e-01,1.272665143013000488e+00,-1.488319873809814453e+00
-2.021498203277587891e+00,-5.209422111511230469e-01,3.843220174312591553e-01,-7.490262389183044434e-01
-2.076333284378051758e+00,-9.750958681106567383e-01,-3.771027028560638428e-01,-3.749637305736541748e-01
-1.818944096565246582e+00,-1.793082356452941895e+00,-6.232866644859313965e-01,-1.870300054550170898e+00
-1.095591545104980469e+00,-1.696032404899597168e+00,-2.953280210494995117e-01,-1.541307806968688965e+00
-5.680787563323974609e-01,-1.539674043655395508e+00,-1.398555517196655273e+00,-1.143187522888183594e+00
-1.547778487205505371e+00,-1.999094009399414062e+00,-1.138011455535888672e+00,-6.515771150588989258e-01
-7.389126420021057129e-01,-2.103416442871093750e+00,-4.282656311988830566e-01,1.048716157674789429e-01
-9.597194194793701172e-01,-1.613903522491455078e+00,-4.137336313724517822e-01,-8.209964632987976074e-01
-8.920727372169494629e-01,-1.401288032531738281e+00,-4.049628674983978271e-01,-9.438229203224182129e-01
-8.081028461456298828e-01,-1.625230193138122559e+00,-1.642589688301086426e+00,-9.025085568428039551e-01
-3.480823636054992676e-01,-1.471003532409667969e+00,-1.072230577468872070e+00,1.009422659873962402e+00
-3.334956765174865723e-01,-7.965022325515747070e-01,-1.385915279388427734e+00,-1.371279358863830566e+00
5.502716302871704102e-01,-2.847956418991088867e-01,-1.447568655014038086e+00,-9.041327238082885742e-01
7.105321884155273438e-01,9.028027206659317017e-02,-1.336816072463989258e+00,-2.993391752243041992e-01
1.865308731794357300e-01,-1.986962109804153442e-01,-1.025539040565490723e+00,-1.031121134757995605e+00
1.692043691873550415e-01,-9.357965737581253052e-02,-1.131218433380126953e+00,-8.027247190475463867e-01
1.070373505353927612e-01,-1.025418043136596680e+00,-8.502092957496643066e-01,-8.019126653671264648e-01
-2.944435477256774902e-01,-9.000723361968994141e-01,-9.699047207832336426e-01,-4.032848775386810303e-01
-3.506678342819213867e-01,-1.235484004020690918e+00,-1.600025653839111328e+00,1.378105044364929199e+00
-6.679087281227111816e-01,-1.301730394363403320e+00,3.618791103363037109e-01,-1.848364621400833130e-01
-6.248819231986999512e-01,-6.694010496139526367e-01,-5.808085203170776367e-01,2.011026144027709961e-01
-2.999231815338134766e-01,-1.904624253511428833e-01,4.321314096450805664e-01,7.223538160324096680e-01
5.905586481094360352e-01,-2.868854403495788574e-01,2.501805722713470459e-01,6.778926253318786621e-01
-2.344760894775390625e-01,-1.546433866024017334e-01,-1.242976635694503784e-01,2.042506588622927666e-03
8.384530991315841675e-02,-2.395307570695877075e-01,-3.435409814119338989e-02,-2.777176499366760254e-01
4.434956312179565430e-01,1.149510312825441360e-02,-3.949022591114044189e-01,9.441614151000976562e-02
9.008921384811401367e-01,5.685479845851659775e-03,-1.009948849678039551e-01,-4.275456666946411133e-01
6.124772429466247559e-01,-2.253201603889465332e-01,-1.019003987312316895e+00,-1.582723617553710938e+00
5.617693439126014709e-02,-5.596869587898254395e-01,-4.581035077571868896e-01,-1.044621825218200684e+00
-2.879605591297149658e-01,-8.215797543525695801e-01,-2.336745411157608032e-01,-1.427312612533569336e+00
-6.893642544746398926e-01,-9.088912606239318848e-01,-8.098808526992797852e-01,-1.326209187507629395e+00
-1.296332001686096191e+00,-9.954086542129516602e-01,-3.442552387714385986e-01,-1.514509320259094238e+00
-1.200631141662597656e+00,-6.862447857856750488e-01,2.490627169609069824e-01,-1.880450963973999023e+00
-4.140697121620178223e-01,-1.062616348266601562e+00,-1.131192073225975037e-01,-2.472961902618408203e+00
-2.054956853389739990e-01,-9.212210178375244141e-01,-1.631642878055572510e-01,-1.307632923126220703e+00
2.758241817355155945e-02,-1.051582336425781250e+00,-3.074523508548736572e-01,-4.620589017868041992e-01
1.675915360450744629e+00,4.443328678607940674e-01,1.015931069850921631e-01,-1.123596191406250000e+00
6.332381963729858398e-01,-8.566903881728649139e-03,-6.115922927856445312e-01,-4.184098243713378906e-01
1.044134855270385742e+00,-7.061396241188049316e-01,-7.955208420753479004e-01,-1.220334768295288086e+00
1.097079038619995117e+00,-7.319276332855224609e-01,-1.062857866287231445e+00,-3.202501237392425537e-01
1.208524346351623535e+00,-8.944186568260192871e-02,-6.765133142471313477e-01,-1.594590842723846436e-01
1.091908097267150879e+00,-4.573707282543182373e-01,-1.328819155693054199e+00,-1.825017482042312622e-01
1.972200572490692139e-01,-5.563433170318603516e-01,-3.481247127056121826e-01,-7.790729999542236328e-01
-5.766069293022155762e-01,-1.187460541725158691e+00,9.118854254484176636e-02,-1.313317418098449707e+00
7.863393984735012054e-03,-3.257137835025787354e-01,3.909431099891662598e-01,-2.032613754272460938e+00
-1.593699574470520020e+00,-1.429709196090698242e+00,2.824524790048599243e-02,-1.092940330505371094e+00
-3.390139341354370117e-01,-1.197533369064331055e+00,3.941246569156646729e-01,-5.313898921012878418e-01
-5.649144649505615234e-01,-4.618010818958282471e-01,-9.494395852088928223e-01,-5.064185261726379395e-01
-7.828655838966369629e-01,-1.192423030734062195e-01,-1.611461997032165527e+00,-1.397671818733215332e+00
1.114346645772457123e-02,-1.106741577386856079e-01,-1.349284291267395020e+00,2.559270709753036499e-02
-2.156060189008712769e-01,-5.175985693931579590e-01,-1.392278313636779785e+00,-1.086951255798339844e+00
-9.941427409648895264e-02,-3.052756190299987793e-01,-1.411539673805236816e+00,-9.367172718048095703e-01
-8.868651092052459717e-02,8.651864528656005859e-02,-6.533825397491455078e-01,3.706327825784683228e-02
1.106261387467384338e-01,1.494213938713073730e-01,-2.344484329223632812e-01,3.082966208457946777e-01
-4.306244254112243652e-01,5.131288170814514160e-01,-5.906112194061279297e-01,-5.564627051353454590e-01
1.355161070823669434e-01,6.938122510910034180e-01,-3.256818056106567383e-01,-1.292092651128768921e-01
-7.698611021041870117e-01,4.222228825092315674e-01,3.126939237117767334e-01,5.888782069087028503e-02
-3.120401501655578613e-01,3.745032474398612976e-02,4.289498329162597656e-01,3.414902389049530029e-01
-1.219888925552368164e-01,-4.232653081417083740e-01,-3.684775158762931824e-02,-8.707361221313476562e-01
-5.796940922737121582e-01,-8.357067108154296875e-01,-4.595653116703033447e-01,1.517689973115921021e-01
-6.259623765945434570e-01,-5.386218428611755371e-01,-8.704165220260620117e-01,2.128777056932449341e-01
5.582963302731513977e-02,-2.442954778671264648e-01,-1.047783643007278442e-01,2.350067794322967529e-01
-3.871363773941993713e-02,6.938234716653823853e-02,-5.288717150688171387e-01,-1.511667013168334961e+00
-1.877061128616333008e-01,9.634067118167877197e-02,-1.364934086799621582e+00,-1.607787162065505981e-01
-3.925755918025970459e-01,2.035582251846790314e-02,-9.317260384559631348e-01,-2.736572623252868652e-01
-2.256777733564376831e-01,-4.698258936405181885e-01,-6.446977257728576660e-01,1.015218049287796021e-01
-5.813534259796142578e-01,2.202653586864471436e-01,-1.718490868806838989e-01,-1.001987814903259277e+00
-3.272442519664764404e-01,-4.097652435302734375e-01,4.231026470661163330e-01,9.329953789710998535e-02
5.714166164398193359e-02,2.747253477573394775e-01,-3.123536705970764160e-01,6.353601813316345215e-01
-2.323941327631473541e-02,-8.802080899477005005e-02,-7.511246204376220703e-02,3.104283213615417480e-01
1.438494957983493805e-02,2.348521053791046143e-01,-1.773523241281509399e-01,1.013178467750549316e+00
-3.060202598571777344e-01,3.143478035926818848e-01,-4.419377446174621582e-01,3.158083260059356689e-01
-4.697151780128479004e-01,-3.414596244692802429e-02,2.377122789621353149e-01,8.325009793043136597e-02
-9.116373658180236816e-01,1.993786357343196869e-02,1.715014427900314331e-01,5.188272595405578613e-01
-1.675626039505004883e-01,1.852822303771972656e-01,-2.756367325782775879e-01,-1.477356791496276855e+00
-3.982096016407012939e-01,-1.362950056791305542e-01,-1.286082983016967773e+00,1.270006895065307617e-01
-2.960256934165954590e-01,-1.032523393630981445e+00,-7.301698923110961914e-01,5.272525548934936523e-01
2.792971953749656677e-02,-7.863040566444396973e-01,-2.084800302982330322e-01,4.904139786958694458e-02
-1.410133093595504761e-01,3.116728663444519043e-01,1.207948196679353714e-02,8.884233236312866211e-01
-7.169554233551025391e-01,-7.765543460845947266e-02,-6.466754674911499023e-01,7.745296955108642578e-01
1.855275630950927734e-01,7.789503931999206543e-01,-4.637787342071533203e-01,7.472330331802368164e-02
-1.853521764278411865e-01,-2.703343033790588379e-01,-1.576980829238891602e+00,1.139059588313102722e-01
1.660014837980270386e-01,-1.996157169342041016e-01,-7.319756746292114258e-01,1.425205469131469727e+00
-2.995391376316547394e-02,7.113777846097946167e-02,-7.692945003509521484e-01,-1.433190852403640747e-01
-1.521288137882947922e-02,-2.821207344532012939e-01,-1.126231193542480469e+00,5.765861868858337402e-01
-8.414438366889953613e-01,-1.123041957616806030e-01,-2.655761241912841797e-01,1.983618587255477905e-01
-7.520329356193542480e-01,-1.734515130519866943e-01,-4.011793732643127441e-01,2.305497042834758759e-02
-7.480968236923217773e-01,-9.135723710060119629e-01,-8.892478942871093750e-01,-5.675272345542907715e-01
-1.194341063499450684e+00,-5.695507526397705078e-01,-2.234419584274291992e-01,-4.765747487545013428e-01
-9.408879280090332031e-01,-9.175429940223693848e-01,-1.210241556167602539e+00,2.234440483152866364e-02
-1.051522850990295410e+00,-1.109803915023803711e+00,-1.306032299995422363e+00,-1.787772774696350098e+00
-1.306712508201599121e+00,-8.393011689186096191e-01,-1.946041822433471680e+00,-6.566525697708129883e-01
-1.242152929306030273e+00,-9.072611927986145020e-01,-4.643806517124176025e-01,-1.275149941444396973e+00
-1.362975358963012695e+00,-7.211025357246398926e-01,-1.843887925148010254e+00,-5.372774004936218262e-01
-1.133949160575866699e+00,-9.689100980758666992e-01,-8.248428106307983398e-01,-1.773967504501342773e+00
-1.210394144058227539e+00,-5.793728232383728027e-01,-1.711638212203979492e+00,-1.263273239135742188e+00
-3.880992531776428223e-01,-5.973032116889953613e-01,-8.455659151077270508e-01,-9.684897065162658691e-01
-9.557061195373535156e-01,-8.855273723602294922e-01,-1.033707976341247559e+00,-1.936677843332290649e-01
3.957609236240386963e-01,-5.400429368019104004e-01,-1.152543544769287109e+00,-3.857237398624420166e-01
-6.059732437133789062e-01,-1.390839099884033203e+00,-1.528741478919982910e+00,-1.066741570830345154e-01
-9.046527743339538574e-01,-8.344528675079345703e-01,-1.332516670227050781e+00,2.306418716907501221e-01
-1.260444164276123047e+00,-1.094046831130981445e+00,-1.220130205154418945e+00,-1.326513648033142090e+00
-7.027932405471801758e-01,-5.647024512290954590e-01,-1.211703300476074219e+00,-1.089996576309204102e+00
-1.210627555847167969e-01,-7.728875875473022461e-01,-1.000000596046447754e+00,2.075992226600646973e-01
-7.779647707939147949e-01,-5.647860765457153320e-01,-5.612892508506774902e-01,-1.469439029693603516e+00
-3.752104938030242920e-01,-4.727934002876281738e-01,-2.788183093070983887e-01,4.487951099872589111e-02
-4.969976544380187988e-01,-3.116285800933837891e-01,3.359966874122619629e-01,7.928013801574707031e-01
3.946032524108886719e-01,3.746591806411743164e-01,4.244784712791442871e-01,1.699281096458435059e+00
1.173446893692016602e+00,4.567462503910064697e-01,3.374584913253784180e-01,6.330254673957824707e-01
1.761891961097717285e+00,1.258683204650878906e+00,4.815745651721954346e-01,2.847464382648468018e-01
1.794847011566162109e+00,1.295129179954528809e+00,5.963090807199478149e-02,4.650272428989410400e-01
1.194516539573669434e+00,8.285620808601379395e-01,-1.752026230096817017e-01,7.868216931819915771e-02
1.435814142227172852e+00,1.166648745536804199e+00,-8.494353890419006348e-01,1.068805694580078125e+00
1.265713334083557129e+00,1.449314117431640625e+00,-2.660920619964599609e-01,6.777911186218261719e-01
8.625731468200683594e-01,1.666318178176879883e+00,-3.954181671142578125e-01,1.328670024871826172e+00
4.666490852832794189e-01,1.502603769302368164e+00,-1.107657670974731445e+00,5.598371028900146484e-01
-2.948294281959533691e-01,1.261316299438476562e+00,-7.502050995826721191e-01,-7.611058354377746582e-01
-1.529759317636489868e-01,4.136547148227691650e-01,3.658345639705657959e-01,2.823195420205593109e-02
-5.437676310539245605e-01,6.766341924667358398e-01,1.164954155683517456e-02,1.428555369377136230e+00
-5.893431976437568665e-02,3.776266872882843018e-01,5.319635868072509766e-01,-1.616922914981842041e-01
-1.818019747734069824e-01,-4.149897396564483643e-01,8.502056002616882324e-01,-1.115372683852910995e-02
-7.530362606048583984e-01,-1.676836907863616943e-01,5.180598795413970947e-02,5.623748302459716797e-01
-1.285104453563690186e-01,-2.740541100502014160e-01,-1.619604527950286865e-01,-2.259477972984313965e-01
-3.292894661426544189e-01,-4.234324991703033447e-01,-3.597331047058105469e-01,2.729713320732116699e-01
-3.390525281429290771e-01,-1.360860317945480347e-01,-3.914627134799957275e-01,-8.572353124618530273e-01
-7.681631445884704590e-01,-1.985178142786026001e-02,-6.126837804913520813e-02,-6.719805002212524414e-01
-2.543494701385498047e-01,4.850420355796813965e-01,-5.473328009247779846e-02,1.500728607177734375e+00
2.197174876928329468e-01,6.192066669464111328e-01,-8.535628318786621094e-01,1.004651665687561035e+00
1.265248507261276245e-01,4.657323360443115234e-01,-2.341044843196868896e-01,1.948791384696960449e+00
5.758947730064392090e-01,4.704134762287139893e-01,9.565992653369903564e-02,3.046516329050064087e-02
8.724905848503112793e-01,3.297704756259918213e-01,5.893176794052124023e-01,6.503835916519165039e-01
1.068754673004150391e+00,5.213208198547363281e-01,4.538863897323608398e-01,1.775210261344909668e+00
2.515149116516113281e-01,5.909109115600585938e-01,-2.963598668575286865e-01,1.041610538959503174e-01
3.716427385807037354e-01,6.467083692550659180e-01,1.507783085107803345e-01,1.056726098060607910e+00
4.495541155338287354e-01,6.231772899627685547e-01,-2.952420413494110107e-01,-2.337640374898910522e-01
1.078401923179626465e+00,1.186418175697326660e+00,-6.910452842712402344e-01,8.298523426055908203e-01
6.095444560050964355e-01,8.066192865371704102e-01,-6.103024482727050781e-01,4.574140310287475586e-01
6.270253062248229980e-01,5.252078175544738770e-01,-5.378144979476928711e-01,7.150450944900512695e-01
1.495625227689743042e-01,4.917293488979339600e-01,-1.552732110023498535e+00,8.077232837677001953e-01
-4.826039373874664307e-01,7.096946835517883301e-01,-7.414343357086181641e-01,-1.080353140830993652e+00
-5.247431993484497070e-01,1.386380642652511597e-01,-9.971629977226257324e-01,6.051103472709655762e-01
-9.747305512428283691e-01,-1.579758524894714355e-02,-3.765007853507995605e-01,-1.602711677551269531e-01
-1.494294047355651855e+00,-5.745244622230529785e-01,-8.797032237052917480e-01,-7.528835535049438477e-01
-2.283170700073242188e+00,-8.127608299255371094e-01,-8.087366819381713867e-02,-1.403965473175048828e+00
-1.864865064620971680e+00,-7.759386897087097168e-01,-3.795103728771209717e-01,-4.378996491432189941e-01
-2.010423183441162109e+00,-1.100901365280151367e+00,-9.478058218955993652e-01,-9.274799227714538574e-01
-1.131247878074645996e+00,-6.255154013633728027e-01,-1.281267642974853516e+00,-1.214751720428466797e+00
-1.231425166130065918e+00,-1.108550071716308594e+00,-1.696246266365051270e+00,-7.008092403411865234e-01
-1.933746576309204102e+00,-9.528604745864868164e-01,-1.552904129028320312e+00,-9.388396143913269043e-02
-1.109946727752685547e+00,-8.724870681762695312e-01,-2.002020120620727539e+00,2.769302129745483398e-01
-1.311844825744628906e+00,-1.043766498565673828e+00,-2.172104597091674805e+00,-1.962775111198425293e+00
-8.951212763786315918e-01,-1.182110667228698730e+00,-1.724246330559253693e-02,1.285426974296569824e+00
-9.633853435516357422e-01,-8.598647117614746094e-01,-7.258704900741577148e-01,-2.939600944519042969e+00
-8.251978158950805664e-01,-9.255260229110717773e-01,-8.905377388000488281e-01,-1.052742600440979004e+00
-6.409735083580017090e-01,-1.353933453559875488e+00,-4.797725081443786621e-01,-1.143999576568603516e+00
-1.351745963096618652e+00,-8.637517690658569336e-01,-2.236999124288558960e-01,-1.251295208930969238e+00
-1.260444164276123047e+00,-1.125853538513183594e+00,-9.480637907981872559e-01,-6.650778651237487793e-01
-1.064450144767761230e+00,-8.427284359931945801e-01,1.077842488884925842e-01,-3.277618288993835449e-01
-1.019532442092895508e+00,-9.905603528022766113e-01,-3.478667438030242920e-01,-1.136386394500732422e+00
-1.332026958465576172e+00,-1.372992277145385742e+00,-6.482232213020324707e-01,-1.365594863891601562e+00
-1.334187865257263184e+00,-2.543317794799804688e+00,-5.839040875434875488e-01,-6.233574748039245605e-01
-1.748171687126159668e+00,-2.572825670242309570e+00,-1.629923135042190552e-01,-1.887049078941345215e+00
-1.360852956771850586e+00,-2.154574632644653320e+00,-5.069447755813598633e-01,-9.077870845794677734e-01
-1.635993242263793945e+00,-1.123053193092346191e+00,5.182055234909057617e-01,-2.532750844955444336e+00
-1.009846568107604980e+00,-1.005314230918884277e+00,-2.878470420837402344e-01,-1.789092421531677246e+00
-6.726166009902954102e-01,-9.730060696601867676e-01,3.741754293441772461e-01,-1.140142321586608887e+00
-7.155276536941528320e-01,-8.419343233108520508e-01,3.331590890884399414e-01,-1.891617059707641602e+00
-7.897344827651977539e-01,-1.071309924125671387e+00,-6.094425916671752930e-01,-1.057513594627380371e+00
-7.186147570610046387e-01,-1.139395356178283691e+00,-1.587729334831237793e+00,-3.544588088989257812e-01
-3.622445762157440186e-01,-7.402868270874023438e-01,-1.447138786315917969e+00,-4.231807589530944824e-01
2.791061103343963623e-01,-7.483952045440673828e-01,-1.403972744941711426e+00,-1.265404939651489258e+00
-6.163923144340515137e-01,-7.712157368659973145e-01,-1.619372963905334473e+00,-1.104715466499328613e+00
-4.206684529781341553e-01,-1.047026515007019043e+00,-1.667440295219421387e+00,-6.106687784194946289e-01
-1.230499029159545898e+00,-1.117410778999328613e+00,-1.068963050842285156e+00,-5.876261591911315918e-01
-9.875035285949707031e-01,-9.480121731758117676e-01,-1.014360547065734863e+00,-1.039241790771484375e+00
-1.003440856933593750e+00,-5.965090990066528320e-01,-1.078335762023925781e+00,-6.291435360908508301e-01
-4.016826152801513672e-01,2.896576747298240662e-02,-1.200094938278198242e+00,-8.841353654861450195e-01
2.363108098506927490e-01,1.352526098489761353e-01,-7.776353359222412109e-01,3.661570250988006592e-01
6.079623103141784668e-01,3.001066297292709351e-02,-1.135087966918945312e+00,5.046253278851509094e-02
1.418796300888061523e+00,8.816010355949401855e-01,-8.947511315345764160e-01,4.361985623836517334e-01
1.413470983505249023e+00,9.668227434158325195e-01,-2.893088459968566895e-01,4.006702601909637451e-01
1.653610944747924805e+00,1.241254329681396484e+00,-1.526737362146377563e-01,-4.541411697864532471e-01
1.617761611938476562e+00,1.308879971504211426e+00,-3.194643184542655945e-02,-1.149684190750122070e+00
1.756412267684936523e+00,1.290406227111816406e+00,-1.671197414398193359e-01,-1.790504157543182373e-01
9.666865468025207520e-01,8.280187249183654785e-01,-7.409183979034423828e-01,5.470468997955322266e-01
1.202311515808105469e+00,1.192687511444091797e+00,-1.069280654191970825e-01,9.599875211715698242e-01
1.106649160385131836e+00,1.308587431907653809e+00,-4.545780122280120850e-01,1.913577020168304443e-01
7.783331871032714844e-01,1.575579285621643066e+00,4.368607401847839355e-01,2.540084123611450195e+00
5.636620521545410156e-01,1.398615717887878418e+00,1.096217632293701172e+00,1.090731739997863770e+00
5.836511850357055664e-01,7.846764326095581055e-01,2.612360000610351562e+00,8.772572875022888184e-01
6.339713931083679199e-01,4.106454253196716309e-01,2.121109962463378906e+00,1.012172773480415344e-01
2.037030160427093506e-01,6.288615465164184570e-01,1.205250501632690430e+00,-1.945813745260238647e-01
3.408486545085906982e-01,3.635832965373992920e-01,1.133708357810974121e+00,-3.721214532852172852e-01
2.809969782829284668e-01,4.426610469818115234e-01,8.915658593177795410e-01,4.727419912815093994e-01
1.793147176504135132e-01,1.963581293821334839e-01,4.113222956657409668e-01,-1.185009479522705078e+00
1.551193594932556152e-01,-4.828243851661682129e-01,4.710872017312794924e-04,-4.271396398544311523e-01
3.304295837879180908e-01,-4.317386448383331299e-02,-7.677466869354248047e-01,-7.911526560783386230e-01
2.075214870274066925e-02,-1.146865561604499817e-01,-7.759155631065368652e-01,9.583727270364761353e-02
-1.904845237731933594e-01,-4.222622215747833252e-01,-1.239537075161933899e-01,9.761275053024291992e-01
-4.091303050518035889e-01,9.241909980773925781e-01,2.010813504457473755e-01,8.668017983436584473e-01
-3.327442100271582603e-03,7.578017115592956543e-01,-3.364303410053253174e-01,1.485502123832702637e+00
2.468070387840270996e-01,3.798418939113616943e-01,-1.466281991451978683e-02,1.001006737351417542e-01
3.954136073589324951e-01,2.694590687751770020e-01,-2.980796396732330322e-01,-4.928162693977355957e-01
8.002498745918273926e-02,6.722456216812133789e-01,-8.631075024604797363e-01,-1.088575482368469238e+00
-4.937947690486907959e-01,4.256919324398040771e-01,-4.605111777782440186e-01,2.680988609790802002e-01
8.068100363016128540e-02,5.650923028588294983e-02,-8.436741828918457031e-01,4.714223444461822510e-01
-1.122644394636154175e-01,1.469972431659698486e-01,-9.648314714431762695e-01,-6.734016537666320801e-01
-1.398942321538925171e-01,-3.770809173583984375e-01,-8.419544100761413574e-01,-8.100334405899047852e-01
3.239080309867858887e-01,6.520276516675949097e-02,-7.821066975593566895e-01,4.180283546447753906e-01
2.533671855926513672e-01,-5.408370494842529297e-01,-7.556223869323730469e-01,-7.327846884727478027e-01
-8.667987585067749023e-02,1.954386234283447266e-01,-4.277496933937072754e-01,-1.239824533462524414e+00
-4.161535203456878662e-01,4.174999296665191650e-01,3.084805011749267578e-01,-1.167235970497131348e-01
-5.617887377738952637e-01,-6.733186542987823486e-02,7.528670430183410645e-01,1.286248415708541870e-01
-5.120474100112915039e-01,1.762961298227310181e-01,1.571414321660995483e-01,-1.498156934976577759e-01
-7.493702769279479980e-01,1.780627481639385223e-02,-4.424273222684860229e-02,-7.733885049819946289e-01
-1.287147879600524902e+00,2.183427512645721436e-01,-4.131913557648658752e-02,-7.264910936355590820e-01
-9.374148845672607422e-01,1.706954836845397949e-01,-1.883587986230850220e-01,1.795825958251953125e-01
-8.606997728347778320e-01,1.840283572673797607e-01,-3.080542683601379395e-01,-1.522519141435623169e-01
-4.174269735813140869e-01,4.060478806495666504e-01,-5.159735083580017090e-01,-8.769188076257705688e-02
1.025610193610191345e-01,1.902977377176284790e-01,-1.019433856010437012e+00,-1.084210515022277832e+00
-2.974148988723754883e-01,-2.293743640184402466e-01,-1.627343446016311646e-01,4.231038391590118408e-01
-8.126177787780761719e-01,-6.644273400306701660e-01,-1.659159064292907715e-01,2.658656537532806396e-01
-4.131435751914978027e-01,-4.106429815292358398e-01,-9.588982462882995605e-01,5.704956054687500000e-01
4.641389474272727966e-02,2.506091296672821045e-01,5.836424827575683594e-01,-6.619310975074768066e-01
-4.106757044792175293e-02,1.394321918487548828e-01,3.743473887443542480e-01,-1.371076345443725586e+00
-1.427884101867675781e-01,-2.468032240867614746e-01,-8.964445441961288452e-02,1.071648001670837402e+00
-4.271900057792663574e-01,-5.486528277397155762e-01,1.278426408767700195e+00,-6.193985939025878906e-01
-3.030875027179718018e-01,1.373841911554336548e-01,1.711574941873550415e-01,-3.381157815456390381e-01
-3.114227354526519775e-01,-4.177900552749633789e-01,-7.717021703720092773e-01,6.741461902856826782e-02
-7.269886136054992676e-01,-4.638072848320007324e-01,-4.473550021648406982e-01,6.845923066139221191e-01
-1.765152812004089355e-01,-9.487532824277877808e-02,-6.456435918807983398e-01,-4.546393454074859619e-02
-3.889482021331787109e-01,-5.119560956954956055e-01,-1.042048811912536621e+00,-3.155806660652160645e-01
-3.612412512302398682e-01,-5.011309981346130371e-01,-1.653596162796020508e+00,-2.774131000041961670e-01
-4.860769510269165039e-01,-5.034715533256530762e-01,-2.691016495227813721e-01,1.298521637916564941e+00
-6.845791935920715332e-01,-1.829391717910766602e-01,-2.355662733316421509e-01,-3.460335135459899902e-01
-2.724863290786743164e-01,-4.903894364833831787e-01,-7.081305980682373047e-02,-1.303064942359924316e+00
-6.621975302696228027e-01,-4.592097401618957520e-01,-1.939480304718017578e-01,2.054675221443176270e-01
-1.491091132164001465e+00,-1.133752942085266113e+00,9.539072513580322266e-01,1.917637437582015991e-01
-1.330058932304382324e+00,-1.056221604347229004e+00,2.979303337633609772e-02,-2.601565122604370117e-01
-8.155119419097900391e-01,-2.872616052627563477e-01,6.387608647346496582e-01,-4.983992874622344971e-01
-1.321993827819824219e+00,-7.689169645309448242e-01,-6.060030460357666016e-01,5.584160089492797852e-01
-7.153347134590148926e-01,-5.549222230911254883e-01,1.932885148562490940e-03,-5.683393478393554688e-01
-2.216645032167434692e-01,-5.808356404304504395e-01,-8.171898722648620605e-01,9.939932227134704590e-01
-3.199895024299621582e-01,-1.212120175361633301e+00,-7.927692532539367676e-01,-4.138418734073638916e-01
-6.713817119598388672e-01,-5.507008433341979980e-01,-8.806490898132324219e-01,1.129923760890960693e-01
-5.934703946113586426e-01,-3.978534340858459473e-01,-6.670545935630798340e-01,-1.997583508491516113e-01
-7.134052515029907227e-01,-8.094589114189147949e-01,-1.148125994950532913e-02,5.738454461097717285e-01
-4.832985401153564453e-01,-1.060108661651611328e+00,6.206173300743103027e-01,-4.848985373973846436e-01
-9.389199018478393555e-01,-1.223739385604858398e+00,8.275047540664672852e-01,1.210512876510620117e+00
-3.844332993030548096e-01,-9.185460805892944336e-01,5.701423287391662598e-01,-6.473137140274047852e-01
-4.716832339763641357e-01,-6.730372905731201172e-01,1.004984259605407715e+00,-2.464527189731597900e-01
-1.995143741369247437e-01,-2.561655044555664062e-01,-5.300755500793457031e-01,-9.245361089706420898e-01
2.424464672803878784e-01,1.283144950866699219e-01,1.048606559634208679e-01,1.000185251235961914e+00
5.448691844940185547e-01,2.276632189750671387e-01,4.342811107635498047e-01,4.357925355434417725e-01
7.347275018692016602e-01,3.916282951831817627e-01,-2.983376085758209229e-01,-9.776256084442138672e-01
7.894082665443420410e-01,1.245110705494880676e-01,-1.026570916175842285e+00,3.817895054817199707e-01
3.647738695144653320e-01,5.573488473892211914e-01,-4.268898367881774902e-01,6.894647479057312012e-01
-8.486618846654891968e-02,8.931784629821777344e-01,6.475316286087036133e-01,1.788913965225219727e+00
8.712538331747055054e-02,8.664291501045227051e-01,4.502748847007751465e-01,1.784549117088317871e+00
-1.062445417046546936e-01,8.886227011680603027e-01,1.433833241462707520e-01,8.291417956352233887e-01
-7.627606987953186035e-01,6.087577342987060547e-01,1.219782471656799316e+00,-6.277223825454711914e-01
-7.193479537963867188e-01,-4.589589536190032959e-01,1.807021647691726685e-01,2.452592402696609497e-01
-9.184290766716003418e-01,-7.712575197219848633e-01,-3.709975481033325195e-01,-6.402080655097961426e-01
-1.975924491882324219e+00,-7.182604074478149414e-01,-1.801899373531341553e-01,-1.018026351928710938e+00
-1.571202158927917480e+00,-1.538629174232482910e+00,-5.165754556655883789e-01,-3.318221867084503174e-01
-1.761947989463806152e+00,-1.585315108299255371e+00,-3.617108464241027832e-01,-1.095164194703102112e-01
-2.001238822937011719e+00,-1.501305460929870605e+00,-1.214884877204895020e+00,-3.471501171588897705e-01
-1.174351930618286133e+00,-1.732854485511779785e+00,-1.456081509590148926e+00,-1.567192673683166504e+00
-1.482524394989013672e+00,-1.419093132019042969e+00,-1.581108212471008301e+00,-4.918011724948883057e-01
-7.609856128692626953e-01,-1.119082570075988770e+00,-8.810790181159973145e-01,-8.881957530975341797e-01
-1.136650323867797852e+00,-1.554804205894470215e+00,-1.855754256248474121e+00,4.256415665149688721e-01
-7.331242561340332031e-01,-8.433553576469421387e-01,-5.963723659515380859e-01,-3.142610490322113037e-01
-7.322367429733276367e-01,-5.033043622970581055e-01,-9.612199664115905762e-01,-2.015560150146484375e+00
-2.123645395040512085e-01,-4.368907511234283447e-01,-1.332404315471649170e-01,1.839475035667419434e-01
3.124470710754394531e-01,-6.716468185186386108e-02,-3.438253104686737061e-01,9.621192216873168945e-01
1.038925290107727051e+00,4.552833735942840576e-01,-5.197569727897644043e-01,-1.397662460803985596e-01
1.381210565567016602e+00,3.361234366893768311e-01,-8.171898722648620605e-01,1.940873742103576660e+00
1.672249436378479004e+00,6.215890645980834961e-01,-6.995581388473510742e-01,8.845659494400024414e-01
1.439518690109252930e+00,1.188967704772949219e+00,-9.853826165199279785e-01,5.401442646980285645e-01
1.207405328750610352e+00,1.284345746040344238e+00,-8.676648736000061035e-01,5.836918354034423828e-01
1.444187879562377930e+00,1.871284961700439453e+00,-9.604460597038269043e-01,1.436168551445007324e+00
1.084306120872497559e+00,1.739795207977294922e+00,-7.011919021606445312e-01,2.266516208648681641e+00
7.334154844284057617e-01,1.660675644874572754e+00,7.098133862018585205e-02,-5.713752284646034241e-02
7.005375623703002930e-01,1.600949406623840332e+00,5.053073167800903320e-01,2.096690654754638672e+00
-5.411252845078706741e-03,1.247607231140136719e+00,8.506355285644531250e-01,3.877785503864288330e-01
-7.115143537521362305e-01,8.382587432861328125e-01,3.206908106803894043e-01,-2.141727060079574585e-01
-1.040795087814331055e+00,5.698457956314086914e-01,1.277136564254760742e+00,-2.255417704582214355e-01
-1.242500185966491699e+00,1.392650008201599121e-01,9.892747551202774048e-02,1.166051745414733887e+00
-7.974522709846496582e-01,5.367434620857238770e-01,2.427855879068374634e-01,1.653703331947326660e+00
-6.642059981822967529e-02,1.043643474578857422e+00,-6.359005719423294067e-02,-2.924365103244781494e-01
2.645966112613677979e-01,3.500832319259643555e-01,-2.687313221395015717e-02,6.650102883577346802e-02
-1.194806024432182312e-01,2.449249029159545898e-01,-2.267094999551773071e-01,5.285722017288208008e-01
-3.914565145969390869e-01,5.713616684079170227e-02,-6.384205818176269531e-01,2.848479449748992920e-01
-4.887010157108306885e-01,1.240931153297424316e-01,3.372865319252014160e-01,1.884139329195022583e-01
-9.588704109191894531e-01,2.596788406372070312e-01,-3.504200279712677002e-02,-7.384692430496215820e-01
-7.233226299285888672e-01,-2.815355658531188965e-01,-8.672085404396057129e-02,-1.715498089790344238e+00
-7.175728678703308105e-01,-4.118550419807434082e-01,-3.717714548110961914e-01,-1.044926404953002930e+00
-1.133293151855468750e+00,-3.635390400886535645e-01,-4.433135688304901123e-01,-1.225714802742004395e+00
-8.937706351280212402e-01,5.727275740355253220e-03,6.762780249118804932e-02,1.268991827964782715e-01
-7.464761137962341309e-01,2.888105511665344238e-01,-5.996399521827697754e-01,-6.000102758407592773e-01
-9.806732535362243652e-01,1.896290034055709839e-01,-9.960451126098632812e-01,-4.936283528804779053e-01
-1.194341063499450684e+00,2.320935875177383423e-01,-8.673209547996520996e-01,-5.971680283546447754e-01
-9.319738149642944336e-01,-1.778400838375091553e-01,-1.278860092163085938e+00,-2.467572540044784546e-01
-1.392457485198974609e+00,-3.662975728511810303e-01,-1.174728393554687500e+00,1.965346783399581909e-01
-1.157295584678649902e+00,-1.000967502593994141e+00,-1.351606011390686035e+00,-2.993298135697841644e-02
-1.226099848747253418e+00,-2.685370743274688721e-01,-1.347392559051513672e+00,6.619650125503540039e-02
-1.184462308883666992e+00,-5.441806912422180176e-01,-9.137545228004455566e-01,1.277813673019409180e+00
-1.389408946037292480e+00,-8.011415600776672363e-01,-6.086686849594116211e-01,-1.850302696228027344e+00
-1.449029088020324707e+00,-5.989332795143127441e-01,2.362504899501800537e-01,4.528554901480674744e-02
-1.572282552719116211e+00,-1.466531395912170410e+00,-5.808681622147560120e-02,-7.008092403411865234e-01
-1.271866559982299805e+00,-6.770079135894775391e-01,3.862137496471405029e-01,3.967114090919494629e-01
-1.903801441192626953e+00,-5.010473728179931641e-01,-1.949798911809921265e-01,-2.981210350990295410e-01
-1.687432408332824707e+00,9.650785475969314575e-02,-6.984402537345886230e-01,6.971794366836547852e-01
-7.381794452667236328e-01,3.586095869541168213e-01,-4.519123733043670654e-01,1.046686023473739624e-01
2.599273324012756348e-01,9.331771135330200195e-01,-2.838915884494781494e-01,2.908369898796081543e-01
4.055625498294830322e-01,7.517831325531005859e-01,-3.638605475425720215e-01,2.528817951679229736e-02
1.338163390755653381e-02,1.304951190948486328e+00,-4.097518324851989746e-02,4.553838670253753662e-01
4.579646885395050049e-02,1.438865184783935547e+00,1.953201442956924438e-01,1.632081866264343262e+00
-3.376247286796569824e-01,1.556604027748107910e+00,2.411518096923828125e-01,-3.129414319992065430e-01
-5.122017860412597656e-01,1.872329831123352051e+00,4.715139567852020264e-01,-3.994275033473968506e-01
-7.733727097511291504e-01,1.424738168716430664e+00,1.735195279121398926e+00,1.447648406028747559e-01
2.576688537374138832e-03,5.787482857704162598e-01,2.637898445129394531e+00,9.062889814376831055e-01
7.235752940177917480e-01,4.606750607490539551e-01,1.807081341743469238e+00,8.735014200210571289e-01
9.372044801712036133e-01,7.265384197235107422e-01,1.227263450622558594e+00,-2.586338520050048828e-01
1.105182766914367676e+00,7.328913807868957520e-01,5.839864015579223633e-01,3.113419115543365479e-01
3.224802315235137939e-01,5.119167566299438477e-01,3.995419144630432129e-01,2.364279180765151978e-01
5.842300057411193848e-01,1.839865595102310181e-01,-1.475144475698471069e-01,6.691628098487854004e-01
4.030928611755371094e-01,-1.278940439224243164e-01,-3.534559905529022217e-01,-7.499397993087768555e-01
4.678839147090911865e-01,9.847225993871688843e-02,-8.083330988883972168e-01,6.301832199096679688e-01
8.501474857330322266e-01,5.166397094726562500e-01,-4.006634652614593506e-01,5.484680533409118652e-01
6.294950246810913086e-01,5.864081904292106628e-02,-4.862812533974647522e-02,7.363620996475219727e-01
1.566629260778427124e-01,2.636076509952545166e-01,1.670188188552856445e+00,1.538896083831787109e+00
-2.254462391138076782e-01,3.874599561095237732e-02,5.084888339042663574e-01,4.679710268974304199e-01
-6.670597195625305176e-01,-6.041995286941528320e-01,7.256088256835937500e-01,-4.054165780544281006e-01
-1.939961314201354980e-01,-3.357029855251312256e-01,1.464762687683105469e+00,5.524269342422485352e-01
-1.156523704528808594e+00,-6.925447285175323486e-02,9.098813533782958984e-01,-4.525170028209686279e-01
-1.641897320747375488e+00,-4.837856888771057129e-01,-5.292753130197525024e-02,-1.514398455619812012e-01
-1.923752069473266602e+00,-1.608595490455627441e+00,-5.244003534317016602e-01,6.830696463584899902e-01
-1.475038051605224609e+00,-1.396690487861633301e+00,-4.582754969596862793e-01,-9.077870845794677734e-01
-8.795312643051147461e-01,-1.554595232009887695e+00,-8.335276246070861816e-01,-1.505271911621093750e+00
-5.739828944206237793e-01,-1.228127956390380859e+00,-3.774466514587402344e-01,-1.854769110679626465e+00
-9.427787661552429199e-01,-1.783009529113769531e+00,-4.833840131759643555e-01,-2.963953912258148193e-01
-1.165669322013854980e+00,-1.937779545783996582e+00,-5.282698273658752441e-01,-1.463652968406677246e+00
-1.258669018745422363e+00,-1.813144326210021973e+00,5.895756483078002930e-01,-1.298903107643127441e+00
-1.496763706207275391e+00,-2.157333135604858398e+00,-8.754898309707641602e-01,-2.223654508590698242e+00
-1.233084559440612793e+00,-2.069478273391723633e+00,-8.229510784149169922e-01,-1.474210023880004883e+00
-5.579684376716613770e-01,-1.223572134971618652e+00,-8.946651220321655273e-01,-2.019315958023071289e+00
-1.092813134193420410e+00,-1.234271883964538574e+00,-1.306806206703186035e+00,-9.916338920593261719e-01
-7.962946295738220215e-01,-1.180229902267456055e+00,-1.263984084129333496e+00,1.224327608942985535e-01
-3.788378834724426270e-01,-5.849734544754028320e-01,-9.086812138557434082e-01,-5.729072690010070801e-01
-6.395457386970520020e-01,-6.383049488067626953e-01,-1.581452250480651855e+00,-6.438623666763305664e-01
-6.590718030929565430e-01,-1.288522958755493164e+00,-1.342749238014221191e+00,-1.212112545967102051e+00
-5.916181206703186035e-01,-1.118037700653076172e+00,-1.287802815437316895e+00,-3.652188181877136230e-01
-7.972978949546813965e-01,-1.300727367401123047e+00,-1.621952652931213379e+00,3.960101678967475891e-02
-8.610470890998840332e-01,-1.480491161346435547e+00,-1.627025842666625977e+00,-1.054569721221923828e+00
-4.650458991527557373e-01,-1.186666488647460938e+00,-1.137151598930358887e+00,-7.287243008613586426e-01
-3.459213674068450928e-01,-4.251879155635833740e-01,-1.065007567405700684e+00,-1.447005510330200195e+00
-2.119786441326141357e-01,-4.742980301380157471e-01,-1.039641141891479492e+00,-1.723507940769195557e-01
4.685399532318115234e-01,-8.760284632444381714e-02,-8.161579966545104980e-01,5.477575063705444336e-01
7.958912253379821777e-01,5.583937168121337891e-01,-1.295197725296020508e+00,-3.347659707069396973e-01
1.472164988517761230e+00,8.576102256774902344e-01,-7.658549547195434570e-01,-5.339276194572448730e-01
1.935735702514648438e+00,1.700381755828857422e+00,-3.876792490482330322e-01,-2.275719493627548218e-01
2.374262094497680664e+00,1.965200185775756836e+00,-9.799653291702270508e-01,7.748342156410217285e-01
1.901159882545471191e+00,2.194492340087890625e+00,-1.190378308296203613e+00,9.554209187626838684e-03
2.198141574859619141e+00,2.006578207015991211e+00,-5.619771480560302734e-01,1.527831554412841797e+00
1.925123691558837891e+00,2.199215173721313477e+00,-4.913809001445770264e-01,1.289791822433471680e+00
2.232524394989013672e+00,2.175809383392333984e+00,-9.825450181961059570e-01,2.160641670227050781e+00
1.671593427658081055e+00,2.149896144866943359e+00,9.789561480283737183e-02,1.502860307693481445e+00
5.218700766563415527e-01,1.396066188812255859e+00,-7.692945003509521484e-01,1.880069494247436523e+00
1.100858896970748901e-01,6.068769097328186035e-01,-1.688394993543624878e-01,3.515396714210510254e-01
-3.249289095401763916e-01,3.293637186288833618e-02,1.325488239526748657e-01,-4.458173811435699463e-01
-5.909621119499206543e-01,1.032481901347637177e-02,3.329870998859405518e-01,-1.612769067287445068e-02
-9.468306303024291992e-01,-4.577886760234832764e-01,-3.531980216503143311e-01,-6.656869053840637207e-01
-1.406889796257019043e+00,-6.940606236457824707e-01,-4.486448168754577637e-01,-3.995290398597717285e-01
-1.562249422073364258e+00,-1.146709680557250977e+00,-7.245806455612182617e-01,-1.196784615516662598e+00
-1.298184275627136230e+00,-1.550415635108947754e+00,-6.066049933433532715e-01,-4.667283296585083008e-01
-1.038248181343078613e+00,-1.712123751640319824e+00,-7.546765208244323730e-01,-1.275048375129699707e+00
-1.124301910400390625e+00,-1.819831609725952148e+00,-1.302334785461425781e+00,-1.051422953605651855e+00
-1.315703749656677246e+00,-2.008163690567016602e+00,-1.938646793365478516e+00,-6.511710882186889648e-01
-1.401255726814270020e+00,-2.520622730255126953e+00,-1.313685178756713867e+00,-1.586682558059692383e+00
-1.167946100234985352e+00,-1.945971488952636719e+00,-1.346962571144104004e+00,-2.516813993453979492e+00
-1.153783917427062988e+00,-1.468077778816223145e+00,-1.882754564285278320e+00,-1.483650326728820801e+00
-2.162234485149383545e-01,-1.017853021621704102e+00,-2.557761192321777344e+00,-1.760669827461242676e+00
-1.986654102802276611e-01,-7.121999859809875488e-01,-2.101766347885131836e+00,-1.060964822769165039e+00
-1.061673685908317566e-01,-5.241605043411254883e-01,-1.526333808898925781e+00,-8.875866532325744629e-01
-2.421939074993133545e-01,-5.536683797836303711e-01,-1.363730311393737793e+00,-4.691645503044128418e-01
-1.850434690713882446e-01,5.663461610674858093e-02,-1.407154321670532227e+00,-1.076089739799499512e+00
-2.902759015560150146e-01,3.176608681678771973e-02,-1.798572182655334473e+00,-1.183892846107482910e+00
-8.385882377624511719e-01,-8.224574327468872070e-01,-1.873467803001403809e+00,-1.561711192131042480e+00
-7.518013715744018555e-01,-7.432960867881774902e-01,-1.708886623382568359e+00,-1.541612267494201660e+00
-1.458020329475402832e+00,-1.074486374855041504e+00,-2.037963151931762695e+00,-9.997546672821044922e-01
-1.044190883636474609e+00,-6.815218329429626465e-01,-1.570273756980895996e+00,-4.076497852802276611e-01
-1.166055202484130859e+00,-3.987311422824859619e-01,-1.950685143470764160e+00,-9.936547279357910156e-02
-6.752020120620727539e-01,-6.370928883552551270e-01,-1.648178935050964355e+00,-6.584797501564025879e-01
-2.424640357494354248e-01,-7.469741702079772949e-01,-1.490218758583068848e+00,-1.391378283500671387e+00
-9.714505076408386230e-01,-1.034404158592224121e+00,-1.574143171310424805e+00,-1.049494266510009766e+00
-8.022758960723876953e-01,-1.069261908531188965e+00,-9.261367917060852051e-01,-6.370612382888793945e-01
-6.129578948020935059e-01,-9.383991360664367676e-01,-1.159938454627990723e+00,-8.127741813659667969e-01
-7.771158218383789062e-01,-5.479841232299804688e-01,-8.093649744987487793e-01,-1.361838936805725098e+00
-1.103502392768859863e+00,-1.396147131919860840e+00,-1.706134915351867676e+00,-1.802796244621276855e+00
-8.387039899826049805e-01,-1.974434494972229004e+00,-1.908378958702087402e+00,-1.270886540412902832e+00
-1.210972905158996582e+00,-1.549119949340820312e+00,-1.607764601707458496e+00,-1.450558304786682129e+00
-1.408356189727783203e+00,-1.958593845367431641e+00,-1.942172288894653320e+00,-1.021477699279785156e+00
-1.249947905540466309e+00,-2.302699089050292969e+00,-2.077173709869384766e+00,-1.994852185249328613e+00
-1.027366042137145996e+00,-1.664142131805419922e+00,-2.011306762695312500e+00,-1.297583460807800293e+00
-7.282620668411254883e-01,-1.223321437835693359e+00,-2.566359996795654297e+00,-2.304862022399902344e+00
-2.080811560153961182e-01,-1.044685959815979004e+00,-1.879229068756103516e+00,-8.545960783958435059e-01
3.430868089199066162e-01,-4.495967030525207520e-01,-2.421728134155273438e+00,-6.708639264106750488e-01
9.708541631698608398e-01,-7.272353023290634155e-02,-1.592028737068176270e+00,-6.788831353187561035e-01
1.241711020469665527e+00,3.666761815547943115e-01,-7.067811489105224609e-01,1.019278392195701599e-01
1.169047713279724121e+00,6.515566706657409668e-01,-5.004096627235412598e-01,1.559308916330337524e-01
1.479882836341857910e+00,9.778150320053100586e-01,-8.479735851287841797e-01,-5.266176536679267883e-03
5.746213793754577637e-01,6.740428209304809570e-01,-1.129928588867187500e+00,-4.945419430732727051e-01
6.457796692848205566e-01,6.187051534652709961e-01,-7.164117693901062012e-01,-9.465636610984802246e-01
6.155257821083068848e-01,3.717752695083618164e-01,-1.616621375083923340e+00,-8.225190639495849609e-01
3.336324989795684814e-01,5.485299229621887207e-01,-4.723775386810302734e-01,-1.138416647911071777e+00
-2.436602860689163208e-01,2.600131928920745850e-01,-2.824297845363616943e-01,-9.922429323196411133e-01
7.361920177936553955e-02,-1.605366021394729614e-01,-6.034234166145324707e-01,-2.449300736188888550e-01
-1.293594092130661011e-01,-5.593943595886230469e-01,-6.360989212989807129e-01,-1.005236148834228516e+00
-4.908234179019927979e-01,-3.424739539623260498e-01,-3.934404551982879639e-01,-3.090840876102447510e-01
-4.038821756839752197e-01,-6.611978262662887573e-02,-1.661738753318786621e-01,-8.397756814956665039e-01
-3.003109246492385864e-02,1.739555597305297852e-01,-8.717063069343566895e-01,-1.902986049652099609e+00
-8.237700462341308594e-01,-1.047809422016143799e-01,-9.812551736831665039e-01,-9.129640460014343262e-01
-5.625219345092773438e-01,1.499229520559310913e-01,-1.077819824218750000e+00,-2.456406503915786743e-01
9.075275808572769165e-02,1.566938757896423340e-01,-1.086246609687805176e+00,1.309595555067062378e-01
7.496982067823410034e-02,7.788668274879455566e-01,-8.746299147605895996e-01,4.702042341232299805e-01
9.279797971248626709e-02,5.716012120246887207e-01,-3.845836818218231201e-01,1.021096229553222656e+00
-1.068619713187217712e-01,6.369281411170959473e-01,-5.805505514144897461e-01,2.701290547847747803e-01
-1.960799396038055420e-01,7.960867285728454590e-01,9.743724465370178223e-01,1.288675189018249512e+00
-8.655234575271606445e-01,4.568410664796829224e-02,5.867380499839782715e-01,1.128908693790435791e-01
-7.574740052223205566e-01,-4.769729673862457275e-01,4.317014515399932861e-01,-9.276735782623291016e-02
-1.151468634605407715e+00,-6.013992428779602051e-01,1.550777107477188110e-01,-2.372670412063598633e+00
-1.087796568870544434e+00,-7.577157020568847656e-01,-6.424620151519775391e-01,-1.444670796394348145e+00
-3.235011100769042969e-01,1.685638874769210815e-01,-7.231188416481018066e-01,-1.916994333267211914e+00
-8.933075666427612305e-01,1.640081405639648438e-01,-8.189096450805664062e-01,-1.418684363365173340e+00
-9.485671520233154297e-01,-3.738626241683959961e-01,-6.571660041809082031e-01,-1.180644512176513672e+00
-4.770471155643463135e-01,-6.872060894966125488e-01,-7.648230791091918945e-01,-1.402442812919616699e+00
2.221486121416091919e-01,-7.460546493530273438e-01,-1.989353448152542114e-01,-5.161634683609008789e-01
2.300207763910293579e-01,-2.550370097160339355e-01,-2.101997882127761841e-01,3.552955090999603271e-01
6.972170621156692505e-02,2.218535989522933960e-01,-3.091720938682556152e-01,4.585306346416473389e-01
-4.641197621822357178e-01,1.946444958448410034e-01,8.908779621124267578e-01,2.884101122617721558e-02
-5.431501865386962891e-01,1.605808883905410767e-01,2.948943674564361572e-01,1.064957678318023682e-01
2.160129398107528687e-01,1.958147883415222168e-01,9.146106839179992676e-01,-3.457289934158325195e-01
-1.833859831094741821e-02,2.949545383453369141e-01,1.060962438583374023e+00,9.604029357433319092e-02
3.019508421421051025e-01,-9.801001846790313721e-02,1.286681294441223145e+00,-3.434957861900329590e-01
1.302679926156997681e-01,-5.171805620193481445e-01,6.670508980751037598e-01,1.440634965896606445e+00
6.120527386665344238e-01,3.399686515331268311e-01,-6.823341548442840576e-02,3.858498930931091309e-01
5.548637509346008301e-01,6.000642180442810059e-01,-2.684997320175170898e-01,-5.245887637138366699e-01
6.593630313873291016e-01,2.338908016681671143e-01,-3.031529486179351807e-01,9.705539047718048096e-02
2.192158401012420654e-01,3.451931178569793701e-01,-1.225515361875295639e-02,-3.495863676071166992e-01
2.371597588062286377e-01,5.201505422592163086e-01,5.691964626312255859e-01,1.161991357803344727e+00
2.023138105869293213e-01,8.859059810638427734e-01,7.143443822860717773e-01,-2.298051565885543823e-01
-2.607552707195281982e-01,6.121013760566711426e-01,1.219438552856445312e+00,2.563237845897674561e-01
2.462282031774520874e-01,3.684734106063842773e-01,5.570753128267824650e-04,8.385915309190750122e-02
3.843385577201843262e-01,3.148075640201568604e-01,1.222620129585266113e+00,-3.672490119934082031e-01
2.217241227626800537e-01,2.610580921173095703e-01,1.325289964675903320e+00,-2.550810277462005615e-01
5.477247834205627441e-01,2.258242070674896240e-01,1.336640357971191406e+00,7.411424070596694946e-02
1.031012684106826782e-01,-2.977105677127838135e-01,4.251927509903907776e-02,5.105035305023193359e-01
1.810898184776306152e-01,-3.934230804443359375e-01,3.877615332603454590e-01,2.633279263973236084e-01
1.257916539907455444e-01,2.173508517444133759e-02,-1.617884784936904907e-01,3.503309190273284912e-02
-1.008420735597610474e-01,-3.297261893749237061e-01,-8.030018210411071777e-01,2.938822805881500244e-01
-9.188940376043319702e-02,-1.922178566455841064e-01,-1.169026866555213928e-01,3.713340163230895996e-01
-3.987498283386230469e-01,-2.254873514175415039e-01,-4.023832082748413086e-01,-2.379259169101715088e-01
-1.161231637001037598e+00,-1.106502056121826172e+00,6.408245563507080078e-01,1.839487696997821331e-03
-1.140123367309570312e+00,-1.276485681533813477e+00,3.537962436676025391e-01,-2.912090532481670380e-02
-4.166165888309478760e-01,-7.425019741058349609e-01,2.090154170989990234e+00,1.896920084953308105e+00
-3.252762258052825928e-01,-8.619962930679321289e-01,7.331757545471191406e-01,2.355143278837203979e-01
-1.790235638618469238e-01,-6.314086318016052246e-01,5.286960601806640625e-01,-7.289273142814636230e-01
-2.393401600420475006e-02,-5.967598557472229004e-01,1.168989911675453186e-01,3.706234693527221680e-01
-1.052798181772232056e-01,-2.652351856231689453e-01,-5.155172199010848999e-02,-6.837556362152099609e-01
-7.355553507804870605e-01,-7.514880895614624023e-01,-7.787531614303588867e-01,9.908557683229446411e-02
-4.981167614459991455e-01,-2.718389332294464111e-01,-4.010933935642242432e-01,-7.839455008506774902e-01
-2.594046294689178467e-01,-3.266750872135162354e-01,-6.182993650436401367e-01,-2.648166008293628693e-02
-3.804200291633605957e-01,-3.916676640510559082e-01,-2.297190874814987183e-01,-3.845977783203125000e-02
2.741667032241821289e-01,2.733572944998741150e-02,7.386790513992309570e-01,4.479736685752868652e-01
-1.601920872926712036e-01,4.556992091238498688e-03,3.976765275001525879e-02,1.252750307321548462e-01
-3.231924176216125488e-01,8.342575281858444214e-02,2.061546444892883301e-01,1.008112356066703796e-01
-2.634564936161041260e-01,9.600630402565002441e-02,3.417842835187911987e-02,-6.471107006072998047e-01
-3.284791111946105957e-01,5.153022408485412598e-01,-7.208831906318664551e-01,4.123438596725463867e-01
2.103017568588256836e-01,6.386835575103759766e-01,-1.921422779560089111e-01,2.417157590389251709e-02
7.844302654266357422e-01,8.435249924659729004e-01,-1.199982538819313049e-01,8.571584224700927734e-01
9.767968654632568359e-01,8.230868577957153320e-01,-6.547583341598510742e-01,4.945665299892425537e-01
1.512683510780334473e+00,1.390381932258605957e+00,-1.182381391525268555e+00,5.224816203117370605e-01
2.229012727737426758e+00,1.738750338554382324e+00,-1.281267642974853516e+00,1.663143754005432129e+00
2.615868568420410156e+00,2.034623146057128906e+00,-1.428221344947814941e+00,1.281874060630798340e+00
3.131650209426879883e+00,2.576966047286987305e+00,-1.233544349670410156e+00,1.611576914787292480e+00
2.912580013275146484e+00,2.521837234497070312e+00,-1.587471365928649902e+00,2.436037063598632812e+00
2.745566368103027344e+00,2.673221826553344727e+00,-8.248428106307983398e-01,3.417227745056152344e+00
1.863381266593933105e+00,1.889633297920227051e+00,-1.861827261745929718e-02,4.016438007354736328e+00
1.594145178794860840e+00,1.550376415252685547e+00,1.392188668251037598e+00,3.686329364776611328e+00
2.171013355255126953e+00,7.781562805175781250e-01,1.277824521064758301e+00,1.815611004829406738e+00
2.632268905639648438e+00,5.795424580574035645e-01,3.836341202259063721e-01,1.060278892517089844e+00
3.403780460357666016e+00,5.098687410354614258e-01,5.212150812149047852e-01,6.145507097244262695e-01
3.779445171356201172e+00,-2.248492091894149780e-02,2.011673450469970703e-01,3.905193209648132324e-01
3.190498590469360352e+00,4.376149550080299377e-02,-4.796005487442016602e-01,8.389881849288940430e-01
1.487639188766479492e+00,9.036386758089065552e-02,-5.305914878845214844e-01,-2.689878344535827637e-01
1.056985020637512207e+00,-5.122486948966979980e-01,-1.305172443389892578e+00,-1.529624760150909424e-01
7.890609502792358398e-01,-1.030140995979309082e+00,-6.092706322669982910e-01,1.220866918563842773e+00
1.810898184776306152e-01,-8.604916930198669434e-01,-5.937927365303039551e-01,1.013381481170654297e+00
-4.449409842491149902e-01,-6.626719236373901367e-01,-6.367008090019226074e-01,-2.134621292352676392e-01
-5.143627524375915527e-01,-4.229727387428283691e-01,-9.137545228004455566e-01,-1.513291120529174805e+00
-2.144869416952133179e-01,-3.460265994071960449e-01,-8.206293582916259766e-01,4.098061323165893555e-01
-2.063832283020019531e-01,-4.231817126274108887e-01,-6.189012527465820312e-01,-2.207708209753036499e-01
-1.021693468093872070e+00,-4.328365623950958252e-01,-1.115482568740844727e+00,-5.190057158470153809e-01
-8.483126759529113770e-01,-1.286851048469543457e+00,-1.772001862525939941e+00,-6.688243895769119263e-02
-5.197266340255737305e-01,-9.276993870735168457e-01,-1.908722996711730957e+00,-6.442684531211853027e-01
-4.881221652030944824e-01,-3.370404541492462158e-01,-1.503203034400939941e+00,-5.677302479743957520e-01
-1.313274502754211426e-01,-4.283643960952758789e-01,-1.223827600479125977e+00,-2.210753411054611206e-01
-5.155204534530639648e-01,-8.884949088096618652e-01,-1.266821742057800293e+00,-3.063433170318603516e-01
-4.546268284320831299e-01,-1.484670758247375488e+00,-1.075842142105102539e+00,3.910268545150756836e-01
-4.122560322284698486e-01,-1.424233913421630859e+00,-1.477922558784484863e+00,-1.993735551834106445e+00
-9.785122871398925781e-01,-1.098686218261718750e+00,-3.059045672416687012e-01,-9.317339211702346802e-02
-1.197312474250793457e+00,-9.231018424034118652e-01,-4.845018684864044189e-01,-3.126784563064575195e+00
-1.044383883476257324e+00,-5.690910220146179199e-01,-1.644825458526611328e+00,-1.344379305839538574e+00
-7.441221475601196289e-01,-9.034578204154968262e-01,-1.448858499526977539e+00,-1.619267106056213379e+00
-1.585750222206115723e+00,-6.277306079864501953e-01,-1.536652445793151855e+00,-2.019011497497558594e+00
-8.759424686431884766e-01,-5.558417439460754395e-01,-5.899232625961303711e-01,-4.062286615371704102e-01
-1.065955162048339844e+00,-7.415406703948974609e-01,-3.142454028129577637e-01,5.724242925643920898e-01
-9.885454177856445312e-01,-2.520277202129364014e-01,-7.565682530403137207e-01,-2.222934663295745850e-01
-6.704555749893188477e-01,-5.206496119499206543e-01,-1.052969217300415039e+00,-4.205415248870849609e-01
-3.408276140689849854e-01,-5.023430585861206055e-01,-1.335698127746582031e+00,4.656363129615783691e-01
-8.921113014221191406e-01,-4.103085994720458984e-01,-1.386603116989135742e+00,-8.190584182739257812e-02
-7.627220749855041504e-01,-5.953806042671203613e-01,-9.054136872291564941e-01,5.217710733413696289e-01
-2.978779673576354980e-01,-7.496491074562072754e-01,-1.239821434020996094e+00,-1.509332299232482910e+00
-3.563018441200256348e-01,-7.566289901733398438e-01,-1.074638247489929199e+00,3.304257094860076904e-01
-3.793009519577026367e-01,-5.829254388809204102e-01,-8.336135745048522949e-01,-6.865978837013244629e-01
-5.453497767448425293e-01,-2.148711979389190674e-01,-1.035255670547485352e+00,-8.437345623970031738e-01
-3.439147472381591797e-01,-3.270094692707061768e-01,-3.638605475425720215e-01,1.331940293312072754e-03
-5.185303688049316406e-01,1.505916863679885864e-01,-1.514209508895874023e+00,-1.109080314636230469e+00
-2.972237952053546906e-02,6.553713232278823853e-02,-1.314803004264831543e+00,5.374035239219665527e-01
4.614781439304351807e-01,6.211711168289184570e-01,-1.265015959739685059e+00,-1.510042905807495117e+00
3.468299508094787598e-01,8.161905407905578613e-01,-7.934571504592895508e-01,-4.526091367006301880e-02
6.534974575042724609e-01,1.148885488510131836e+00,-1.018230080604553223e+00,1.261673688888549805e+00
8.584055304527282715e-01,1.404091000556945801e+00,-1.542499542236328125e+00,3.012924790382385254e-01
7.867456078529357910e-01,1.599152207374572754e+00,-1.417042970657348633e+00,1.692479968070983887e+00
8.692104816436767578e-01,1.541599273681640625e+00,-5.131359100341796875e-01,1.004144191741943359e+00
9.226949810981750488e-01,1.205685973167419434e+00,5.558946728706359863e-02,1.588838815689086914e+00
8.074293732643127441e-01,7.670385837554931641e-01,6.544106602668762207e-01,2.087554931640625000e+00
1.203584909439086914e+00,4.838717281818389893e-01,1.143683075904846191e+00,1.148186087608337402e+00
1.271926283836364746e+00,5.556352138519287109e-01,1.106364130973815918e+00,1.268474817276000977e+00
1.100667834281921387e+00,1.572988033294677734e+00,1.631149649620056152e+00,6.806334257125854492e-01
1.276402592658996582e+00,1.616957187652587891e+00,1.333286762237548828e+00,1.335674166679382324e+00
1.442914485931396484e+00,2.392479181289672852e+00,1.104730367660522461e+00,4.012793302536010742e-01
2.026998996734619141e+00,2.098445415496826172e+00,1.106708168983459473e+00,9.524757862091064453e-01
1.761621832847595215e+00,1.989191055297851562e+00,4.900014102458953857e-01,9.738942980766296387e-01
1.612436413764953613e+00,1.678564310073852539e+00,4.360868632793426514e-01,3.905193209648132324e-01
1.228860855102539062e+00,1.447767615318298340e+00,1.748093485832214355e+00,9.799848794937133789e-01
3.922879099845886230e-01,1.038419008255004883e+00,9.004226326942443848e-01,-1.203779354691505432e-01
9.600087255239486694e-02,6.748369932174682617e-01,-1.191120035946369171e-02,-1.936677843332290649e-01
-4.073166251182556152e-01,2.047173082828521729e-01,6.823568344116210938e-01,-1.200235843658447266e+00
-8.399002552032470703e-01,-4.147389531135559082e-01,1.154001593589782715e+00,4.190434515476226807e-01
-1.138618469238281250e+00,-2.090250730514526367e+00,1.123045921325683594e+00,-3.946565687656402588e-01
-1.797990202903747559e+00,-2.310807466506958008e+00,5.869960188865661621e-01,4.793401062488555908e-01
-1.649808049201965332e+00,-2.242053270339965820e+00,1.847436130046844482e-01,-1.512368172407150269e-01
-1.280471920967102051e+00,-1.866977334022521973e+00,-5.820983648300170898e-01,-1.538760662078857422e-01
-9.149174690246582031e-01,-1.722781658172607422e+00,-6.158916950225830078e-01,-1.642309665679931641e+00
-9.410423040390014648e-01,-2.659217596054077148e+00,-9.227832555770874023e-01,-1.539176106452941895e+00
-7.747232913970947266e-01,-2.925331830978393555e+00,-1.192957878112792969e+00,-2.637093365192413330e-01
-8.650603890419006348e-01,-2.615331888198852539e+00,-8.765216469764709473e-01,-3.307977691292762756e-02
-7.492930889129638672e-01,-2.174385786056518555e+00,-7.879539132118225098e-01,-1.976072907447814941e+00
-5.259009003639221191e-01,-1.164765477180480957e+00,-1.109463453292846680e+00,-5.179906487464904785e-01
-5.247046351432800293e-01,-1.159958958625793457e+00,-1.779052853584289551e+00,-5.688468813896179199e-01
-2.020612508058547974e-01,-1.082929134368896484e+00,-1.793928861618041992e+00,-1.857814311981201172e+00
-6.740443706512451172e-01,-6.317012310028076172e-01,-1.808632731437683105e+00,-8.993617892265319824e-01
-6.099865436553955078e-01,-4.631803631782531738e-01,-2.587830722332000732e-01,6.603314876556396484e-01
-5.169482231140136719e-01,-3.031440377235412598e-01,3.654046356678009033e-01,-1.605756878852844238e-01
5.671717971563339233e-02,-3.598192334175109863e-01,2.256739437580108643e-01,-1.820957064628601074e-01
-1.110681816935539246e-01,-5.313075780868530273e-01,-3.082262277603149414e-01,-9.459452331066131592e-02
-3.635970130562782288e-02,-2.679101228713989258e-01,-3.644624650478363037e-01,-2.219889312982559204e-01
-2.367528378963470459e-01,-1.961048692464828491e-01,-6.599175930023193359e-01,1.027399152517318726e-01
-4.567878246307373047e-01,-9.637998044490814209e-02,9.480600953102111816e-01,1.563156843185424805e+00
-3.558387756347656250e-01,2.614342570304870605e-01,-2.384038865566253662e-01,-3.967882692813873291e-01
1.652682870626449585e-01,4.330479800701141357e-01,-4.705717861652374268e-01,2.374420642852783203e+00
-1.207154542207717896e-01,8.530656993389129639e-02,-6.364428400993347168e-01,6.446990370750427246e-01
-2.281493321061134338e-02,3.940942585468292236e-01,2.115719020366668701e-01,-2.788342535495758057e-01
3.528112769126892090e-01,4.187538027763366699e-01,6.046235561370849609e-01,-7.940964102745056152e-01
1.060726270079612732e-01,2.644853591918945312e-01,1.015931069850921631e-01,-3.424806892871856689e-01
-3.774872422218322754e-01,6.256962567567825317e-02,2.881013154983520508e-01,2.549026310443878174e-01
-2.614884376525878906e-01,3.392999172210693359e-01,5.907794833183288574e-01,-1.734580472111701965e-02
-4.457917809486389160e-02,2.316756248474121094e-01,7.440962791442871094e-01,4.414770603179931641e-01
-1.924911588430404663e-01,3.241698443889617920e-01,5.109825134277343750e-01,9.456746578216552734e-01
-1.733509749174118042e-01,2.086879014968872070e-01,2.703877687454223633e-01,-3.270512521266937256e-01
-1.418236792087554932e-01,2.076848000288009644e-01,2.698718309402465820e-01,6.757609248161315918e-01
-4.464459419250488281e-01,6.220905780792236328e-01,1.205104887485504150e-01,2.026252597570419312e-01
1.308854073286056519e-01,3.927567899227142334e-01,6.444360613822937012e-01,7.821428775787353516e-01
2.860907316207885742e-01,1.369244456291198730e-01,-2.036646902561187744e-01,1.830339282751083374e-01
-3.493944108486175537e-01,3.502922058105468750e-01,-1.236097589135169983e-01,-1.965100467205047607e-01
5.930283665657043457e-01,5.459385514259338379e-01,-3.065660968422889709e-02,2.366402745246887207e-02
1.122007608413696289e+00,1.291033148765563965e+00,3.675806894898414612e-02,7.659013867378234863e-01
6.967944502830505371e-01,7.841330766677856445e-01,-3.012611865997314453e-01,8.767497539520263672e-01
3.320503234863281250e-01,6.788911819458007812e-01,-5.863117575645446777e-01,1.506523936986923218e-01
4.196475744247436523e-01,5.097433924674987793e-01,-2.020309120416641235e-01,7.489492893218994141e-01
5.732707381248474121e-01,1.085982680320739746e+00,-1.140161156654357910e+00,-1.859530657529830933e-01
8.791664838790893555e-01,1.456837296485900879e+00,-9.993126988410949707e-01,1.473828554153442383e+00
1.001879811286926270e+00,1.917009592056274414e+00,-1.252289652824401855e+00,1.564578056335449219e+00
6.823235154151916504e-01,1.805247545242309570e+00,-4.275777339935302734e-01,3.431236028671264648e+00
7.595788836479187012e-01,1.826145410537719727e+00,6.244007945060729980e-01,2.333106279373168945e+00
1.085000634193420410e+00,1.282632112503051758e+00,-1.067560911178588867e-01,2.818930864334106445e+00
1.541856884956359863e+00,1.032902002334594727e+00,1.018774416297674179e-02,1.246345758438110352e+00
1.724228978157043457e+00,7.651159763336181641e-01,-1.107115373015403748e-01,2.884007692337036133e-01
7.905659079551696777e-01,2.754776775836944580e-01,1.735651493072509766e-01,-6.606114506721496582e-01
1.367895454168319702e-01,2.436822280287742615e-02,6.490793824195861816e-01,1.266241669654846191e+00
1.940153166651725769e-02,-1.736187040805816650e-01,6.060314364731311798e-03,2.973335981369018555e-01
-1.890567243099212646e-01,-6.729006767272949219e-02,-7.805589437484741211e-01,-1.621998399496078491e-01
-1.995933987200260162e-02,-8.868954330682754517e-02,-6.721279025077819824e-01,-5.274310111999511719e-01
6.995324045419692993e-02,-2.335121482610702515e-01,-7.433260679244995117e-01,9.209063649177551270e-01
-1.745289540849626064e-03,3.827675879001617432e-01,-3.402138054370880127e-01,1.521639466285705566e+00
-1.248058974742889404e-01,3.204081952571868896e-01,-7.735939025878906250e-01,8.305629491806030273e-01
1.395293623208999634e-01,3.534686863422393799e-01,-2.172508090734481812e-01,1.037540793418884277e+00
3.225960135459899902e-01,4.609676301479339600e-01,-1.953238397836685181e-01,1.164529085159301758e+00
1.097233414649963379e+00,5.665021538734436035e-01,4.065069556236267090e-01,7.492538094520568848e-01
9.402915835380554199e-01,9.072218537330627441e-01,1.534439325332641602e-01,6.078510880470275879e-01
1.105954527854919434e+00,9.085593223571777344e-01,5.188074111938476562e-01,1.078043103218078613e+00
6.978363394737243652e-01,4.289937913417816162e-01,-2.449389845132827759e-01,1.234478503465652466e-01
4.603976309299468994e-01,1.212204061448574066e-02,-1.476004421710968018e-01,1.904127240180969238e+00
5.925652980804443359e-01,4.758051335811614990e-01,-1.161287948489189148e-01,1.479817628860473633e+00
6.724833250045776367e-01,6.906358003616333008e-01,-5.259481072425842285e-01,1.573612332344055176e+00
5.568703413009643555e-01,5.324802994728088379e-01,-6.444397568702697754e-01,3.984370529651641846e-01
9.912659227848052979e-02,6.158630251884460449e-01,-3.309271037578582764e-01,-1.606772094964981079e-01
-9.115620702505111694e-02,1.118051335215568542e-01,-9.000824093818664551e-01,-8.627074956893920898e-02
-1.834227293729782104e-01,2.912347018718719482e-01,-1.092609763145446777e+00,-5.594065189361572266e-01
-9.534679651260375977e-01,3.294779062271118164e-01,-9.085952043533325195e-01,6.691628098487854004e-01
-1.125729680061340332e+00,1.524724960327148438e-01,-1.245496630668640137e+00,1.430391818284988403e-01
-9.340190887451171875e-01,2.521137893199920654e-01,-1.357367157936096191e+00,-3.785072267055511475e-02
-5.680787563323974609e-01,4.763902723789215088e-01,-1.411625623703002930e+00,-8.484961837530136108e-02
-2.349005639553070068e-01,-2.206808328628540039e-01,-1.293650031089782715e+00,-1.308240741491317749e-02
-3.028559684753417969e-01,4.078451097011566162e-01,-1.057268619537353516e+00,6.609405875205993652e-01
4.050608873367309570e-01,3.193215131759643555e-01,-9.559746980667114258e-01,8.133063316345214844e-01
9.443434476852416992e-01,9.312545061111450195e-01,-3.846696615219116211e-01,1.520522952079772949e+00
1.391282320022583008e+00,1.385115623474121094e+00,-2.584127523005008698e-02,1.263906955718994141e+00
1.388002157211303711e+00,1.524922728538513184e+00,-6.639590263366699219e-01,1.479310035705566406e+00
1.014305472373962402e+00,1.120589613914489746e+00,-1.125172898173332214e-01,1.205234408378601074e+00
3.357163071632385254e-01,1.071061611175537109e+00,-1.982210762798786163e-02,1.291619062423706055e+00
-2.955240309238433838e-01,4.003636538982391357e-01,4.202650487422943115e-01,1.118757724761962891e-01
-9.379165768623352051e-01,3.489547371864318848e-01,9.085915088653564453e-01,-1.989462822675704956e-01
-1.048281311988830566e+00,-5.068988204002380371e-01,1.778189301490783691e+00,1.029429361224174500e-01
-8.721993565559387207e-01,-1.594081073999404907e-01,1.654280424118041992e+00,3.391555249691009521e-01
-4.396542906761169434e-01,-1.500346418470144272e-02,1.824020981788635254e+00,-2.865489721298217773e-01
-6.810675859451293945e-01,-5.170969963073730469e-01,1.650496959686279297e+00,-7.247654795646667480e-01
-4.392683804035186768e-01,-1.063953876495361328e+00,7.074653506278991699e-01,4.327472448348999023e-01
-5.656476616859436035e-01,-1.396021723747253418e+00,7.729023098945617676e-01,-6.765484213829040527e-01
-2.571278810501098633e-01,-1.226706862449645996e+00,5.498491525650024414e-01,3.912298679351806641e-01
-8.485442399978637695e-01,-1.250237941741943359e+00,1.000942707061767578e+00,1.306540966033935547e+00
-7.379865050315856934e-01,-6.553994417190551758e-01,1.348420739173889160e+00,-9.225059151649475098e-01
-4.055801033973693848e-01,-8.046106100082397461e-01,1.058726787567138672e+00,-1.455430746078491211e+00
-6.483845412731170654e-02,-6.257662177085876465e-01,3.092544078826904297e-01,-7.517669796943664551e-01
-1.417617559432983398e+00,-3.743641674518585205e-01,3.795066773891448975e-01,-2.654349803924560547e-01
-1.189671754837036133e+00,-5.872304439544677734e-01,4.415304958820343018e-02,1.003129005432128906e+00
-1.203255176544189453e+00,-3.362463414669036865e-01,1.719313859939575195e-01,4.412740468978881836e-01
-1.342870473861694336e+00,1.112617924809455872e-01,-1.375398337841033936e-01,-3.553723990917205811e-01
-8.606612086296081543e-01,-2.922353148460388184e-01,-2.531078457832336426e-01,2.795694470405578613e-01
-1.069582581520080566e+00,-1.983200460672378540e-01,-2.218081802129745483e-01,-1.731942534446716309e+00
-9.004851579666137695e-01,-2.054671347141265869e-01,-5.559316277503967285e-02,-4.560698270797729492e-01
-1.191755533218383789e+00,-2.920263409614562988e-01,-2.462287992238998413e-01,-6.885265707969665527e-01
-1.048628687858581543e+00,-6.789305210113525391e-01,3.873579576611518860e-02,-1.753056526184082031e+00
-1.018837928771972656e+00,-9.279919862747192383e-01,1.374501436948776245e-01,9.426293969154357910e-01
-3.372774124145507812e-01,-3.492030799388885498e-01,2.817381918430328369e-01,-1.657536149024963379e+00
6.592086553573608398e-01,6.281826063059270382e-04,-3.641185164451599121e-01,7.599123120307922363e-01
8.795909881591796875e-01,1.109692156314849854e-01,4.844981729984283447e-01,1.384804725646972656e+00
1.856782436370849609e+00,6.051632761955261230e-01,7.026500105857849121e-01,6.904798150062561035e-01
2.815528392791748047e+00,1.159752368927001953e+00,1.001716613769531250e+00,1.948486924171447754e+00
3.795961380004882812e+00,2.105885028839111328e+00,1.068357467651367188e+00,4.639106392860412598e-01
4.371903419494628906e+00,2.678697109222412109e+00,5.434000492095947266e-01,1.894686937332153320e+00
4.588233947753906250e+00,2.903517007827758789e+00,9.826272726058959961e-01,2.648597955703735352e+00
4.403006553649902344e+00,3.137573719024658203e+00,1.729176044464111328e+00,3.035856485366821289e+00
4.316451072692871094e+00,2.763793468475341797e+00,1.455647945404052734e+00,3.788955450057983398e+00
4.214614391326904297e+00,3.189233303070068359e+00,2.415963172912597656e+00,2.353915691375732422e+00
3.742206811904907227e+00,3.007797718048095703e+00,1.770794272422790527e+00,3.157261848449707031e+00
2.815142393112182617e+00,2.600455284118652344e+00,2.055243015289306641e+00,4.438108444213867188e+00
2.335634469985961914e+00,1.936444640159606934e+00,2.078975677490234375e+00,3.232987880706787109e+00
2.472857236862182617e+00,1.353977680206298828e+00,2.510636091232299805e+00,2.552975893020629883e+00
2.704276084899902344e+00,8.822279572486877441e-01,2.274168729782104492e+00,9.947037696838378906e-01
2.171746730804443359e+00,-1.454285144805908203e+00,2.147250175476074219e+00,5.850114822387695312e-01
1.563736915588378906e+00,-1.726501584053039551e+00,1.730809807777404785e+00,3.865604400634765625e-01
9.804628491401672363e-01,-1.536121487617492676e+00,1.482390165328979492e+00,2.779452800750732422e-01
6.570476889610290527e-01,-1.142739057540893555e+00,1.430195450782775879e+00,-1.152009516954421997e-01
3.900883197784423828e-01,-1.180020928382873535e+00,1.443953514099121094e+00,-1.765033416450023651e-02
1.025224328041076660e-01,-1.489017486572265625e+00,1.053997397422790527e+00,-1.908255219459533691e-01
-4.298140704631805420e-01,-2.235825777053833008e+00,6.914715766906738281e-01,-1.883892863988876343e-01
-6.855053305625915527e-01,-1.889045596122741699e+00,-3.908344358205795288e-02,-1.764527082443237305e+00
-4.724549949169158936e-01,-1.187335133552551270e+00,-1.524157673120498657e-01,-3.992244899272918701e-01
7.134244590997695923e-02,-7.425855994224548340e-01,3.641411662101745605e-02,-2.126205444335937500e+00
-8.636325597763061523e-01,-7.792405486106872559e-01,6.383308768272399902e-01,-4.465279579162597656e-01
-3.035119771957397461e-01,-6.834026575088500977e-01,4.704821109771728516e-01,2.955157868564128876e-02
-6.446394920349121094e-01,-1.007487654685974121e+00,6.874565035104751587e-02,7.777779698371887207e-01
-7.937091588973999023e-01,-8.164806365966796875e-01,4.928390085697174072e-01,-1.830092966556549072e-01
-7.854510545730590820e-01,-1.251784443855285645e+00,5.812348127365112305e-01,8.901489973068237305e-01
-8.471935987472534180e-01,-1.144870638847351074e+00,6.510571241378784180e-01,6.031816601753234863e-01
-8.923814296722412109e-01,-1.224867820739746094e+00,2.523302733898162842e-01,-1.363149285316467285e-01
-1.178480982780456543e+00,-1.826017498970031738e+00,6.141682267189025879e-01,-1.237277463078498840e-01
-9.755795001983642578e-01,-2.076541662216186523e+00,6.324837207794189453e-01,-1.965100467205047607e-01
-9.089361429214477539e-01,-2.086740016937255859e+00,-2.625665366649627686e-01,-1.045027852058410645e+00
-4.488384723663330078e-01,-1.452028155326843262e+00,-2.893088459968566895e-01,-7.677039504051208496e-01
-4.673612415790557861e-01,-9.795680642127990723e-01,-2.004831284284591675e-01,-5.015460848808288574e-01
3.871169686317443848e-01,-5.317673087120056152e-01,-4.421097338199615479e-01,-6.699503064155578613e-01
-8.023549616336822510e-02,-3.289738595485687256e-01,-3.844976723194122314e-01,2.670931257307529449e-02
-3.070235848426818848e-01,-4.974529445171356201e-01,-6.024775505065917969e-01,-1.671738028526306152e-01
-5.916566848754882812e-01,-4.346755743026733398e-01,-7.984180748462677002e-02,-8.556018024682998657e-02
-7.178448885679244995e-02,-2.733018100261688232e-01,1.035708338022232056e-01,-8.056685328483581543e-01
-2.897356748580932617e-01,-2.277443259954452515e-01,-3.200925886631011963e-01,1.557278782129287720e-01
-1.799111217260360718e-01,-3.074907958507537842e-01,-4.417657554149627686e-01,-1.164707541465759277e+00
-9.253365397453308105e-01,-7.904836535453796387e-01,-2.003971338272094727e-01,-1.421323537826538086e+00
-7.583229541778564453e-01,-7.397852540016174316e-01,-5.896652936935424805e-01,-1.056701421737670898e+00
-7.543096542358398438e-01,-4.889265894889831543e-01,-1.148389726877212524e-01,-4.690630435943603516e-01
-3.471948206424713135e-01,-3.510420918464660645e-01,-5.125339627265930176e-01,-2.805608510971069336e+00
3.907443284988403320e-01,-2.572104036808013916e-01,4.458895027637481689e-01,-6.393866240978240967e-02
6.838285326957702637e-01,5.956032499670982361e-02,1.797562986612319946e-01,-3.955701589584350586e-01
-3.027401864528656006e-01,6.265322118997573853e-02,5.679926276206970215e-01,3.452460765838623047e-01
-6.959244012832641602e-01,2.772749066352844238e-01,4.158796668052673340e-01,-9.859493374824523926e-01
-4.398472309112548828e-01,3.299376666545867920e-01,2.910249233245849609e-01,2.349052727222442627e-01
-4.763910770416259766e-01,2.041321545839309692e-01,3.273119032382965088e-01,-7.708507776260375977e-01
-7.248275876045227051e-01,-3.484507501125335693e-01,1.030006766319274902e+00,7.776858657598495483e-02
-1.158800482749938965e+00,-1.087933406233787537e-01,8.319761157035827637e-01,-4.092739522457122803e-01
-6.904061436653137207e-01,-2.072949521243572235e-02,1.291238665580749512e+00,-2.744693458080291748e-01
-3.580769300460815430e-01,-2.768126428127288818e-01,1.305426716804504395e+00,9.757214784622192383e-01
-3.844718933105468750e-01,-3.665371239185333252e-02,1.693319082260131836e+00,5.895794034004211426e-01
-5.681376904249191284e-03,3.320274651050567627e-01,1.265356183052062988e+00,9.129886031150817871e-01
7.678369879722595215e-01,1.418981403112411499e-01,7.385070323944091797e-01,-2.588368654251098633e-01
6.141365766525268555e-01,1.135187670588493347e-01,3.359107077121734619e-01,-4.107965826988220215e-01
3.351374566555023193e-01,4.453777670860290527e-01,-2.840635776519775391e-01,-8.566169440746307373e-02
2.156656384468078613e-01,9.039199948310852051e-01,-1.730529218912124634e-01,-4.258200228214263916e-01
-4.552442729473114014e-01,9.536152482032775879e-01,-3.369462490081787109e-01,9.729807376861572266e-01
-2.667365670204162598e-01,1.390089392662048340e+00,-2.637703716754913330e-01,-3.000497221946716309e-01
2.501257061958312988e-01,1.464193463325500488e+00,-1.122593283653259277e-01,9.883086681365966797e-01
9.022041559219360352e-01,1.576122641563415527e+00,3.362546563148498535e-01,-2.995421886444091797e-01
1.554359793663024902e+00,1.966495871543884277e+00,6.694585680961608887e-01,4.003657400608062744e-01
1.458928942680358887e+00,1.918388843536376953e+00,6.150281429290771484e-01,2.016396760940551758e+00
9.557658433914184570e-01,1.486637830734252930e+00,8.403169512748718262e-01,1.326436758041381836e+00
1.773466765880584717e-01,9.234386682510375977e-01,4.535424411296844482e-01,9.705539047718048096e-02
1.996897608041763306e-01,7.199764847755432129e-01,3.075346350669860840e-01,8.815206885337829590e-01
-6.336029767990112305e-01,8.702019602060317993e-02,5.092627406120300293e-01,-7.276998460292816162e-02
-1.331139326095581055e+00,-4.041646122932434082e-01,1.673740148544311523e-01,-6.224439144134521484e-01
-9.904748797416687012e-01,-4.147807657718658447e-01,5.249389633536338806e-02,5.797329545021057129e-01
-2.496030181646347046e-01,3.931747674942016602e-01,6.900957226753234863e-01,2.049599736928939819e-01
7.095655798912048340e-02,3.991627693176269531e-02,1.207744121551513672e+00,4.077759385108947754e-01
-2.595975995063781738e-01,4.209271967411041260e-01,1.145746707916259766e+00,6.367813348770141602e-01
4.394051730632781982e-01,8.359599709510803223e-01,1.012121200561523438e+00,2.225211113691329956e-01
5.116825699806213379e-01,8.258035778999328613e-01,1.495546340942382812e+00,-3.103021979331970215e-01
6.656916141510009766e-01,8.748719096183776855e-01,1.374217152595520020e+00,-8.209951221942901611e-03
2.325290739536285400e-01,3.106279671192169189e-01,1.705099463462829590e+00,8.332021832466125488e-01
2.329921424388885498e-01,3.633325099945068359e-01,1.380064368247985840e+00,-4.265305697917938232e-01
3.965895622968673706e-03,1.643843054771423340e-01,1.104730367660522461e+00,-1.127859592437744141e+00
-2.655807323753833771e-02,1.380947232246398926e-01,1.051159858703613281e+00,-3.704973161220550537e-01
-1.122025132179260254e+00,4.147413969039916992e-01,3.766690790653228760e-01,-2.346776127815246582e-01
-7.349379658699035645e-01,2.333474606275558472e-01,7.701506614685058594e-01,2.642415165901184082e-01
-6.117616295814514160e-01,1.582403182983398438e-01,8.596643209457397461e-01,4.740616083145141602e-01
-8.027004003524780273e-01,9.954947233200073242e-01,1.515925526618957520e+00,2.535830140113830566e-01
-3.593522310256958008e-02,9.363117814064025879e-01,1.272235274314880371e+00,1.002215504646301270e+00
3.234063684940338135e-01,8.771706819534301758e-01,8.093612790107727051e-01,5.789209008216857910e-01
7.186744809150695801e-01,7.721377015113830566e-01,1.290636658668518066e+00,3.720445930957794189e-01
5.873557329177856445e-01,1.103286147117614746e+00,1.213247418403625488e+00,4.306155443191528320e-01
5.207895636558532715e-01,8.059505224227905273e-01,2.001844406127929688e+00,-4.801275730133056641e-01
-1.676011979579925537e-01,4.893051981925964355e-01,2.284401416778564453e+00,1.790436625480651855e+00
-5.208457112312316895e-01,3.721096515655517578e-01,2.929483890533447266e+00,1.182597875595092773e+00
4.371265694499015808e-02,4.648964405059814453e-01,2.804715394973754883e+00,5.714092254638671875e-01
3.908987045288085938e-01,5.631166696548461914e-01,2.670831918716430664e+00,2.234347015619277954e-01
-5.527020432054996490e-03,5.461475253105163574e-01,2.700325727462768555e+00,9.746142476797103882e-02
1.727159768342971802e-01,6.287779211997985840e-01,2.066421508789062500e+00,3.195641934871673584e-01
5.092514157295227051e-01,2.829591333866119385e-01,1.576117277145385742e+00,7.142330408096313477e-01
-4.489928483963012695e-01,2.315502315759658813e-01,1.339391946792602539e+00,1.576565504074096680e-01
-1.067382931709289551e+00,5.222403407096862793e-01,1.146950602531433105e+00,2.385596185922622681e-01
-6.673298478126525879e-01,-2.756841480731964111e-01,8.619859814643859863e-01,-2.422908246517181396e-01
-6.547498106956481934e-01,-7.726367712020874023e-01,6.170918345451354980e-01,-3.358732163906097412e-02
-4.523703828454017639e-03,-5.606900453567504883e-01,1.047204375267028809e+00,-1.107354760169982910e+00
5.358393192291259766e-01,-3.784601688385009766e-01,1.058640837669372559e+00,-5.396121740341186523e-01
1.752242743968963623e-01,-6.489629149436950684e-01,1.279630184173583984e+00,-8.011006116867065430e-01
-9.862300753593444824e-01,-1.129729300737380981e-01,9.269070029258728027e-01,-2.500055432319641113e-01
-2.025629132986068726e-01,2.338490039110183716e-01,1.232078790664672852e+00,5.685669183731079102e-01
2.262004613876342773e-01,3.844394087791442871e-01,7.554467320442199707e-01,-1.256564259529113770e-01
7.381233572959899902e-01,2.860520184040069580e-01,8.226034045219421387e-01,9.146127700805664062e-01
1.278447747230529785e+00,7.331839799880981445e-01,1.163546323776245117e+00,8.640623651444911957e-03
1.591405272483825684e+00,1.184328317642211914e+00,1.162944316864013672e+00,3.084996640682220459e-01
1.669779777526855469e+00,1.306372165679931641e+00,1.293646335601806641e+00,1.400843262672424316e+00
1.571493387222290039e+00,1.377090811729431152e+00,1.045226693153381348e+00,9.226320385932922363e-01
1.385841250419616699e+00,1.676265478134155273e+00,1.237152099609375000e+00,5.363883972167968750e-01
1.348294019699096680e+00,1.372535109519958496e+00,1.594776630401611328e+00,4.308185577392578125e-01
5.204808712005615234e-01,2.595534622669219971e-01,2.202884674072265625e+00,1.799886375665664673e-01
-4.260323345661163330e-01,-2.311185747385025024e-02,1.160536646842956543e+00,-4.263275563716888428e-01
-8.263168931007385254e-01,-2.100646793842315674e-01,1.638888597488403320e+00,4.019898772239685059e-01
-1.529139995574951172e+00,-2.643992900848388672e-01,9.987930655479431152e-01,4.453344047069549561e-01
-1.386013031005859375e+00,4.179709032177925110e-02,6.320537924766540527e-01,-1.902072429656982422e+00
-1.099759221076965332e+00,-6.544381380081176758e-01,4.190612137317657471e-01,3.442403301596641541e-02
-1.612029314041137695e+00,-6.556920409202575684e-01,-2.424453198909759521e-01,-4.678355529904365540e-02
-1.448334455490112305e+00,-1.265200853347778320e+00,6.951954215764999390e-02,-1.154759645462036133e+00
-1.645254611968994141e+00,-2.069812536239624023e+00,6.702588498592376709e-02,-2.650289535522460938e-01
-1.451730251312255859e+00,-1.869485139846801758e+00,4.795968532562255859e-01,-1.429342746734619141e+00
-1.597288370132446289e+00,-1.836842536926269531e+00,2.321230620145797729e-01,-1.059442281723022461e+00
-6.555987596511840820e-01,-1.729469060897827148e+00,3.470891714096069336e-01,-1.017721772193908691e+00
-3.013509809970855713e-01,-1.920058131217956543e+00,-1.227498799562454224e-01,-8.474904298782348633e-01
1.961395591497421265e-01,-1.036828398704528809e+00,-7.700420171022415161e-02,-3.407550454139709473e-01
4.549951851367950439e-01,-9.342613220214843750e-01,-1.420972049236297607e-01,-1.035587549209594727e+00
4.759876430034637451e-01,-5.890276432037353516e-01,6.471017003059387207e-01,6.944480538368225098e-02
8.354064822196960449e-01,-2.430834025144577026e-01,9.760062098503112793e-01,3.808759152889251709e-01
1.253249168395996094e+00,3.245877921581268311e-01,7.896699905395507812e-01,1.704467535018920898e-01
1.595611572265625000e+00,4.974972009658813477e-01,9.008526206016540527e-01,3.584516793489456177e-02
1.329887032508850098e+00,1.993256360292434692e-01,6.301620006561279297e-01,-2.133606225252151489e-01
6.482493877410888672e-01,-1.811837553977966309e-01,5.933591127395629883e-01,4.089940488338470459e-01
1.353617459535598755e-01,1.011583954095840454e-02,5.635212659835815430e-01,3.057601628825068474e-03
-2.455511540174484253e-01,-6.151082515716552734e-01,1.914506852626800537e-01,-4.748491048812866211e-01
1.952134221792221069e-01,-9.004485011100769043e-01,1.054685354232788086e+00,3.706327825784683228e-02
-8.780525604379363358e-06,-4.812779426574707031e-01,1.126855760812759399e-01,-1.283778190612792969e+00
-4.641969501972198486e-01,-4.547375738620758057e-01,2.588653564453125000e-01,-1.834153234958648682e-01
1.692815572023391724e-01,-3.556701913475990295e-02,1.214563623070716858e-01,-5.593050122261047363e-01
5.521625280380249023e-01,3.868635892868041992e-01,-9.205211699008941650e-02,-7.915586829185485840e-01
9.563832283020019531e-01,6.870831251144409180e-01,1.223162412643432617e-01,6.435824632644653320e-01
1.305923223495483398e+00,1.180315971374511719e+00,1.349624514579772949e+00,-5.927016139030456543e-01
1.411387205123901367e+00,1.150515556335449219e+00,1.058296799659729004e+00,-5.026627182960510254e-01
1.036687135696411133e+00,1.453159332275390625e+00,9.234674572944641113e-01,-9.083961248397827148e-01
9.561902880668640137e-01,8.802217841148376465e-01,1.422112584114074707e+00,3.196657001972198486e-01
9.104236364364624023e-01,1.906100869178771973e+00,1.563133001327514648e+00,-7.560303807258605957e-01
1.285316705703735352e+00,2.053849220275878906e+00,1.373185276985168457e+00,8.534025549888610840e-01
1.041009068489074707e+00,1.920395016670227051e+00,1.984990715980529785e+00,3.068754971027374268e-01
7.890223860740661621e-01,1.525048136711120605e+00,3.007733106613159180e+00,2.064613819122314453e+00
6.697434782981872559e-01,1.302694201469421387e+00,4.264449596405029297e+00,7.059092521667480469e-01
9.982523918151855469e-01,8.233376145362854004e-01,3.806562662124633789e+00,1.040281534194946289e+00
3.518851399421691895e-01,2.193040549755096436e-01,3.802865266799926758e+00,-9.786406755447387695e-01
-2.942505776882171631e-01,-5.748170614242553711e-01,3.010140895843505859e+00,3.588483631610870361e-01
-1.151005506515502930e+00,-1.213081479072570801e+00,2.242697000503540039e+00,-1.450353953987360001e-02
-9.048457145690917969e-01,-1.200459122657775879e+00,1.990923881530761719e+00,-1.914345771074295044e-01
-9.730712175369262695e-01,-1.429333090782165527e+00,1.361146926879882812e+00,-5.524023175239562988e-01
-1.275918364524841309e+00,-1.678060173988342285e+00,1.642070174217224121e+00,-8.514493107795715332e-01
-1.409938335418701172e+00,-1.911448121070861816e+00,1.376796841621398926e+00,-1.181447282433509827e-01
-1.054764270782470703e+00,-1.850677013397216797e+00,1.520482897758483887e+00,-2.086109161376953125e+00
-4.462144076824188232e-01,-1.693482756614685059e+00,1.906397581100463867e+00,-1.676518440246582031e+00
8.477144688367843628e-02,-1.067840814590454102e+00,1.443265557289123535e+00,-1.103091359138488770e+00
-2.377175688743591309e-01,-9.382737278938293457e-01,1.555394053459167480e+00,-1.239215493202209473e+00
5.141136646270751953e-01,-5.602303147315979004e-01,1.196995615959167480e+00,-3.009633123874664307e-01
5.612309575080871582e-01,-2.361034899950027466e-01,2.037271499633789062e+00,-2.700029313564300537e-01
9.605894684791564941e-01,1.195485703647136688e-02,2.415189266204833984e+00,-3.323297500610351562e-01
8.713328838348388672e-01,-8.141706138849258423e-02,1.150390148162841797e+00,-3.349689841270446777e-01
5.847316980361938477e-01,-4.986650347709655762e-01,1.012379169464111328e+00,-2.781236767768859863e-01
2.286701649427413940e-01,-6.459953784942626953e-01,9.352478384971618652e-01,2.514513134956359863e-01
-3.773328959941864014e-01,-1.056890368461608887e+00,6.673948764801025391e-01,2.460713088512420654e-01
-4.203983247280120850e-01,-1.308459520339965820e+00,8.376513123512268066e-01,-5.259083509445190430e-01
-4.300456047058105469e-01,-8.927162885665893555e-01,7.838227748870849609e-01,-1.347932219505310059e+00
5.594540014863014221e-02,-8.337841033935546875e-01,3.372005224227905273e-01,-3.690761923789978027e-01
9.025110304355621338e-02,-7.673705220222473145e-01,2.809643149375915527e-01,-1.119129776954650879e+00
5.369969606399536133e-01,-2.519023120403289795e-01,2.757190167903900146e-01,-1.492278695106506348e+00
9.061402678489685059e-01,-3.448145091533660889e-01,4.280899763107299805e-01,7.109847664833068848e-01
9.830868840217590332e-01,2.269526869058609009e-01,6.453819274902343750e-01,-5.922955870628356934e-01
1.353001952171325684e+00,5.728968977928161621e-01,1.369573831558227539e+00,2.067871391773223877e-01
1.083264231681823730e+00,8.864075541496276855e-01,1.206110358238220215e+00,-7.903406023979187012e-01
5.978519916534423828e-01,1.196323752403259277e+00,1.138007760047912598e+00,6.457141637802124023e-01
7.608137726783752441e-01,9.127807021141052246e-01,1.298547625541687012e+00,-1.965100467205047607e-01
1.672363281250000000e-01,3.680972456932067871e-01,1.316949129104614258e+00,3.127723932266235352e-02
2.613551318645477295e-01,6.695706844329833984e-01,1.306028604507446289e+00,3.447385430335998535e-01
-1.826123446226119995e-01,3.219525096938014030e-03,1.445071339607238770e+00,-3.314161598682403564e-01
2.086424231529235840e-01,-2.365520410239696503e-02,1.141189336776733398e+00,-3.297826647758483887e-02
5.451760441064834595e-02,3.561130538582801819e-02,8.006764650344848633e-01,-6.569570899009704590e-01
4.383246898651123047e-01,2.908167541027069092e-01,1.858244180679321289e+00,-1.247335039079189301e-02
-7.722555100917816162e-02,3.089979290962219238e-01,7.632716298103332520e-01,7.066292315721511841e-02
-8.261239528656005859e-01,-1.790521591901779175e-01,1.110061645507812500e+00,8.720896393060684204e-02
-1.090111970901489258e+00,-1.276850700378417969e-01,2.018552422523498535e-01,-7.867877483367919922e-01
-8.549886345863342285e-01,-2.796129584312438965e-01,6.803790926933288574e-01,-6.459940671920776367e-01
-5.796940922737121582e-01,-1.829391717910766602e-01,6.732420921325683594e-01,2.562222778797149658e-01
-1.248444840312004089e-01,3.661328554153442383e-01,8.004184961318969727e-01,-6.304631233215332031e-01
1.102769933640956879e-02,-3.673730418086051941e-02,1.136202096939086914e+00,2.177501618862152100e-01
-1.244200021028518677e-01,4.213033616542816162e-01,2.350466549396514893e-01,-7.764244079589843750e-02
2.455336004495620728e-01,2.998446524143218994e-01,6.439201235771179199e-01,-3.347659707069396973e-01
5.493454933166503906e-01,5.128474906086921692e-02,-1.137211248278617859e-01,-6.834511160850524902e-01
-1.401643604040145874e-01,-3.637898266315460205e-01,-1.200842484831809998e-01,-9.359051585197448730e-01
1.307696402072906494e-01,2.016662061214447021e-01,-2.415854483842849731e-01,6.112009286880493164e-01
4.886062741279602051e-01,3.720260560512542725e-01,-4.579315483570098877e-01,-3.314161598682403564e-01
1.188728213310241699e+00,6.090502738952636719e-01,-2.349643558263778687e-01,7.234703898429870605e-01
1.647475242614746094e+00,8.087508678436279297e-01,-1.767504066228866577e-01,-4.406403899192810059e-01
1.452600359916687012e+00,4.108126163482666016e-01,2.196811512112617493e-02,4.322396814823150635e-01
1.294153571128845215e+00,5.543813109397888184e-01,4.139019250869750977e-01,7.687436342239379883e-01
7.732008695602416992e-01,9.146615266799926758e-01,7.933674454689025879e-01,4.575155675411224365e-01
1.188689589500427246e+00,1.009705305099487305e+00,7.525231242179870605e-01,3.614875972270965576e-01
1.178193330764770508e+00,1.184579133987426758e+00,7.857145071029663086e-01,8.143213987350463867e-01
8.719888925552368164e-01,1.305285573005676270e+00,1.713294684886932373e-01,3.183460831642150879e-01
3.753472864627838135e-01,9.768537282943725586e-01,-1.934321075677871704e-01,3.986400663852691650e-01
1.220485121011734009e-01,8.308190703392028809e-01,2.143235206604003906e-01,4.132574498653411865e-01
3.850331604480743408e-01,7.877275347709655762e-01,-5.021294355392456055e-01,1.319026589393615723e+00
1.337373375892639160e+00,6.088413000106811523e-01,-4.310172498226165771e-01,3.380389213562011719e-01
1.991111040115356445e+00,1.030268788337707520e+00,-4.962822198867797852e-01,1.132452130317687988e+00
2.565625429153442383e+00,1.402210116386413574e+00,-8.298301100730895996e-01,1.723754256963729858e-01
2.772964715957641602e+00,1.771225690841674805e+00,2.202567011117935181e-01,1.580819487571716309e+00
2.319813013076782227e+00,2.594687461853027344e+00,9.274229407310485840e-01,1.035510540008544922e+00
2.863301753997802734e+00,2.935783386230468750e+00,1.644821763038635254e+00,1.003839612007141113e+00
2.937199831008911133e+00,3.242732048034667969e+00,1.860565900802612305e+00,2.442026138305664062e+00
2.789403676986694336e+00,3.540485620498657227e+00,1.128549098968505859e+00,1.016934394836425781e+00
3.053391456604003906e+00,3.351693868637084961e+00,1.031296610832214355e+00,2.036394119262695312e+00
2.229668855667114258e+00,3.232993602752685547e+00,1.349194645881652832e+00,3.203144073486328125e+00
1.622816801071166992e+00,2.787826061248779297e+00,1.192610263824462891e+00,1.919759750366210938e+00
1.527385950088500977e+00,2.019743919372558594e+00,1.377656698226928711e+00,2.275043010711669922e+00
9.160190820693969727e-01,1.431801676750183105e+00,1.599763989448547363e+00,1.237514495849609375e+00
5.021896362304687500e-01,4.720853269100189209e-01,1.516011595726013184e+00,7.610289454460144043e-01
3.280756473541259766e-01,-1.439436525106430054e-01,1.332942843437194824e+00,9.696308970451354980e-01
2.942716181278228760e-01,-3.960980176925659180e-01,1.210925698280334473e+00,3.673751652240753174e-01
3.726846575736999512e-01,-1.644236147403717041e-01,1.372067451477050781e+00,-6.263012290000915527e-01
7.606979608535766602e-01,-5.851294100284576416e-02,1.154087543487548828e+00,-3.276603221893310547e-01
3.282686173915863037e-01,-2.121962755918502808e-01,8.079854249954223633e-01,-4.769808053970336914e-01
-2.108981609344482422e-01,-3.480745851993560791e-01,1.162772417068481445e+00,-1.052530184388160706e-01
6.937255617231130600e-03,-8.158424496650695801e-02,1.686697959899902344e+00,-2.267598807811737061e-01
8.086642026901245117e-01,1.233825832605361938e-01,1.116424798965454102e+00,-1.929572224617004395e-01
1.288133621215820312e+00,5.502017736434936523e-01,1.226919531822204590e+00,4.151861071586608887e-01
1.159709215164184570e+00,6.334173083305358887e-01,5.740977525711059570e-01,5.542541146278381348e-01
1.315377593040466309e+00,7.076048851013183594e-01,8.772918581962585449e-01,7.020519375801086426e-01
8.847233057022094727e-01,9.566245675086975098e-01,1.281693935394287109e+00,3.331664502620697021e-01
3.229433000087738037e-01,7.845510840415954590e-01,1.586005926132202148e+00,1.091543793678283691e+00
3.233292102813720703e-01,7.346467971801757812e-01,1.257961273193359375e+00,1.036119580268859863e+00
2.068673223257064819e-01,1.425250768661499023e-01,1.086586952209472656e+00,-6.424318999052047729e-02
-3.448794782161712646e-01,-2.817863523960113525e-01,9.012825489044189453e-01,2.563237845897674561e-01
-2.066147625446319580e-01,-3.903301954269409180e-01,8.766039609909057617e-01,-1.095884084701538086e+00
-9.845707416534423828e-01,-9.592970609664916992e-01,7.373892068862915039e-01,-1.388231515884399414e+00
-8.102252483367919922e-01,-1.043473839759826660e+00,1.331137061119079590e+00,-5.344351530075073242e-01
-7.942107915878295898e-01,-6.864537596702575684e-01,1.128979086875915527e+00,-1.524558663368225098e+00
-1.985882371664047241e-01,-5.033879280090332031e-01,-7.095327377319335938e-01,6.325272470712661743e-02
-2.002861499786376953e-01,-4.353025257587432861e-01,7.778035998344421387e-01,-1.929378509521484375e+00
-4.326310753822326660e-01,-2.144114524126052856e-01,-2.782163918018341064e-01,-4.794170260429382324e-01
4.062553122639656067e-02,1.109274253249168396e-01,-1.174126505851745605e+00,2.044524252414703369e-01
5.470870062708854675e-03,5.239957571029663086e-01,-1.052625298500061035e+00,1.354757905006408691e+00
4.445375204086303711e-01,7.546670436859130859e-01,-8.196834921836853027e-01,-2.328504472970962524e-01
5.214841961860656738e-01,4.303312599658966064e-01,-4.599092602729797363e-01,2.858630418777465820e-01
6.971803307533264160e-01,5.608178973197937012e-01,6.874565035104751587e-02,-2.948727309703826904e-01
7.985924482345581055e-01,1.187128663063049316e+00,6.059134006500244141e-01,8.502557873725891113e-01
1.340421915054321289e+00,1.439742803573608398e+00,7.730742692947387695e-01,1.253349900245666504e+00
1.221258759498596191e+00,1.288400053977966309e+00,8.370757848024368286e-02,1.696440204977989197e-02
1.065783262252807617e+00,1.104163885116577148e+00,-3.031265735626220703e-02,6.591134071350097656e-01
1.107845425605773926e+00,1.037708520889282227e+00,1.001028776168823242e+00,2.445477247238159180e+00
4.928896725177764893e-01,1.222613334655761719e+00,4.182873070240020752e-01,7.123043537139892578e-01
9.174082875251770020e-01,1.068261265754699707e+00,1.629289984703063965e-02,4.954800903797149658e-01
9.430314302444458008e-01,9.470950961112976074e-01,6.280983090400695801e-01,1.000286817550659180e+00
6.774227023124694824e-01,9.739280343055725098e-01,1.069991230964660645e+00,2.734788656234741211e-01
2.177880406379699707e-01,5.257511734962463379e-01,1.273095130920410156e+00,1.036119580268859863e+00
-4.751195013523101807e-02,9.237006306648254395e-02,1.345153212547302246e+00,5.242072939872741699e-01
-1.914492547512054443e-01,-2.313387691974639893e-01,1.667608618736267090e+00,1.706488251686096191e+00
4.861347377300262451e-02,7.016698718070983887e-01,9.906241893768310547e-01,6.841862201690673828e-01
4.065658748149871826e-01,8.940143585205078125e-01,1.288143038749694824e+00,4.058472514152526855e-01
8.296566605567932129e-01,6.359668374061584473e-01,1.320302605628967285e+00,1.008001446723937988e+00
7.567619085311889648e-01,9.600100517272949219e-01,6.937932372093200684e-01,8.591886162757873535e-01
9.310687780380249023e-01,7.752305865287780762e-01,9.969013333320617676e-01,1.413328886032104492e+00
5.253044962882995605e-01,8.088762164115905762e-01,9.818534255027770996e-01,1.113469839096069336e+00
6.687401533126831055e-01,8.164830803871154785e-01,1.880773067474365234e+00,1.378511190414428711e+00
5.789819359779357910e-01,-4.008097201585769653e-02,1.411621928215026855e+00,9.907448887825012207e-01
-5.788837075233459473e-01,-4.854575395584106445e-01,1.417297244071960449e+00,6.254122257232666016e-01
-8.266256451606750488e-01,-1.367547661066055298e-01,1.247728586196899414e+00,-3.177123665809631348e-01
-8.040896058082580566e-01,-5.150907635688781738e-01,1.287025213241577148e+00,5.909083783626556396e-02
-8.395529985427856445e-01,-8.644204735755920410e-01,1.092949986457824707e+00,-3.958746790885925293e-01
-3.818864226341247559e-01,-1.398362278938293457e+00,1.203616738319396973e+00,-5.288521647453308105e-01
-4.520413875579833984e-01,-1.777032732963562012e+00,6.434901952743530273e-01,9.228350520133972168e-01
-1.888637840747833252e-01,-9.715432524681091309e-01,5.740118026733398438e-01,4.145770668983459473e-01
