Source,Destination,TE_Kraskov,Null Mean,Null Std Dev,P-value,Surrogates
0,1,0.01384803657985495,0.0020619087131368186,0.0074148070898077895,0.05,100
0,2,0.00635889897755626,-0.0011148786405125904,0.00813826002251642,0.12,100
0,3,-0.010905933348571761,-0.0005480275196577522,0.008691555413112001,0.84,100
0,4,-0.015760539630407355,-0.0003813007961211612,0.009024814675978321,0.97,100
0,5,-0.010420134854493557,-0.00027236976138190263,0.00833346406614131,0.92,100
0,6,-0.0021676059620427957,0.0004780877017798552,0.007877418415902634,0.68,100
0,7,0.019331334248055054,0.0011941453875517955,0.006910536575383419,0.01,100
0,8,0.021770803506235947,0.00036165439579928624,0.009029386170232646,0.01,100
0,9,0.01345727502431232,0.0011243531132881246,0.0072020539239629104,0.04,100
0,10,-0.011605247591586654,-0.00023709666311633236,0.008922433402128088,0.9,100
0,11,-0.00225280151972701,0.0010348705917859768,0.00844844155307104,0.64,100
0,12,0.0003261006347309303,0.0006416106066773153,0.008422129224112769,0.5,100
0,13,0.003284800130949339,7.907195107403675e-05,0.008319398521161835,0.33,100
0,14,-0.003030521791011709,0.0005193440746633077,0.00952085676552505,0.67,100
0,15,-0.003043966355945449,-0.00059885819243927,0.008805331800265229,0.61,100
0,16,0.006144205577389317,0.0010289186414377432,0.008397685912460824,0.25,100
0,17,-0.0056263903207982024,0.0007057238756836209,0.00819405720925834,0.8,100
0,18,-0.004616443789511815,-0.00074948989569953,0.008353697268672645,0.71,100
0,19,0.002893117667184586,0.0005735732000272309,0.008702807872425406,0.36,100
0,20,-0.06813815312482024,-0.0698009753673734,0.003910081286728939,0.33,100
0,21,-0.07927149845704917,-0.07905628153076273,0.0034486098783524715,0.5,100
0,22,-0.01014999312459941,-0.014431778274480979,0.005358754280695094,0.22,100
0,23,0.22936718014915236,-0.0017642248357264683,0.006724510358156163,0.0,100
0,24,-0.05551277789884268,-0.057873219813965725,0.0043339541476356295,0.27,100
0,25,-0.04274612676123868,-0.044654583026725245,0.004573630524509179,0.37,100
0,26,-0.10321134262984422,-0.10180169153534954,0.0028125649847009714,0.68,100
0,27,-0.09851871687370817,-0.10387789554535243,0.0029596834969935547,0.04,100
0,28,0.009416748639628325,-0.0022244366482713908,0.007660782433742652,0.06,100
0,29,-0.009789923884478968,-0.0038794973806152,0.008127393705712171,0.78,100
0,30,-0.005048607077601575,-0.002115943443187389,0.007505164127695778,0.69,100
0,31,-0.04548430637021256,-0.04810241186952597,0.004633881655436847,0.28,100
0,32,0.006171414200299152,-0.0014832070297064231,0.0074213681360409825,0.15,100
0,33,-0.004913322309777479,-0.00124299987806536,0.0068424980161280085,0.69,100
0,34,-0.09740070378400845,-0.10139369141394379,0.0028457640338650047,0.08,100
0,35,-0.0359710058727839,-0.04060351366716204,0.005350558498597007,0.18,100
1,0,0.012877848398981151,0.0005239198139570122,0.008307061171388661,0.05,100
1,2,0.01284439564280404,-0.00014824044932710724,0.008729611958602739,0.06,100
1,3,0.007893619263911855,1.3441815105963429e-05,0.008126511804567745,0.15,100
1,4,0.0019060246620172805,0.0004928305205366302,0.008465711844891718,0.4,100
1,5,-0.021971459381957492,-0.0003235224657160568,0.008284383774343724,0.99,100
1,6,0.001460998653457446,-0.0012551064601001843,0.008638072335531573,0.41,100
1,7,0.011978654024271285,0.0005084555881227398,0.007722519414700069,0.09,100
1,8,-0.0001974195059714079,-0.001392223633851301,0.006843513700861546,0.44,100
1,9,0.009070819772768857,-0.00016956341690880228,0.009348066200669185,0.17,100
1,10,-0.0030647942802671246,-0.0012247401105203448,0.008023783230426648,0.62,100
1,11,0.0019471859787975054,-0.000620133928050332,0.009224685218093094,0.42,100
1,12,0.0056078889880076255,0.0013573165055845904,0.008673746196593148,0.37,100
1,13,0.012838785823363952,0.00040364029418374803,0.008429456453459525,0.07,100
1,14,-0.010189831609711375,0.00028276718810187285,0.0078076402659320015,0.92,100
1,15,-0.005488621527904969,0.0005758973985435978,0.007587673055151855,0.81,100
1,16,0.007366115405703366,-0.0008222573895724333,0.009354171403296571,0.18,100
1,17,0.007547089588082201,-0.00036615679648350553,0.008080125591205328,0.18,100
1,18,-0.010640309026927308,0.0016009002398328304,0.008134270714665964,0.92,100
1,19,-0.014339596892514628,-0.00054993439036082,0.008381043923302547,0.92,100
1,20,-0.07012154701981427,-0.07031452638591831,0.0040194600625453585,0.44,100
1,21,-0.08459894293296544,-0.08042335515175371,0.0033633768193953306,0.91,100
1,22,-0.017884303078188113,-0.010889404402892766,0.007207679700780094,0.87,100
1,23,-0.011588858969721005,-0.0014537409985739807,0.007804894511381463,0.92,100
1,24,-0.04361534638892206,-0.0584595978139985,0.004339043423221688,0.0,100
1,25,-0.038450762755553924,-0.045217603652428974,0.00465955197875643,0.08,100
1,26,-0.10551698509219842,-0.1027056079159073,0.0027778867895906223,0.85,100
1,27,-0.10820049351717331,-0.10477123532093888,0.002909908107789268,0.91,100
1,28,-0.00234425899648133,-0.001711061022924566,0.007771924378424315,0.46,100
1,29,0.017699287204487824,-0.0015172172893242015,0.007735312337272998,0.01,100
1,30,0.021458224847404117,-0.0020170430678382546,0.007682815150498386,0.0,100
1,31,-0.034860655141086216,-0.04771133932197029,0.005440337080649228,0.02,100
1,32,0.06271007016233132,-0.00033069052402874663,0.007707830930121657,0.0,100
1,33,-0.014009640688813552,-0.0013092217385914323,0.0073761540856239535,0.97,100
1,34,-0.09654570057336687,-0.1023385437721424,0.0027729204653452084,0.02,100
1,35,-0.03756922039069688,-0.03957335071257805,0.004182400873411514,0.33,100
2,0,0.017980597938542175,-0.00034672441766188,0.007845425694518647,0.02,100
2,1,0.001340424689806996,-0.0005648000236395117,0.008409442383331937,0.42,100
2,3,0.0009012438339185413,0.00030780943277929795,0.008910942498377098,0.44,100
2,4,0.005242874033942635,0.0009664657835177986,0.009522123621093562,0.27,100
2,5,0.0004199392069400565,-3.6092302077354036e-05,0.008266754465587537,0.47,100
2,6,-0.007506370200930146,-0.00011480538847465527,0.00827217371637328,0.82,100
2,7,-0.007648733755043047,0.000552446473806153,0.0078624510038117,0.86,100
2,8,0.003732598502310003,0.0006038055415127947,0.009381494821442175,0.41,100
2,9,-0.000777898219913864,3.785442649416881e-05,0.00833272160670645,0.53,100
2,10,0.020667694052165786,0.0010422667192302353,0.008282516655796351,0.01,100
2,11,0.01112330763757019,-0.0017498888888327147,0.008513496517288116,0.07,100
2,12,0.005174316979264515,-0.0002729238179825033,0.007565929687566935,0.22,100
2,13,0.01957783606620417,-0.00035362710123366226,0.007953498405396138,0.0,100
2,14,0.008702193753982734,0.00040648505710425166,0.00768456640439251,0.18,100
2,15,-0.011412148836065117,-0.0013138889243403762,0.008436693304708774,0.91,100
2,16,0.0013250893882100212,0.0008102466017792643,0.008732564633642064,0.51,100
2,17,-0.005008481250570185,0.0008624526067329341,0.008841723950099502,0.75,100
2,18,0.0034921421364719762,-0.0009377395353891688,0.009213405336610352,0.34,100
2,19,-0.01148185010669972,0.00019434391076012525,0.008248261078263042,0.92,100
2,20,-0.06477152530144076,-0.07025138640954255,0.003419389829878876,0.05,100
2,21,-0.08157633757706206,-0.08026004438384411,0.0032864135175738112,0.66,100
2,22,-0.0031907584945012335,-0.010669579908748526,0.0061215161509136015,0.09,100
2,23,0.022536383935860882,-0.0026465983497271257,0.008263867469099824,0.0,100
2,24,-0.05437621439605239,-0.0581426894583809,0.0039051174130537466,0.14,100
2,25,-0.03845023608652359,-0.04472348433238706,0.004672641238392154,0.12,100
2,26,-0.0998663961515901,-0.1023232848153322,0.002656439858483806,0.14,100
2,27,-0.10029861848211707,-0.10507281209262936,0.002858989979313946,0.07,100
2,28,0.05588556616166207,-0.0018917867194349059,0.00813049245578965,0.0,100
2,29,0.013353678290749738,-0.002744590141032064,0.008075731388504726,0.03,100
2,30,0.015336893109832828,-0.002221818121604834,0.007765663724241468,0.0,100
2,31,-0.035452673627981324,-0.04633348722540683,0.004648638775957056,0.0,100
2,32,0.010507221069172845,-0.0006073959290872561,0.008360725705365937,0.1,100
2,33,-0.011059064039265265,-0.001550747016058482,0.007047264713510341,0.91,100
2,34,-0.1009299018482589,-0.1018706695470705,0.002743795713393392,0.36,100
2,35,-0.03994225823994246,-0.0384474372339968,0.00419772041420831,0.62,100
3,0,0.02496852968416735,-0.001203786567952947,0.007977806560961148,0.0,100
3,1,0.0017464318951420643,-0.0010645837974530947,0.008396653723041693,0.34,100
3,2,0.02817599719911712,0.0004869103382188722,0.008606703810300122,0.0,100
3,4,-0.01086573328486462,0.0007044344184947921,0.008244089106543114,0.92,100
3,5,0.000882974965992156,0.00043455167026997253,0.0071840166517812285,0.47,100
3,6,0.001348825863761005,0.000841614352996537,0.008137227854767058,0.47,100
3,7,0.008371363600031434,0.0015534073739902439,0.007636731749422789,0.2,100
3,8,0.0013143406856958029,0.0006822959668247175,0.00878617946035058,0.46,100
3,9,-0.010971660625928692,0.0014043696077257184,0.0084757009609405,0.94,100
3,10,-0.014526729960966489,0.0017689666962947199,0.008609629205185288,0.97,100
3,11,0.026319699667432916,0.0007441517845847584,0.008785799555816121,0.0,100
3,12,0.008699540927344984,-0.0002155981638481519,0.008269365765709582,0.12,100
3,13,0.016903700751096817,-0.0001054311535873953,0.00816446889620238,0.02,100
3,14,0.004265755929488857,-0.0018586538591408386,0.009222929462391855,0.24,100
3,15,-0.0016964935947013093,0.0003600250685172324,0.008816395665642848,0.57,100
3,16,-0.0015406950262049635,-0.00025612481237935746,0.007631441396989768,0.57,100
3,17,-0.011741946051232688,0.0010369374270344117,0.007371840266400079,0.95,100
3,18,0.00901512392934517,2.7239865854605805e-05,0.008341654876913131,0.15,100
3,19,0.0026408578943541983,-0.00026649511015996107,0.008684735917112787,0.35,100
3,20,-0.057409266430475225,-0.0713076226359978,0.0035782053815925706,0.0,100
3,21,-0.08036218582517196,-0.08095595882275405,0.0034710031628696833,0.4,100
3,22,0.03708575043803197,-0.013394209811157244,0.006545096860770169,0.0,100
3,23,0.012300543947083409,-0.001628949718986518,0.007868679851827914,0.03,100
3,24,-0.05729057071780519,-0.059870717703285406,0.004079262811452292,0.22,100
3,25,-0.05182772939645991,-0.04525917598849217,0.004235931317620352,0.93,100
3,26,-0.10216432925969898,-0.10281943410496598,0.002692857159588831,0.4,100
3,27,-0.10438599035709328,-0.1047950045161403,0.0025887687049723686,0.46,100
3,28,0.03406731519604139,-0.0009260548611318153,0.006848738620223027,0.0,100
3,29,0.0226650618944797,-0.002588072237345291,0.00689452220346618,0.0,100
3,30,0.07223781608014251,-0.0011661090679179191,0.006747532546656318,0.0,100
3,31,-0.04035047993361862,-0.048210154236998023,0.004667213474850497,0.04,100
3,32,0.017571979867323395,-0.0005819456019159569,0.007442765697925089,0.01,100
3,33,0.000985291232360186,-0.003637664111730665,0.007473267903036476,0.25,100
3,34,-0.10197875142760904,-0.10231722154032045,0.002772498431151867,0.47,100
3,35,-0.030738377552127105,-0.041237185699079436,0.005308219786535252,0.01,100
4,0,0.010584387793071748,-0.0009517458428931236,0.008147154348770393,0.08,100
4,1,0.007306839165196866,-3.088379073499292e-05,0.008364228627204954,0.18,100
4,2,-0.002696909621267063,-9.022177357535966e-05,0.008189364429179958,0.63,100
4,3,0.0020944553694932644,-2.9156100529819095e-05,0.0077461818206348105,0.36,100
4,5,-0.010249350872677365,-0.0009516242038473949,0.008209493072631774,0.86,100
4,6,0.0018104052738772136,0.0002018940890553178,0.007825773390065323,0.43,100
4,7,0.0060297253501801484,-0.00021502840256097888,0.007950107956499046,0.22,100
4,8,0.0067663226259161435,0.0003215927277305552,0.00853195978736924,0.22,100
4,9,0.002772093152935362,0.00035375338544673394,0.008279003234080907,0.37,100
4,10,0.006918340029289316,-0.001312782303647752,0.00836112733453475,0.19,100
4,11,0.010020962738528316,0.0009691643719314219,0.007915278150675635,0.14,100
4,12,0.015752464960734458,-0.0003836444511469705,0.008185232174025562,0.03,100
4,13,0.0016839092960975188,-0.0016893071591033543,0.009254304911088402,0.37,100
4,14,0.00637473680524725,-0.0002295450095797341,0.00755223380260642,0.21,100
4,15,0.019202322501494284,0.0016737146049625939,0.008872638474497943,0.04,100
4,16,-0.002428258132816108,-0.0002054684993238398,0.006817387927581937,0.61,100
4,17,0.008659977465861002,0.0011445927732542688,0.009060411553640745,0.22,100
4,18,0.00735368329843944,1.2917939232441333e-05,0.008340328549297574,0.22,100
4,19,-0.010732245293874731,-0.0009289785238533393,0.008312467150352913,0.87,100
4,20,-0.07794991520155026,-0.07199812412989699,0.0036404654640696844,0.98,100
4,21,-0.07564965552143299,-0.08185438215934486,0.0034012724546077203,0.03,100
4,22,-0.016095572016380455,-0.013874572218212443,0.006259787916881584,0.63,100
4,23,-0.0016721876301494798,-0.003638613777434855,0.007373594351533749,0.33,100
4,24,-0.062184139249309045,-0.05983233063188436,0.004777044245319376,0.69,100
4,25,-0.04375891110668678,-0.047920818884954836,0.0044678523331600885,0.2,100
4,26,-0.10259834071526108,-0.10311652156287579,0.002450527792843568,0.41,100
4,27,-0.10170869405871152,-0.10499718015911343,0.003296420042698567,0.18,100
4,28,0.006345379705733123,-0.0016563312252851486,0.008025247447385126,0.16,100
4,29,0.039828375700130314,-0.0048594960200353,0.0075093216595493355,0.0,100
4,30,0.01121155859084677,-0.0016151577037332831,0.007344476550497491,0.06,100
4,31,-0.04895911395151509,-0.04964589551191392,0.004131617409562657,0.44,100
4,32,-0.005720031377789869,-0.0003848719639483367,0.0074779173196527155,0.79,100
4,33,0.033060830980492006,-0.003277036384864408,0.007408627304109249,0.0,100
4,34,-0.10138737625991068,-0.10218454322024519,0.0028934867101436546,0.41,100
4,35,-0.03312006119730371,-0.04216526577726104,0.005010084787903891,0.02,100
5,0,0.005444161572272899,-0.000220433680502215,0.008215753116191913,0.25,100
5,1,0.023271252975160306,0.0002554290845312163,0.00850500038047545,0.0,100
5,2,-0.0010948884410436066,0.0011703891264614168,0.008769048231717782,0.61,100
5,3,0.013200279531084214,-0.000912913725518349,0.007860185684289757,0.05,100
5,4,-0.008174517108866297,-0.00047104377810424535,0.009190874822379519,0.78,100
5,6,0.012398650656217258,2.2197077393492637e-05,0.008033813560070168,0.07,100
5,7,0.006219286163685778,0.0002043396420995358,0.007841145343890655,0.28,100
5,8,-0.00275431809111909,0.0016188980584885466,0.009163006899317273,0.67,100
5,9,0.0012761001183928533,-0.0005121939582454399,0.009176302787579789,0.44,100
5,10,0.002284769868363401,0.00011337827279651435,0.007497915396959509,0.36,100
5,11,0.0074773813173433235,0.0006886365503412173,0.008879850969453346,0.26,100
5,12,0.010906657512244622,-0.0009095079267863116,0.00839833880038514,0.09,100
5,13,0.00644020691260333,0.0013898881105202981,0.007967213419346366,0.24,100
5,14,0.0008332821461915496,0.0002090287441953137,0.008823297046333013,0.43,100
5,15,0.005275460393673881,0.0006956707907708842,0.007889541674394858,0.27,100
5,16,0.00627746871961532,-0.0005116123621502755,0.007640619618935645,0.18,100
5,17,-0.0021875996557101374,-0.00043084226853752074,0.008301268240938334,0.57,100
5,18,-0.001871178786581995,0.0009422690198176376,0.008115527993147641,0.67,100
5,19,-0.009307096728876918,-0.0004520905566090666,0.009610075395557626,0.83,100
5,20,-0.0702527812082529,-0.07266567276113688,0.0034046233785770224,0.2,100
5,21,-0.08077545265374453,-0.08156507796726033,0.003213503649501993,0.36,100
5,22,-0.018303228192077692,-0.013294953633236756,0.006021888473132389,0.81,100
5,23,0.010944959564183288,-0.003950924282158879,0.007644071086733217,0.04,100
5,24,-0.056079430175246525,-0.059690751468831155,0.004139211527194611,0.21,100
5,25,-0.02074524866432731,-0.047705763018259954,0.004174088157493177,0.0,100
5,26,-0.10578529656966207,-0.10296861480280216,0.0026304487522538843,0.86,100
5,27,-0.10279091916414129,-0.10500120451343262,0.002712483261480751,0.21,100
5,28,-0.004150818160023051,-0.0026465116024579566,0.007105090380655573,0.55,100
5,29,0.0015919184586447588,-0.003837293630462856,0.008234027595474284,0.24,100
5,30,0.016384730110448498,-0.0015412328867890279,0.006046595613577573,0.0,100
5,31,-0.04108637739892368,-0.050297515079290284,0.004569730290024127,0.01,100
5,32,-0.007172249225698257,-0.0010169597888266368,0.007350702975930811,0.81,100
5,33,0.08115951521641201,-0.00083886555628296,0.006990118987468116,0.0,100
5,34,-0.10251471926670486,-0.1024366571791675,0.0026702022315548916,0.51,100
5,35,-0.04497392501336683,-0.042503093631124464,0.004644152329765832,0.67,100
6,0,0.008196749052492736,9.183090390695092e-05,0.008391596863592555,0.16,100
6,1,0.017928205983288314,0.00030775113300038847,0.007212872484192493,0.02,100
6,2,0.011738077356697574,0.00010517505703991237,0.009382357440418492,0.08,100
6,3,-0.008435271895682994,0.0007776096012092321,0.007908304286521003,0.83,100
6,4,0.009841706038099918,0.0005640051492432802,0.0071832516172490495,0.1,100
6,5,-0.0011435922893274775,-0.000395873698031996,0.009147115840522827,0.54,100
6,7,-0.004300911916432337,0.0006220035030852311,0.007450648862278833,0.75,100
6,8,-0.0014620911802886716,-0.00018403545300130886,0.00826422750646519,0.58,100
6,9,-0.006047134877157634,0.00027507668421479893,0.008351432059756298,0.73,100
6,10,0.00588706137619166,0.0005704552672299718,0.0087310136430954,0.25,100
6,11,0.00033784926731944553,-0.0003466761106593275,0.008384476423360522,0.51,100
6,12,0.000651877163194925,-0.0005034148357294793,0.00824564272514667,0.42,100
6,13,0.0025845722935228244,0.000920496784336709,0.007764859767629161,0.39,100
6,14,-0.004191730905108326,-0.0003077014089489022,0.008922274543510177,0.65,100
6,15,-0.012996508064969547,-0.0010577765831415048,0.008434122131322374,0.92,100
6,16,-0.014761849209836864,5.9821268068990795e-05,0.008243027614747092,0.98,100
6,17,0.0006936399675324112,0.0005744204346648429,0.008007283748380832,0.52,100
6,18,0.0020001929460220502,-0.002507647032021154,0.009337935808131744,0.31,100
6,19,-4.73907713042232e-05,-0.000588271873422363,0.008148382911612113,0.5,100
6,20,-0.0670236886072903,-0.07197998275772699,0.003814842723767325,0.08,100
6,21,-0.07763104771643603,-0.08198855261725589,0.003461894593165329,0.1,100
6,22,-0.016278991078949645,-0.014105496477861057,0.006446499897845276,0.62,100
6,23,0.0009234800275604305,-0.0030780924730825178,0.007370991004376925,0.31,100
6,24,-0.05941103320705082,-0.060261590334449826,0.004431765697288292,0.44,100
6,25,-0.0543760484415346,-0.04719844572550468,0.004429431759959748,0.95,100
6,26,-0.10356832585755671,-0.10321131372202111,0.002723352272310145,0.55,100
6,27,-0.10967644310916747,-0.10515541332444588,0.003130787732165024,0.89,100
6,28,-0.006221886829222867,-0.0020856150145933897,0.007459406017979108,0.67,100
6,29,-0.013795687963934766,-0.0020087628719771765,0.0077750347980067675,0.9,100
6,30,-0.004260505885471111,-0.0018021095394352654,0.008524454116584982,0.57,100
6,31,-0.0550205255772559,-0.049683974405236156,0.004599485417863543,0.87,100
6,32,-0.012964063049056507,-0.0024413907070209152,0.007539588448163216,0.94,100
6,33,-0.006656612488558811,-0.0009112599119003189,0.008298395657544769,0.74,100
6,34,-0.10134942143386949,-0.10218369471632416,0.002826762090363862,0.36,100
6,35,-0.03983599601208149,-0.042024302163667045,0.005374564383223313,0.37,100
7,0,0.022909137911998778,-0.0006479062163250465,0.008407289749630419,0.0,100
7,1,-0.001235921460342293,0.00031487638145833883,0.008248607897082283,0.56,100
7,2,0.028005503487037398,0.0003589788682949935,0.00918436947439764,0.0,100
7,3,-0.0030130437452557945,-0.00011977766600170747,0.00939037002492498,0.65,100
7,4,0.0021883877895739756,-0.001838826859171605,0.007906557740149952,0.37,100
7,5,0.007683669130331305,-0.0004665031829844357,0.008059094002769232,0.14,100
7,6,-0.00438267964567246,-0.00043843161505378923,0.008244236503141792,0.69,100
7,8,-0.0050646659119737425,0.0012500645692660455,0.00849719871084696,0.74,100
7,9,0.013262205112975878,-0.0008276805961972306,0.007879011929617387,0.03,100
7,10,0.0048308643361102965,0.0004614115862105944,0.008249248319915128,0.28,100
7,11,0.022621932746113238,0.00023430563472366826,0.00835577991996372,0.0,100
7,12,0.01318590857859242,0.00037737028370972534,0.00859819444746099,0.07,100
7,13,-0.005303752868902556,-7.703169659721954e-05,0.008945703848264585,0.72,100
7,14,0.005746309592176202,-0.0011289014048086231,0.008280225668524023,0.22,100
7,15,-0.0007258475306980983,0.0006726088516397638,0.008953747457787847,0.58,100
7,16,-0.0071388121449979525,0.00040473959782541703,0.009029447488528809,0.79,100
7,17,0.0050146895988986695,-0.0006935105931646452,0.008357764258769546,0.25,100
7,18,0.0039315842454394345,0.00223424529253458,0.008660404474154204,0.44,100
7,19,0.0025753796315793887,-0.0006053082254348069,0.008855258009678207,0.37,100
7,20,-0.06801470632564882,-0.07257229651280199,0.0030260468162887836,0.09,100
7,21,-0.08209302953491726,-0.08123004157925423,0.0031041642100718666,0.62,100
7,22,-0.011460984119685214,-0.01335658688006998,0.006311682596479839,0.38,100
7,23,-0.006913591657525642,-0.0023138493523776967,0.007278990822684381,0.73,100
7,24,-0.05475430801507586,-0.05897400511796149,0.004516136286152197,0.19,100
7,25,-0.03678767437945979,-0.04754411777509234,0.004234413440248064,0.0,100
7,26,-0.10347518854576243,-0.10315476345677288,0.0025843372501964503,0.56,100
7,27,-0.1050048742980042,-0.10485478581401393,0.003222847804181318,0.56,100
7,28,-0.0004530044833815916,-0.0013642442348136242,0.007784862558249316,0.41,100
7,29,-0.00857201184362455,-0.0036922386561176255,0.007147353090033143,0.79,100
7,30,0.002627278585191295,-0.0025467585354908926,0.007678850750556221,0.31,100
7,31,-0.05850337773301756,-0.04952298208212803,0.00483967925967521,0.98,100
7,32,0.0015690280884941288,-0.0007293801562066054,0.006898848337831854,0.38,100
7,33,0.0024239874864199207,-0.002039938551669323,0.006748719445253354,0.26,100
7,34,-0.10649011406244668,-0.10227540394860524,0.0026976137520659032,0.91,100
7,35,-0.04707168578784082,-0.042735951995645005,0.00452126922885187,0.79,100
8,0,0.009199988149277138,-0.0008325422468700677,0.009142302758348892,0.12,100
8,1,-0.004044039897694918,-0.000929151945697963,0.009454290368486594,0.62,100
8,2,0.007068395477354106,0.0006577351201326543,0.008833048133913205,0.21,100
8,3,0.0039586288733397534,0.0005846311365092255,0.008278480109986096,0.35,100
8,4,0.002231878727714909,-4.464692710686169e-05,0.009523222355159492,0.4,100
8,5,0.003459082133033975,-0.0008344737416667636,0.008620888872439416,0.31,100
8,6,0.013414148840449003,0.0009005837948302225,0.008661879461870152,0.11,100
8,7,-0.0011551521308177937,-3.277480665758725e-05,0.00906581484373823,0.52,100
8,9,-0.007582796930638902,-0.0007004225037167628,0.007694682185746798,0.82,100
8,10,0.003700204236058602,0.0012603280524731081,0.008863538845858178,0.4,100
8,11,-0.007101888913308707,-0.0002349524663332192,0.008658097081538054,0.77,100
8,12,0.011580354657594827,-0.0005345329404585947,0.008244228941935182,0.05,100
8,13,-0.011717509302737406,0.00030136051221742454,0.007672545123381531,0.95,100
8,14,0.0007551197778992713,0.0013391235770602527,0.008613142651619,0.5,100
8,15,0.006228079468809156,-0.0009742124083685144,0.008483614665788407,0.21,100
8,16,0.0009211353142176137,0.0020772962728245474,0.008645260850989907,0.5,100
8,17,0.017593806583304394,-0.00011252400648791517,0.008594027221249348,0.03,100
8,18,-0.011945557787171879,0.0012984645664806905,0.008124211800887276,0.97,100
8,19,0.010333532414647295,-0.0013125625707191796,0.008132564638308411,0.11,100
8,20,-0.07443111268663477,-0.07249646686436473,0.0037641276354922117,0.69,100
8,21,-0.08089939716875982,-0.08119236561580183,0.003402700498581783,0.46,100
8,22,-0.01460175177386197,-0.014000982031517535,0.006246339424788977,0.55,100
8,23,-0.009868720464987712,-0.002718391395433442,0.006486926004428358,0.87,100
8,24,-0.05159670580986203,-0.06035656976184131,0.004218831717982955,0.02,100
8,25,-0.0449162064358245,-0.047939835166912956,0.004579120401048478,0.29,100
8,26,-0.10099171783728234,-0.1028069432770137,0.0029538890265319658,0.26,100
8,27,-0.09952754572904854,-0.10497521113139348,0.00270854179907771,0.03,100
8,28,0.0019155259454604612,-0.001326862148258683,0.007784290112460391,0.34,100
8,29,-0.0012326361831472288,-0.00443162187764482,0.007872214267020417,0.35,100
8,30,0.017786309866029082,-0.0027254991708896394,0.007931500082497411,0.01,100
8,31,-0.05388707664130543,-0.05016766127809906,0.004259115592248012,0.84,100
8,32,0.0033539717163901805,-0.0008382400535517815,0.007484796688678296,0.26,100
8,33,-0.0023965590082585253,-0.0035022221635961246,0.008106036721828183,0.45,100
8,34,-0.1019873022895772,-0.10260778536110746,0.0027310647172506686,0.35,100
8,35,-0.03411701956202945,-0.04153916678497623,0.004623059873187734,0.05,100
9,0,-0.0033958919578703783,-0.0011763940189509848,0.008126944706993959,0.56,100
9,1,-0.0028835126427095847,-0.0007419752084530578,0.00873439406465639,0.54,100
9,2,0.0037174716026001087,0.0009044549726730339,0.00942250384761203,0.35,100
9,3,-0.018640167404980146,0.0004336418714343948,0.008259532780868451,0.98,100
9,4,-0.01249784232033424,6.423136945007401e-06,0.007714774104505341,0.96,100
9,5,-0.01685080532065858,-0.0016771535050144925,0.008281646814339445,0.99,100
9,6,-0.005495913392107699,-0.0004353334034978756,0.00848498872883764,0.73,100
9,7,0.007837511343503856,-0.0010344160965125677,0.0076721406273903715,0.15,100
9,8,-0.004246532911011958,-6.87143141305746e-05,0.009032239889649206,0.7,100
9,10,-0.010897594183825965,-0.0003305795435231679,0.008765860370557389,0.92,100
9,11,-0.0062035654174950605,0.0014073520215391593,0.008643173554065178,0.79,100
9,12,0.008365323876512898,-0.0008045860344245687,0.008879071283795267,0.13,100
9,13,0.012825256800215123,-0.001234343739092903,0.008260758785164555,0.05,100
9,14,-0.006007609008255754,0.0008142214191366326,0.008300419375613923,0.8,100
9,15,-0.009583983550753405,-0.000595252545299248,0.009505926897495683,0.83,100
9,16,0.00012171084063500315,-0.00047703151702093273,0.009182261861408553,0.47,100
9,17,-0.007978172441407028,-0.0007424655134950519,0.00826743847597795,0.78,100
9,18,-0.005356329958998374,-0.00019402629339520584,0.008619256465868232,0.72,100
9,19,-0.013754518266748783,-0.0008462600743422955,0.00928333179947699,0.9,100
9,20,-0.07177149420321421,-0.07199508956874659,0.0034357846403111456,0.46,100
9,21,-0.08385137989206881,-0.08208621541442897,0.003542427372867833,0.72,100
9,22,-0.013669386810648942,-0.014930575016838931,0.00629875041245637,0.43,100
9,23,0.008106544325339082,-0.002679718001945884,0.0070205389164103614,0.05,100
9,24,-0.05688373122739715,-0.05955254054172809,0.00450637515527786,0.27,100
9,25,-0.04046022061513943,-0.047348834932133155,0.005032603044318916,0.1,100
9,26,-0.10331985375896402,-0.10290678329826719,0.002476113055350155,0.62,100
9,27,-0.10966311114964233,-0.10490210460839636,0.002848538582276764,0.94,100
9,28,0.00660370541712374,-0.0022633787425124373,0.008070596141216274,0.13,100
9,29,-0.000259908119560337,-0.0025854797173627203,0.006811317190369305,0.38,100
9,30,-0.006438363696843807,-0.001958720372561453,0.00789367208618964,0.73,100
9,31,-0.05512583831772838,-0.050537479042680786,0.004983644584022586,0.86,100
9,32,-0.005929764218184086,-0.002770745222066903,0.006894679462843319,0.67,100
9,33,0.0036340264882609996,-0.002805220712507805,0.007238527747244652,0.22,100
9,34,-0.10539158879783439,-0.10216285084150387,0.0023843620010464894,0.93,100
9,35,-0.04333567991568571,-0.042268256754009415,0.004953327474610135,0.59,100
10,0,0.02347876952737349,0.0012034539363841535,0.008775876286826792,0.0,100
10,1,-0.0014003216233987037,-0.0001134448033198715,0.00957138022345943,0.58,100
10,2,0.010372257468862445,0.0007141300456399058,0.00917568109403908,0.16,100
10,3,-0.006852369465786157,-7.056040261559316e-05,0.008359727732486657,0.83,100
10,4,0.011360657190200907,0.0007360657620749567,0.00811812648820776,0.09,100
10,5,0.009195335341345534,0.0001990651604154725,0.00949665816886382,0.19,100
10,6,0.0059842184714289925,-0.00041562487464099794,0.00833653984900137,0.16,100
10,7,-0.0026658302053333416,0.0008616689787228315,0.008771013756435301,0.65,100
10,8,0.009676615601223237,-0.000231352206465118,0.008271104071566513,0.13,100
10,9,-0.00043687976257383854,0.0003862810707278075,0.007776731506174588,0.54,100
10,11,0.021739315620366573,-0.00019520806220698516,0.008298492492429725,0.0,100
10,12,0.006944733001516823,0.0009257580054794511,0.008874302121093641,0.24,100
10,13,0.0046750132573409875,0.000803704013500507,0.008848717068518027,0.3,100
10,14,0.004703334075236598,0.0004507261519353628,0.008124932801161455,0.28,100
10,15,0.0007626321732949748,0.0003281618469910769,0.008974216527832594,0.49,100
10,16,-0.0007165945787692141,0.0004095007025673414,0.0074625166636484806,0.57,100
10,17,0.01268625048233496,0.0004990036560108007,0.008351398251797416,0.05,100
10,18,0.0017176349228631427,0.001173390336912875,0.009619919512964628,0.46,100
10,19,-0.004543009849640567,-0.0008722041349744241,0.00770642774601936,0.68,100
10,20,-0.07110063080225937,-0.07137296018326558,0.003958519103484939,0.44,100
10,21,-0.08438576210057835,-0.08081853426263215,0.003080250279984319,0.85,100
10,22,0.0036353608635367185,-0.014520225920765047,0.006220127424401574,0.0,100
10,23,0.0105262610904992,-0.0037123633450915007,0.007233114137677431,0.03,100
10,24,-0.05890121011906696,-0.05860174408560189,0.004218550586568541,0.49,100
10,25,-0.0433760530440746,-0.045885921629359075,0.004658966495565092,0.29,100
10,26,-0.10348135638357969,-0.10226549333910004,0.0025090037292371742,0.69,100
10,27,-0.1040779266874331,-0.10411691937375842,0.0026442939369263965,0.51,100
10,28,0.011573375714373613,-0.0023184038089914235,0.008012704282381104,0.04,100
10,29,0.054345065852835994,-0.002784935960427814,0.006903298763662781,0.0,100
10,30,-0.0023664288964670432,-0.0026802302019013147,0.006602925723111539,0.47,100
10,31,-0.03245139791726692,-0.04827071309978398,0.00469795188721095,0.0,100
10,32,0.006672112641287198,-0.0005108128803398481,0.00769624295431226,0.17,100
10,33,0.003690374183899947,-0.0025182658104783767,0.007493695945033822,0.19,100
10,34,-0.10477711822546809,-0.10172172353425361,0.0031676999644084697,0.83,100
10,35,-0.042783596308825,-0.04086748455665721,0.004470788879780437,0.67,100
11,0,0.014770702710985129,-0.0006199352231107874,0.009052296254999656,0.05,100
11,1,-0.0012885601167250127,0.0006137015251264583,0.00841831639631728,0.56,100
11,2,0.016677249302601116,0.001273670503321941,0.0073286976904014586,0.01,100
11,3,0.010144672495594698,-0.0013579040775282775,0.007828174810859151,0.06,100
11,4,0.01092188489791257,-0.00021885926169444624,0.009342627673278784,0.1,100
11,5,-0.01776340032296375,0.0003498418432060257,0.007578319169363905,1.0,100
11,6,0.0005645725238272448,0.0006825531652964828,0.008167537930796477,0.49,100
11,7,0.01251487377308469,0.00022803906461278501,0.008465350560188233,0.08,100
11,8,-0.015386975629301691,0.0003239993751169351,0.009280120427574897,0.97,100
11,9,-0.012861410120787897,-1.7315575978495424e-05,0.00849170048902949,0.95,100
11,10,0.004656508896607736,0.00076594882392849,0.007192419416447575,0.3,100
11,12,0.009102422738309857,-0.0007786927344182365,0.007940503218405236,0.09,100
11,13,0.008318198413447275,0.001002788371155216,0.008427357585292833,0.17,100
11,14,-0.01304109857273622,0.0012425514507954781,0.007675297412020879,0.98,100
11,15,0.005466365613510382,0.0006456542308469387,0.008453669586813286,0.3,100
11,16,0.005518097697863877,-1.1184485262181187e-05,0.007699006225801584,0.26,100
11,17,-0.005309223425431109,0.0016636304394920592,0.008247295253934216,0.81,100
11,18,-0.002715178333735302,-1.8859999991649447e-05,0.008375540910155629,0.63,100
11,19,-0.001396573054071315,0.0005150774313196493,0.009014958595712313,0.63,100
11,20,-0.07371176871565027,-0.07183606136531945,0.0032488216277776214,0.71,100
11,21,-0.08493283616171443,-0.08138757820103931,0.003085037738259,0.86,100
11,22,-0.01942292517957972,-0.013502381674600765,0.005872112213973164,0.83,100
11,23,0.0013250981843263565,-0.0011989954588730784,0.006739804311497643,0.37,100
11,24,-0.049499113172298326,-0.05926466114306446,0.004024422511329901,0.01,100
11,25,-0.04476098882774249,-0.04674479598831738,0.004064654296230365,0.35,100
11,26,-0.09922601389928554,-0.10340921360722706,0.00290898335555236,0.05,100
11,27,-0.10844291756480873,-0.10469253784789716,0.002713324083172737,0.92,100
11,28,0.016747115034242976,-0.0013675752966076627,0.007360644707209047,0.0,100
11,29,0.013962393867131329,-0.002216347138096819,0.008318896614361597,0.02,100
11,30,0.004175189857416717,-0.0014072896138797126,0.006914430213959232,0.19,100
11,31,-0.04849442185195757,-0.049713699697902396,0.004089713434560159,0.36,100
11,32,0.031585347209393155,-0.0007516062461389062,0.007999001671586353,0.0,100
11,33,-0.0036864051528778807,-0.0011796507513998982,0.007414413170977844,0.68,100
11,34,-0.10203709455160614,-0.1026998836755877,0.0029268573215800093,0.42,100
11,35,-0.032934651739072174,-0.04099775788102761,0.00487702414803859,0.07,100
12,0,0.009320977431931554,0.0008152956707303405,0.008983432960883365,0.14,100
12,1,0.007864686797957876,0.0009938653464556845,0.00943630793466934,0.2,100
12,2,0.010172907126409059,-0.0003051844692589778,0.008271338304822308,0.07,100
12,3,-0.006514961213570647,-0.0002838761672658152,0.008679888757939394,0.73,100
12,4,-0.005819964491447116,-0.0008881309203227911,0.008671530550217636,0.71,100
12,5,0.006361706963811664,0.00029729971385615507,0.007516005003315864,0.18,100
12,6,0.009969348999677496,0.001103252043446684,0.007942091720221348,0.12,100
12,7,0.00471802107250513,-0.0006558642365990097,0.008046308682862074,0.25,100
12,8,-0.005476097872687602,-0.0003764671211052906,0.007930944081442015,0.74,100
12,9,-0.0076462926774871764,-0.0007843943454005986,0.009332805216620004,0.76,100
12,10,0.010131387096013245,-0.0002747487975784385,0.007955567297629598,0.12,100
12,11,0.003630549599048405,-0.00030809650730306506,0.00760322165211755,0.27,100
12,13,-0.0014833088171902764,-0.0008940978409000333,0.008349381402117257,0.53,100
12,14,0.007492769907256891,-0.0008371116870323986,0.00832912573177057,0.12,100
12,15,0.009345764255039357,-0.00022104687086734075,0.008773501612754316,0.14,100
12,16,-0.0017575325420329801,-0.0009898835089556328,0.007363215929330293,0.54,100
12,17,0.020341419235885394,-0.0005383894419286472,0.007681229360444982,0.0,100
12,18,-0.00901520332746314,3.748950276140028e-05,0.009003174398169417,0.82,100
12,19,0.013547208631670749,-0.00021929199798206955,0.00907400642280019,0.04,100
12,20,-0.0644073389119113,-0.07071575224916778,0.0038963155090108222,0.06,100
12,21,-0.07635763475334828,-0.08112671986396773,0.003456640932153213,0.1,100
12,22,-0.00805187246491279,-0.012030452055329353,0.006469030461757546,0.29,100
12,23,-0.005970020255101349,-0.00111129572531314,0.007954579521711623,0.73,100
12,24,-0.05022086610944504,-0.05912474578238692,0.004010495671103175,0.01,100
12,25,-0.04538807848662041,-0.04522800898973533,0.005288197365503041,0.51,100
12,26,-0.09589418379568948,-0.10277583282976196,0.0025365488871033704,0.01,100
12,27,-0.10595132430173193,-0.10422461033205574,0.002355876018521676,0.77,100
12,28,0.034697074712151166,-0.0013796361603774848,0.007131609686493081,0.0,100
12,29,0.013779319683763058,-0.002070812680572589,0.006326049395367215,0.0,100
12,30,0.016730071337460517,-0.0012938845502663443,0.008273489483529215,0.02,100
12,31,-0.04225273967820592,-0.04904403953445357,0.004672796917244363,0.08,100
12,32,0.011291479173258512,-0.0017874995534077414,0.008142996956613182,0.06,100
12,33,0.022067815960496007,-0.0015712626918454376,0.007519488965168265,0.0,100
12,34,-0.09810441509400525,-0.10210952700302829,0.0026700372546449107,0.06,100
12,35,-0.03026053146509511,-0.040335430953854494,0.004840063057815443,0.03,100
13,0,0.026219746477097794,-0.0011763863087799137,0.008070049797139527,0.0,100
13,1,-0.007337686085455097,-0.0008593615692284995,0.008325123602136861,0.78,100
13,2,0.00436935658927734,-0.00237468256669098,0.008639277129942493,0.21,100
13,3,-0.0023189271475104745,-0.0003983801423345212,0.008489970920022882,0.6,100
13,4,0.004447353655155861,-0.001093532751442552,0.007654773750558196,0.25,100
13,5,-0.0009294714576804641,0.0012431968465896027,0.009789735464691732,0.61,100
13,6,-0.00557238123885484,0.0007483748097531523,0.008657649867199,0.75,100
13,7,0.0007979127917288054,-0.0007634407149649308,0.00827357276666281,0.47,100
13,8,-0.004376591820843823,-0.0015266083524573615,0.007931974140140524,0.66,100
13,9,-0.01016340171441521,0.0006972359020235996,0.009447868581716166,0.88,100
13,10,-0.0012546180276039598,-0.0003549690493255725,0.009764489586832584,0.51,100
13,11,0.0023416107578816403,-0.00023900871290914006,0.009147007583745469,0.36,100
13,12,0.004689844928401354,0.0015191667447845654,0.008466337426122206,0.37,100
13,14,0.013062597682213017,-0.0009891958733912176,0.007563143119337611,0.03,100
13,15,0.012631902276602991,0.0009150699842841903,0.00923017015031949,0.1,100
13,16,-0.0048403632150647025,-0.0008415022151995993,0.008446798590560592,0.67,100
13,17,0.012229449641877832,0.0005650751082812116,0.00797148739283842,0.11,100
13,18,-0.0014808455978137514,0.0006842816771523724,0.007012700066862532,0.6,100
13,19,0.012848150694022509,0.000579316308528588,0.008040452078463826,0.04,100
13,20,-0.06287902008717433,-0.07244903250594428,0.003835438763013398,0.02,100
13,21,-0.08053477298012435,-0.08154245604134715,0.003153104680022819,0.37,100
13,22,0.0018483661916774974,-0.013972798138114185,0.00613027185539918,0.0,100
13,23,-0.005815078307897348,-0.0017286087051232195,0.007445648351226618,0.68,100
13,24,-0.06718560867750345,-0.05965841958423307,0.0037513075079937735,0.97,100
13,25,-0.04294751859468171,-0.047310303098515735,0.004751712899991138,0.12,100
13,26,-0.10745279660004048,-0.10347427878330122,0.002776713699732655,0.91,100
13,27,-0.1025567897699764,-0.10506905551816015,0.0025536653832736738,0.14,100
13,28,0.019246222575432292,-0.001962365935388665,0.007643621363285064,0.0,100
13,29,-0.007016339438198793,-0.0032920162122757495,0.00742517719055547,0.71,100
13,30,0.05586025805378714,-0.0014350601146848319,0.00800619228028824,0.0,100
13,31,-0.0444392370459048,-0.050193484272433316,0.0044661496622612346,0.11,100
13,32,0.03449092636349527,-0.0007894513290659644,0.007721663258520818,0.0,100
13,33,0.006072418336547869,-0.0028936661438987515,0.007144692324697384,0.1,100
13,34,-0.10419111217899302,-0.10228653367801073,0.002778415754015211,0.74,100
13,35,-0.048273221215241024,-0.04272506146374313,0.005258735666430934,0.85,100
14,0,0.0048760443104635676,-0.0006173952840689051,0.008040312965065695,0.25,100
14,1,-0.003753204670993604,-0.0008883738414969373,0.008374343618441537,0.66,100
14,2,0.006004801764929346,-0.00026234257996276324,0.008814568655162924,0.24,100
14,3,0.0006070050908829061,0.000688210444627902,0.007794396514093039,0.51,100
14,4,-0.004095609901971942,-0.00017475499589509724,0.009058575932683558,0.64,100
14,5,0.002946852255928223,-0.0009001206937319073,0.008766395118410259,0.34,100
14,6,0.012662087472319061,-0.0011943153079769526,0.008015015612954134,0.03,100
14,7,0.00800424289613616,-0.0010596540278647337,0.009277988510665566,0.15,100
14,8,0.005100301997580825,-0.00023768570756246222,0.007364082631485963,0.21,100
14,9,0.013125489026959647,0.0011698656013248926,0.008723497201040051,0.08,100
14,10,0.008852654297868301,0.0003302877903367474,0.009263574410990487,0.19,100
14,11,0.010680312959140459,0.0011212035175930184,0.007771291127342594,0.1,100
14,12,0.019784234647930388,-0.00046517511883704954,0.008314999296835768,0.0,100
14,13,0.006377702987673539,0.000975388498192637,0.00789500251443225,0.25,100
14,15,0.0045685469357440445,-0.000642043187445494,0.009275967502613983,0.33,100
14,16,-0.006509750363467182,-0.0009046744670915191,0.009649135410406596,0.72,100
14,17,-0.0013328182749478557,0.0010981401662673652,0.008006342141504606,0.61,100
14,18,0.007498881783953193,0.00046259051843105137,0.007866950806162083,0.19,100
14,19,-0.00010619458915506197,-0.0011046500082255595,0.008842945028443978,0.47,100
14,20,-0.06794606523274177,-0.07177905123751578,0.0036940642607443124,0.14,100
14,21,-0.07596247754567642,-0.08109121966256284,0.0032904200422653276,0.04,100
14,22,-0.014589706318002715,-0.013621806526449884,0.005634320601264148,0.55,100
14,23,-0.015755780358769345,-0.003310636312799148,0.006410367685249658,0.97,100
14,24,-0.05814480532482347,-0.06010588878084167,0.004267448181826575,0.24,100
14,25,-0.03865204614685347,-0.04788176113012753,0.004389476594296031,0.0,100
14,26,-0.10804282511345198,-0.10286750553589398,0.0027232427937558448,0.98,100
14,27,-0.10875882157313876,-0.10469971911005746,0.002238543284636201,0.98,100
14,28,-0.0062401792217620655,-0.0014088937013263152,0.006344193627120553,0.76,100
14,29,0.015487796430562195,-0.0037057791914563536,0.007115332741467216,0.0,100
14,30,0.005117660683802205,-0.00039629086596691286,0.0074192497266492375,0.27,100
14,31,-0.04760021315750207,-0.05012851940570957,0.004328280494293741,0.28,100
14,32,0.01057123915726682,-0.0011471432931975222,0.00790676318951235,0.07,100
14,33,0.004706622031839913,-0.0015103613143253602,0.0071299577084769005,0.19,100
14,34,-0.10364158169307591,-0.10224843086305235,0.0024786126896683986,0.75,100
14,35,-0.04385928242311654,-0.04307799032363886,0.0047443199271197615,0.54,100
15,0,0.02589587795166326,-0.001629494030404025,0.008517279831932376,0.0,100
15,1,0.0030649546332194855,-0.00045275955661809087,0.009300320944294066,0.36,100
15,2,0.0006471201478678856,-0.0005227077074163211,0.008275398286395074,0.43,100
15,3,-0.003531444293379926,-0.001302813279750124,0.008320689953518125,0.61,100
15,4,-0.008370149084541922,-0.0001541877968428279,0.009190117722828592,0.81,100
15,5,-0.0044840881153899725,5.821210166788493e-05,0.00816329735968443,0.72,100
15,6,0.00973886300853033,0.00269813755933737,0.00840299815629877,0.24,100
15,7,-0.00036687995676482066,0.0019250384888265077,0.00860864142193424,0.62,100
15,8,0.013634951557294717,0.00022612804880221715,0.006967839099836227,0.02,100
15,9,0.011113186061529057,-0.0004346586525702928,0.007397465521231088,0.08,100
15,10,0.0012505839911645111,-0.0022240790551669447,0.008076640304970545,0.35,100
15,11,0.0012600420206864693,-7.078539074691914e-06,0.008765378117374292,0.49,100
15,12,0.007907539323628532,-0.00035608148088212997,0.008590389993264851,0.15,100
15,13,-0.0011378486033637447,-0.0009623151666677609,0.007491911199935752,0.5,100
15,14,0.009467390226646888,-0.0005141738029709985,0.008718310006312952,0.11,100
15,16,-0.005485493256301377,-0.0002805278392858246,0.008698912646552294,0.69,100
15,17,0.005775507913507283,-0.0014885922078660201,0.008542866474845461,0.16,100
15,18,-0.005305011280892058,-8.651071323241944e-05,0.00754444447362695,0.74,100
15,19,0.0066990684028429,-4.0722484530886226e-05,0.008452510058699961,0.19,100
15,20,-0.07495876785596206,-0.07171303392708288,0.0033469496959776563,0.86,100
15,21,-0.07915479887567356,-0.08123385262657376,0.003765219664617246,0.27,100
15,22,-0.018711198331281043,-0.01423523108277028,0.006750451489591372,0.77,100
15,23,-0.0010586010256140033,-0.0027375069853269453,0.008116183012379784,0.43,100
15,24,-0.050811894091599585,-0.05962179041695284,0.0037771958525020747,0.01,100
15,25,-0.037159458765379516,-0.04689689488039262,0.00486353863763659,0.02,100
15,26,-0.10780902512570623,-0.10284125565630467,0.00269167298902002,0.99,100
15,27,-0.10332144164316459,-0.1047771445705268,0.002496761749802189,0.23,100
15,28,-0.000642296496062067,-0.002708717110455027,0.006992865511948677,0.38,100
15,29,0.0019805287703086316,-0.0032863745978476324,0.00699472102762812,0.22,100
15,30,0.009349333382595415,-0.0025899679835143167,0.007758881652370459,0.05,100
15,31,-0.03811874916734603,-0.05105105890186468,0.003970539846200347,0.0,100
15,32,0.0025350940730438642,-0.001992145290158234,0.0074713376608614435,0.29,100
15,33,0.07465236832123662,-0.0025598035168747945,0.006947005604673012,0.0,100
15,34,-0.10244176679677508,-0.10198353671064872,0.0025217806677045665,0.59,100
15,35,-0.03182016415042921,-0.042445503561988805,0.00495291871908251,0.02,100
16,0,-0.0063893507861408905,-0.0005479895176853011,0.008098024069189778,0.79,100
16,1,0.0032941041200216237,0.0014390822532385373,0.008057636753701877,0.41,100
16,2,0.007495821227012811,-0.0006287318073112142,0.009111649785927657,0.21,100
16,3,0.013518545080814792,-0.0008804766825019533,0.00801489851138145,0.03,100
16,4,0.0046669803586784075,0.0019493702603209594,0.008487494918113628,0.4,100
16,5,-0.006944636875648336,0.00012693088335806124,0.008251715659155874,0.82,100
16,6,-0.0010093998610218313,-0.0002940274000683019,0.008122031426844218,0.57,100
16,7,-0.0004050948168889401,-0.0005033228672163375,0.0077143890337462,0.46,100
16,8,-0.008226279222681432,-6.804372855484464e-05,0.00793960430756501,0.85,100
16,9,-0.0005854967601575112,0.0011777946524340098,0.007575797158986015,0.57,100
16,10,-6.320277315979839e-05,-0.0006201876243232501,0.0077460130766966485,0.49,100
16,11,0.011635546140976227,0.0008646532014269237,0.0094345657495042,0.13,100
16,12,0.0015666157055919117,-0.000592943091314388,0.007698194359056737,0.42,100
16,13,0.006656402207300016,0.0007168518727402867,0.007995188982683595,0.22,100
16,14,-0.006348294446741343,-5.730761559071984e-05,0.007645265253946557,0.77,100
16,15,0.0015290808740628936,0.0012663961954483037,0.007710222298608648,0.52,100
16,17,0.011584189568148162,0.0008437059523239465,0.009172136036874445,0.14,100
16,18,-0.005452995873305666,-0.0007835644637457118,0.00790157037386448,0.74,100
16,19,0.016430033512851216,0.00038059690466308747,0.007639184970870674,0.01,100
16,20,-0.07707669513609033,-0.07200831372646889,0.003768592649142055,0.89,100
16,21,-0.08562862587962883,-0.08167517328162717,0.003237828425571671,0.89,100
16,22,-0.0026310458971909867,-0.015379890794462149,0.006101904106511576,0.03,100
16,23,-0.008952487395020137,-0.0035387563564193503,0.006999987289304754,0.8,100
16,24,-0.05511075973671814,-0.059539934428682065,0.004163174096954228,0.15,100
16,25,-0.04292666483366692,-0.04766634038792727,0.004943147794397949,0.17,100
16,26,-0.1039352556201093,-0.10285889919332572,0.0025515245767065383,0.65,100
16,27,-0.09854647004984818,-0.1045296953237343,0.00261363195006116,0.0,100
16,28,0.002854775613734206,-0.0021210480259351433,0.006771173573556343,0.23,100
16,29,0.0024911409155944364,-0.003942051510307098,0.006311243473466797,0.15,100
16,30,0.003352443562760987,-0.0027831674938193097,0.008302175701563093,0.25,100
16,31,-0.04958705127005758,-0.05062843686434243,0.003812469588442122,0.36,100
16,32,0.002652696438536495,-0.0006871345170493464,0.007533606072574759,0.29,100
16,33,0.00023851845188588294,-0.0025826232695354435,0.006787162456149121,0.35,100
16,34,-0.09988134174563645,-0.10216802479977075,0.0029006993391660434,0.25,100
16,35,-0.03987130205808259,-0.042586858090831695,0.004858321286509792,0.28,100
17,0,-0.0043724527469602426,-0.0013775820941790535,0.008817024970605134,0.65,100
17,1,0.012999836085404226,6.910862835267484e-05,0.008363223546074718,0.07,100
17,2,0.0007462430105491524,-0.001161682127516005,0.007997960770577892,0.41,100
17,3,0.010693788188773479,0.00015915467815151796,0.007990292137943519,0.11,100
17,4,0.006484936764812543,-0.0006667945635397931,0.008465152600986499,0.2,100
17,5,0.01138134147429054,-2.6800296799208702e-05,0.009091286209115593,0.12,100
17,6,0.009358109419392802,-0.0007967704424268201,0.008354336263431935,0.1,100
17,7,-0.0026820081940298057,0.000557400826758141,0.008866667075538896,0.63,100
17,8,-0.00132407952677277,0.00019995809396741672,0.008379295547167763,0.54,100
17,9,0.007772378011053127,-0.0008935170692552175,0.007908104433784008,0.1,100
17,10,-0.010461183807116081,0.0002727648933797744,0.009314167318968366,0.86,100
17,11,0.022653402923579646,0.0009055861821104844,0.007309065464978146,0.0,100
17,12,0.009938878165822729,0.001021440904666982,0.008006015388146527,0.17,100
17,13,-0.008106038867272791,-0.0010085095521912084,0.008942402292444113,0.82,100
17,14,-0.009674544465229695,-0.0005497635026972974,0.00825011209808928,0.87,100
17,15,0.0004952539473838113,-0.001020818099984091,0.008131885900347361,0.41,100
17,16,-0.008679219334322863,-0.0005862511700448414,0.008222954922733887,0.85,100
17,18,-0.007607635456273243,-0.0011473275863533956,0.009193756590372712,0.75,100
17,19,0.015142375142820796,0.0006658980929164077,0.008014726924536338,0.04,100
17,20,-0.06181374486661234,-0.07271533360014314,0.003486622951326585,0.0,100
17,21,-0.0776496857092851,-0.08087530833858933,0.003561657731879144,0.19,100
17,22,-0.01085298631344428,-0.015148198025354555,0.006258142301734993,0.27,100
17,23,-0.0038267663418665165,-0.0029657053148922324,0.007638881211608566,0.53,100
17,24,-0.057082328469361066,-0.06040695957570908,0.004269777133649486,0.21,100
17,25,-0.04584707888653966,-0.047245009825411445,0.004635235786057315,0.41,100
17,26,-0.1038980607333202,-0.10337216509373429,0.0026953133351197956,0.52,100
17,27,-0.10623768745130091,-0.10533828422117092,0.0032693384110621,0.6,100
17,28,0.00992098610483133,-0.0016477587827057128,0.00767488856196566,0.05,100
17,29,0.007195365974215329,-0.002666861986409067,0.006931051884996891,0.09,100
17,30,0.0015595084776766632,-0.0018638041096225371,0.007749307494982708,0.33,100
17,31,-0.051725586609018825,-0.049882437963609166,0.0038963396248734624,0.66,100
17,32,0.004995257985256407,-0.0018187422540159198,0.007258016889189548,0.18,100
17,33,-0.0024015202921565115,-0.0017024195864634795,0.007899085647695047,0.51,100
17,34,-0.1073249221993724,-0.1033389015748745,0.0028372450140278335,0.95,100
17,35,-0.04770081964447692,-0.04228859577254263,0.004603344586147366,0.87,100
18,0,0.004425577193470254,0.0008338335118247286,0.007652256656009535,0.34,100
18,1,-0.020176489946187204,0.0008380083784173364,0.008786656506928054,0.98,100
18,2,-0.0021915417066581955,0.000969599374878709,0.008918235342437134,0.66,100
18,3,0.015313189517177028,8.98707964045814e-05,0.008596184892710775,0.04,100
18,4,-0.005681211134556607,0.0014703364559820432,0.008839469749011418,0.77,100
18,5,0.002816670871595539,-0.0006297744736082112,0.008066042955050806,0.38,100
18,6,-0.0006042207377336406,0.00024055070049160688,0.007885429537472823,0.61,100
18,7,0.0157509796438009,-0.001234522041708232,0.008219988170285132,0.0,100
18,8,0.00696401096298066,-0.0003372123067040167,0.009454727175244246,0.22,100
18,9,-0.007912063235764544,0.0019916386308748073,0.00913244196333012,0.84,100
18,10,0.019356368131691615,-0.00010224495972275815,0.009000719206772052,0.03,100
18,11,-0.004482969531332981,0.001330642857366398,0.00892489069869257,0.71,100
18,12,0.0009879335889281249,-0.0010453428120247021,0.008658465446674953,0.43,100
18,13,0.0056102172776173465,0.0005349676749077886,0.008591504087285182,0.28,100
18,14,0.0018342543867438388,0.0019738196088914125,0.008680387548658861,0.47,100
18,15,-0.000536418491966506,-0.0004733128055055996,0.007909549049528314,0.5,100
18,16,-0.002530870546605224,-0.0002338196205590143,0.009591629317789618,0.6,100
18,17,0.004384123553663466,-9.286004817651738e-05,0.006926400815745421,0.26,100
18,19,0.01366254816398732,-0.00032346043382799563,0.00847989630706949,0.05,100
18,20,-0.07197114658415571,-0.07131275945307848,0.003669406724761321,0.55,100
18,21,-0.08838368883167769,-0.08151546644252976,0.0028673234325520547,1.0,100
18,22,-0.013518383732202321,-0.014255206760256333,0.006964968901140082,0.41,100
18,23,0.006299566304983184,-0.0022643172376157644,0.007250368965662887,0.12,100
18,24,-0.060555186288294593,-0.05964361260089201,0.004097629412389442,0.55,100
18,25,-0.043567144984879735,-0.04746395116323731,0.004846231659075396,0.23,100
18,26,-0.10298930841296428,-0.10300336905916069,0.002406936310296701,0.5,100
18,27,-0.10516846060555773,-0.10509406648554899,0.0024489378505850607,0.51,100
18,28,-0.015191613125946413,-0.002593577179666343,0.007122362200625468,0.96,100
18,29,0.01927705025535309,-0.0037587025656863125,0.008126268213632416,0.0,100
18,30,-0.008372550566306314,-0.0016314899609624729,0.007013733318095555,0.8,100
18,31,-0.05492490082777929,-0.04972301435743539,0.004166793124379579,0.86,100
18,32,-0.0003395069895447689,-0.0006257342672269161,0.007724464940046948,0.55,100
18,33,-0.0027817646698773957,-0.002868175899563885,0.007815675360835187,0.43,100
18,34,-0.1070254111000406,-0.10297338788661393,0.002784403638444048,0.93,100
18,35,-0.04276322560927415,-0.04162548489917514,0.004418409529163316,0.53,100
19,0,-0.0030057754196243236,-0.0004314136467770352,0.008972093873185682,0.59,100
19,1,0.002715817041287205,0.0002478974117499988,0.008151304437723057,0.38,100
19,2,0.012722942740869436,0.0006468247640192847,0.007989752340768305,0.06,100
19,3,-0.0010454981606646263,-1.6406498386772884e-06,0.007906588700616297,0.59,100
19,4,-0.0036329695207278356,-0.0011437923082862872,0.008702405110047958,0.64,100
19,5,-0.01912098463970291,-0.0003115362891226725,0.008716609789805221,0.99,100
19,6,-0.02226733399224079,0.0008004988015293973,0.008461591607746512,1.0,100
19,7,0.007677040154662196,-0.000301948602388355,0.007504521075217158,0.12,100
19,8,0.00011341796389141567,-0.0011146863988668488,0.008812428419807405,0.52,100
19,9,0.004104586564478041,-0.00011385677847682851,0.008209247223006056,0.29,100
19,10,0.002868082145282058,-0.0010368408662176454,0.008435892945014645,0.33,100
19,11,0.0052848798300488276,-0.0013231696293908729,0.008804870448728646,0.24,100
19,12,0.0020979006112457066,-0.0009520709007815891,0.009142713133239685,0.34,100
19,13,-0.0026984332122534926,0.0004070832105482225,0.007889940839015442,0.68,100
19,14,0.000183004088941785,0.0001288503101778099,0.008411108486793108,0.5,100
19,15,0.015426536655622602,0.0007198765035176268,0.007984787276177114,0.03,100
19,16,0.020775758082880624,-0.0007191606429795411,0.008878545299680502,0.01,100
19,17,0.006875521856055333,-0.0007832522478855242,0.007665492887829492,0.15,100
19,18,0.002582090286179173,0.0018326881966290863,0.00859126759280384,0.44,100
19,20,-0.0753667804263573,-0.07209137225164776,0.0035020869430452397,0.82,100
19,21,-0.08696803086973048,-0.081854037463552,0.003036304386533792,0.97,100
19,22,-0.013048145343958095,-0.013928100909986009,0.006494311995730135,0.44,100
19,23,0.006436522636839026,-0.0033539958647989393,0.007222593399752013,0.08,100
19,24,-0.06614917582077762,-0.059472956666309196,0.003778209955821624,0.97,100
19,25,-0.04903610113407375,-0.047856694609046645,0.004059952691512797,0.61,100
19,26,-0.10434529484322985,-0.10331978567409875,0.0027413211520675657,0.64,100
19,27,-0.10745866527433612,-0.10499776761480004,0.002582155860729376,0.84,100
19,28,-0.009921906359041444,-0.0016545988541012057,0.006211831847548283,0.91,100
19,29,-0.0007809635627554767,-0.0022693165358411045,0.00780732925987218,0.39,100
19,30,-0.0022678768472401134,-0.003607794385633447,0.0069224416767062775,0.39,100
19,31,-0.04747437249786435,-0.0498012060787115,0.004658259633837184,0.32,100
19,32,-0.00839443705353049,-0.0027370210104623958,0.007647082459318687,0.73,100
19,33,-0.0028091321972734673,-0.0018177015198977064,0.007729743795845655,0.53,100
19,34,-0.09808721961793754,-0.10281417820571218,0.0026175429888077003,0.04,100
19,35,-0.04583130716639805,-0.04175166757617904,0.005042696958106815,0.78,100
20,0,0.0072061080076246675,-0.000446360932714831,0.00872614128589548,0.22,100
20,1,-0.010532170873107538,-0.0013915112314773382,0.007886118026603888,0.85,100
20,2,-0.0017667366453069655,-0.001159298585183226,0.008007018567088738,0.53,100
20,3,0.0027714807474860104,0.001400741092281752,0.007784211321564054,0.43,100
20,4,-0.004261436818204456,-0.0003640869670085822,0.009227956039394733,0.65,100
20,5,-0.0021425690908892236,-0.00031406996725354906,0.008285833453667372,0.62,100
20,6,-0.018034935763356297,-0.0009204560447554361,0.007947511963954558,1.0,100
20,7,0.0036694045060454705,-0.00015772414569577896,0.007979192102112467,0.3,100
20,8,-0.00797370510700185,0.0003962076417607624,0.008023296762043297,0.82,100
20,9,-0.00635820016383698,-0.0016448382845741648,0.00836549177847212,0.75,100
20,10,-7.428013945887102e-05,-0.001039886867506451,0.008464552800634878,0.45,100
20,11,-0.0041964233298411036,0.0002429153628702385,0.007923003371016956,0.67,100
20,12,-0.00418439757973893,0.0009230660139528457,0.008266348628441857,0.73,100
20,13,-0.00888480203126335,-0.0007052355636342927,0.008341658877171412,0.8,100
20,14,-0.013644049752634169,0.0005704016304657583,0.007462612280677977,0.97,100
20,15,-0.0024736627598292427,0.00010929988740766338,0.008381420216360501,0.68,100
20,16,-0.012099752101603467,-0.0003186267495841638,0.007792470234155301,0.95,100
20,17,-0.001177140563891843,0.00025183775036641157,0.008667730020379304,0.6,100
20,18,0.00782817441707967,-0.0002552295488412221,0.007336780749734182,0.15,100
20,19,0.0059451607837398,0.001514107542005802,0.00815641487393231,0.27,100
20,21,0.12048071993437465,-0.07910882958135106,0.0034453882285061786,0.0,100
20,22,-0.03732025074644435,-0.010503875692456659,0.006582654261371056,1.0,100
20,23,0.11924900804021105,-0.0019019690518088073,0.0070773740771160765,0.0,100
20,24,0.09267895491623268,-0.056875016687363084,0.004094012765790069,0.0,100
20,25,0.051702969972845625,-0.04464236969357995,0.004488862067005605,0.0,100
20,26,0.2593469943435316,-0.10234860476376298,0.002948815024809688,0.0,100
20,27,0.22395244304051573,-0.10440821609434807,0.0026663461249299687,0.0,100
20,28,-0.015148175000915975,-0.0015246274311350677,0.008077609190557259,0.98,100
20,29,-0.017959040637502033,-0.002439912380955534,0.007358372416560856,0.99,100
20,30,-0.010237201118720285,-0.002037414888677091,0.007034795398339868,0.88,100
20,31,0.05655567133709222,-0.0462999167602582,0.004694368026109338,0.0,100
20,32,0.0024344836535001857,-0.0006578291136966969,0.007700617716094119,0.34,100
20,33,0.0051561045077953005,-0.0010751192867110276,0.008532547516087006,0.2,100
20,34,0.2867179660581044,-0.10193735828161732,0.002874987947484457,0.0,100
20,35,0.42009536464089137,-0.039000779500606264,0.005593625156263166,0.0,100
21,0,0.0057865405496031475,0.000690837147469025,0.00803163528242472,0.26,100
21,1,0.0003651702879199914,3.568955649116301e-05,0.008272132057241473,0.45,100
21,2,-0.0021656311122573713,0.00027019448856644367,0.00933705901843203,0.6,100
21,3,0.012061786605361946,-0.0014311571111400162,0.009008448507780839,0.06,100
21,4,0.0028894314573975066,0.00015223315933250438,0.00882237695579978,0.34,100
21,5,0.00545977042829543,0.00019939780401161955,0.00767233601463126,0.22,100
21,6,-0.0017063671626044163,0.0003245051566747698,0.008327687954733843,0.59,100
21,7,-0.0023536892069526694,-0.0011743396893002427,0.00798508482366845,0.58,100
21,8,-0.01680717087845529,0.00013419327683473204,0.008445417768193507,0.95,100
21,9,0.005141262024478066,0.0003289964002481671,0.008523515150100478,0.24,100
21,10,0.007160367022224445,-0.0003645669976100174,0.007859861084458354,0.16,100
21,11,0.00027121004063729304,-2.300895133737213e-05,0.008231653533367227,0.43,100
21,12,0.004861323995141553,-0.0008778132257548732,0.00890552129870763,0.27,100
21,13,-0.007219356192569415,0.00018191861512042274,0.00918641023410536,0.79,100
21,14,-0.017984789051421923,-0.0016020623775568027,0.008773058860795142,0.98,100
21,15,0.008092104681579226,0.000941115353836669,0.00940038218999058,0.23,100
21,16,-0.0007814566082480212,0.0001791992207136772,0.008112744390552085,0.53,100
21,17,-0.005128888240213791,0.0012093507650513468,0.008429479445609194,0.77,100
21,18,0.005638536778916792,0.0006266854561839902,0.008193867378232468,0.24,100
21,19,0.002792943244955548,-0.0001950406973099411,0.008910199084171292,0.43,100
21,20,0.1146240025727761,-0.07084881439376399,0.003377028091953362,0.0,100
21,22,-0.04332280098176283,-0.01277068439775563,0.0066609060144146165,1.0,100
21,23,0.12684852213921438,-0.002523459000706014,0.0076242888418444465,0.0,100
21,24,0.10101946264245049,-0.057346286436129754,0.003999321686836837,0.0,100
21,25,0.04878233692342876,-0.0453307785008056,0.004817039144191509,0.0,100
21,26,0.30066950276476817,-0.10359879415918076,0.0028395211923984485,0.0,100
21,27,0.2682577993141938,-0.10498340810063715,0.0029935289784504995,0.0,100
21,28,-0.005735468812923139,-0.0004882996796461176,0.007029089405997697,0.77,100
21,29,-0.008298470135689795,-0.002961597458016024,0.007384416779280099,0.77,100
21,30,-0.020978823008880265,-0.00140220208071042,0.0074840563679422645,1.0,100
21,31,0.05565028639127528,-0.04814319293221174,0.004551512187721803,0.0,100
21,32,0.0044907634600862,-0.0013787577370253524,0.007254665696859411,0.22,100
21,33,-0.0002441946041547016,-0.001292611777218376,0.007073790606682154,0.47,100
21,34,0.30630426389745763,-0.10194069933777836,0.0026196259132122038,0.0,100
21,35,0.4243048104938083,-0.04027402430293638,0.0048035292889680595,0.0,100
22,0,-0.024153881657164478,0.0004522134459894273,0.007947085850338544,1.0,100
22,1,0.003986679880820576,0.0012170435512136334,0.00836753888221261,0.41,100
22,2,0.004066459730860006,-0.0009156878954311521,0.00829179213842668,0.27,100
22,3,0.0014255752516246778,-0.0011125817566335168,0.007936079279141101,0.38,100
22,4,-0.0024967825917663333,-0.0008062691311159464,0.008029980425777777,0.58,100
22,5,-0.008383312790779363,0.00013208591564495552,0.00845853282111952,0.84,100
22,6,-0.017443452407224225,0.0003300416277749707,0.008589651156117437,1.0,100
22,7,-0.004785355112707668,0.00046414736950314286,0.007377565871823322,0.77,100
22,8,0.00636960797220798,0.00012413482371980312,0.009909124323656633,0.31,100
22,9,-0.004953016778277364,0.0010152093201456385,0.00863062303143614,0.73,100
22,10,-0.013576484741433803,-0.0012607211057313456,0.009074471826513346,0.94,100
22,11,0.004862847081318067,0.0005025834234096848,0.00829809388572085,0.28,100
22,12,-0.0012105400053374904,-7.452408146702394e-05,0.00856251550395083,0.54,100
22,13,-0.004615435953552849,0.0005088750612572968,0.008208015201574373,0.74,100
22,14,0.008259218019242898,-0.0003005700942039469,0.008715316038893873,0.17,100
22,15,-0.0024341621614158426,9.394168411160086e-05,0.009316050443412363,0.62,100
22,16,0.01759532943896469,0.0006545328293658659,0.0080922996032791,0.01,100
22,17,-0.0012938361036404777,0.0002709749492477187,0.008311122037955886,0.55,100
22,18,-0.004832467528907425,-0.0007337984289830024,0.008574690715223737,0.71,100
22,19,-0.0052543445887743845,-0.0012495333669027165,0.0086625883272445,0.7,100
22,20,0.03676676683560054,-0.07144960738305227,0.003531041082750862,0.0,100
22,21,0.04263065555776907,-0.08064503740323622,0.0036857726009670968,0.0,100
22,23,0.0557977914798779,-0.0031959120291501423,0.00725029434276764,0.0,100
22,24,0.057769349580799156,-0.059479324553828865,0.00435420513908158,0.0,100
22,25,0.0389311860306224,-0.046079629770435684,0.004797129655973275,0.0,100
22,26,0.057071439181933525,-0.10265967995241661,0.0029687485716758354,0.0,100
22,27,-0.001954352050606678,-0.10483576606861274,0.0023641418142574294,0.0,100
22,28,-0.006318488649915965,-0.0023258491562490793,0.007975275626253471,0.7,100
22,29,-0.014005439449653323,-0.0026898140886254225,0.007074471650509553,0.97,100
22,30,-0.013244625857562142,-0.0021152287052501524,0.008447677646447648,0.91,100
22,31,0.05332506970237266,-0.048173670523062005,0.004577475149381291,0.0,100
22,32,0.011667067611549842,-0.00115780424205781,0.008242527493770076,0.04,100
22,33,0.008986002172877039,-0.001491679694257756,0.007238601507251917,0.07,100
22,34,0.03401033520532548,-0.1015559144524029,0.0027030953881907543,0.0,100
22,35,0.2138164486362206,-0.04113944807129019,0.004720651103297876,0.0,100
23,0,-0.0049456245507081276,-0.00029458233659528153,0.009124878736402444,0.68,100
23,1,0.00874123805467153,9.776721841358361e-05,0.008042770702409167,0.16,100
23,2,-0.002120993382659364,0.00019243315248150926,0.008984848562978985,0.61,100
23,3,0.00027797328303891256,3.6370820426464e-05,0.00789636268838666,0.47,100
23,4,0.0036339949822920548,0.0013386948312987012,0.008504911400137791,0.45,100
23,5,4.891488366354224e-06,0.001151458134757905,0.00909881329902695,0.58,100
23,6,0.01195293139012632,0.00033998332146119916,0.009815607432045249,0.09,100
23,7,0.011673737070602486,-0.0002642900870617315,0.007656173446793388,0.09,100
23,8,0.013282866935897086,-0.001276259058529859,0.009250750075760707,0.04,100
23,9,-0.008359937523388483,0.0014250989230652723,0.00962136178686551,0.82,100
23,10,0.007244517685894902,0.0006361680429905669,0.008912635337634981,0.22,100
23,11,-0.0037193560284252136,0.00045680420424440703,0.008240187997850085,0.68,100
23,12,0.0056158802133655095,-0.00012950933499294382,0.009261461946663057,0.32,100
23,13,-0.008834909940430735,0.0015071699208962187,0.007977460999391795,0.89,100
23,14,-0.005414632714615064,-0.0017403591401704943,0.009006577545474983,0.67,100
23,15,-0.003316420847291557,0.0010259703742786564,0.007980570269825871,0.73,100
23,16,0.006098310794216744,0.00017848646726106754,0.008328181498582719,0.26,100
23,17,-0.0008666711398086502,0.0013647576257704774,0.008500839906597238,0.56,100
23,18,-0.010420349511435667,-0.0006726313563348413,0.008790834071348803,0.86,100
23,19,0.0027659126279028223,-0.0013797573405179863,0.00822430146884354,0.28,100
23,20,-0.008455942669220895,-0.06781264999859862,0.00417573315646352,0.0,100
23,21,-0.02632543297108636,-0.0784938014460633,0.003549281869026206,0.0,100
23,22,-0.019547537242660118,-0.011026279977817483,0.0070006197174379255,0.89,100
23,24,0.014651308764091375,-0.055242259422310196,0.0036775548483448483,0.0,100
23,25,0.0033938868392213717,-0.04232614687367661,0.005201029616326965,0.0,100
23,26,-0.01779510457420269,-0.10127950908604674,0.0028724149518536014,0.0,100
23,27,0.012351008399190844,-0.10399491521326443,0.0028241247591703207,0.0,100
23,28,0.006525768963105472,-0.0017292949026228566,0.005697413854812161,0.09,100
23,29,0.0021818198558116175,-0.0013821573836791817,0.00774235697721247,0.32,100
23,30,-0.00834260053858854,-0.0010651509673807802,0.006869176551310895,0.84,100
23,31,0.012879784817559303,-0.045118319183970496,0.005024287945812909,0.0,100
23,32,0.002467539970155641,-0.0007058474774803996,0.007361151413621898,0.29,100
23,33,-0.0051620704060572065,-0.0019719565709642546,0.007332771277667091,0.64,100
23,34,-0.027337499112731367,-0.10059592969498815,0.0027592409745232204,0.0,100
23,35,0.09170521628061634,-0.03709910682870801,0.004666777568778827,0.0,100
24,0,0.00509617827403569,0.00019309466909404828,0.00873595196365191,0.25,100
24,1,0.005420959026942784,-1.3662670915420837e-05,0.00906920283362377,0.24,100
24,2,0.00038349294146150514,0.0003165785081854322,0.009084306734642087,0.43,100
24,3,0.001948166626313974,0.00019985131500469656,0.007911765750111915,0.41,100
24,4,-0.01523752484526758,0.0004303397179058138,0.008772300970772811,0.95,100
24,5,0.00012132318934332531,-0.0004708271208249315,0.009356491790448639,0.48,100
24,6,-0.004116704825457618,0.00017211961653113006,0.007898330704164836,0.7,100
24,7,0.00968476845123617,0.0006003102488617707,0.007556605089203413,0.12,100
24,8,-0.004196956441373634,-4.8563890349352936e-05,0.008680278016292146,0.68,100
24,9,-0.0023700698212082427,0.0016309679175695068,0.008788095499004,0.68,100
24,10,-0.0006603056569431387,-0.0012880591946706104,0.009253295458464973,0.47,100
24,11,-0.007353703892789887,-0.0006723361282865808,0.008723424592174787,0.79,100
24,12,0.009968741568171569,6.245990638345078e-05,0.008438188536288646,0.13,100
24,13,-0.011093028173528807,0.000952714771110637,0.008380454480961383,0.94,100
24,14,-0.006751368792512036,0.00031938328741619616,0.007926773553908837,0.83,100
24,15,-0.0038201903536423387,-0.00044060049534155264,0.008932823740626658,0.68,100
24,16,0.004641327456964217,-0.0005045183475411258,0.007944975043035632,0.25,100
24,17,-0.0007822557549744258,0.0002617874343661591,0.008885486332145885,0.59,100
24,18,-0.004968184639224715,0.0005236505418729875,0.007681640515496019,0.77,100
24,19,0.002479627482374125,-0.0005154385725692379,0.008375035166036129,0.3,100
24,20,0.11262451960266656,-0.07014048031384984,0.0040565439412016974,0.0,100
24,21,0.1220455075617492,-0.08001549654745563,0.0032708688238625772,0.0,100
24,22,-0.02255669717291625,-0.011223302700471177,0.005646259403047166,0.97,100
24,23,0.1301765167186955,-0.001953473251026343,0.006916580034418486,0.0,100
24,25,0.03434666396490682,-0.04573189784897043,0.005101617034055656,0.0,100
24,26,0.19725338180957983,-0.10235022402689381,0.003348453862014839,0.0,100
24,27,0.15737179816583158,-0.10474714930959811,0.0029123726346501743,0.0,100
24,28,0.0085642440983133,-0.0014336691059547919,0.007122548048904291,0.08,100
24,29,-0.00559611272875199,-0.0025363918456758772,0.007359624456549408,0.7,100
24,30,-0.004266733904677467,-0.0004477634461043195,0.0071465896793540895,0.69,100
24,31,0.04194642817205185,-0.0472291540291783,0.004708664601475608,0.0,100
24,32,0.002517583476546348,-0.0010932445906249927,0.007994303353253003,0.35,100
24,33,-0.0013766366516986261,-0.0003754655782029509,0.006778022781253946,0.56,100
24,34,0.20968867076856393,-0.10187294424544331,0.0029179593116805615,0.0,100
24,35,0.3988590045203481,-0.039322364684609236,0.004812702710377452,0.0,100
25,0,-0.0020336668653363477,-0.00152236481655247,0.009665728532598115,0.48,100
25,1,0.0017744713082468166,-0.0003318828631048415,0.007674190192090748,0.44,100
25,2,-0.003624423062570159,0.00016949343010515928,0.009944311624290585,0.61,100
25,3,0.011956881177838496,-0.0008339268660796439,0.00802022054114805,0.06,100
25,4,-0.013177451572566057,0.0008862637625361319,0.008128859224558568,0.96,100
25,5,0.004592400083327786,-0.0003502121158122212,0.007662421298315083,0.24,100
25,6,-0.008222068971264207,0.0003832309951806062,0.009084367935475787,0.85,100
25,7,0.006099238301701282,0.0005759669480190894,0.008874515589037442,0.29,100
25,8,0.00731785471705948,-0.0035186826100037827,0.008456196260541362,0.09,100
25,9,0.005610824951772786,0.0005124235480032241,0.008309071325893931,0.3,100
25,10,-0.0017392209255852609,-0.0009157990053498405,0.007972106899136168,0.57,100
25,11,-0.007010311606878983,-0.0012104010686741751,0.008178484208666207,0.77,100
25,12,-0.0009653123026698296,0.0011976367895367701,0.009289102556157931,0.61,100
25,13,0.013684565144075844,-0.0010998118015459785,0.00795333074034792,0.01,100
25,14,-0.009531798950777548,-0.0002076316736409062,0.008022017976183182,0.86,100
25,15,0.002626762008182848,0.00010980393576082715,0.008946262590346163,0.4,100
25,16,-0.010948635911385896,0.0001723336356081606,0.00802545956067704,0.93,100
25,17,0.005228284920712978,0.00031740284559211076,0.008920100563850742,0.3,100
25,18,0.01283461246364026,-3.825810005608721e-05,0.009150043808027527,0.08,100
25,19,-0.014354041042548227,-0.0001409514377311233,0.007883363452337875,0.96,100
25,20,0.10936189874624241,-0.0692016494895875,0.0035725470361330706,0.0,100
25,21,0.11556146549951779,-0.07976459882012278,0.0030992575253644115,0.0,100
25,22,-0.012000136016457275,-0.013651457776934888,0.006282490153562105,0.38,100
25,23,0.12142606069405071,-0.002205330822918289,0.007483823381371156,0.0,100
25,24,0.07355969719643024,-0.05585611354028926,0.004329168166547254,0.0,100
25,26,0.1483309176688422,-0.10195261904935599,0.002526131336191402,0.0,100
25,27,0.10548305327759849,-0.10413462360389973,0.0025916487940998477,0.0,100
25,28,-0.016236284959331437,-0.0017482969884051636,0.008100990662113203,0.96,100
25,29,0.012695270873489484,-0.0014076659275984093,0.0071108301556685165,0.03,100
25,30,-0.0034688838646395603,-0.0019062749397812605,0.008053036735617178,0.6,100
25,31,0.028662288137390246,-0.04675735987234846,0.003990039989496785,0.0,100
25,32,0.010798723131022536,-0.0006886108514545564,0.007780869435169765,0.04,100
25,33,0.011834172260812015,-0.00036757772692357803,0.006732279739886905,0.03,100
25,34,0.15360150935023514,-0.10126447391781744,0.002958506197678987,0.0,100
25,35,0.3421502643660397,-0.03997365823367342,0.004646941269387482,0.0,100
26,0,-0.009835301567486798,0.0005322549004661815,0.007957756998815915,0.92,100
26,1,0.006120169888833293,-0.000633476601555239,0.00899768505461119,0.24,100
26,2,0.004384651609509904,0.00028867424452333923,0.00850394778475212,0.3,100
26,3,0.0006828154748141357,-0.0005978742836947321,0.008646163570179421,0.44,100
26,4,-0.006029213078563134,0.00041472039909155265,0.007242683234655314,0.83,100
26,5,0.0015207459114318644,0.000806453697277007,0.009487961162926032,0.51,100
26,6,0.019030438123499194,-0.0008704802197341321,0.007597342591176885,0.01,100
26,7,-0.00487316772935481,0.0014244474744185027,0.00874426765457011,0.76,100
26,8,0.0052288727508611466,-0.0013471647358434386,0.008132856532484075,0.16,100
26,9,-0.01729739350972298,-0.0008041085517207657,0.00892991661934919,0.95,100
26,10,0.010916454572056589,0.0005692998486420752,0.00894525687922882,0.12,100
26,11,-0.010335198525700806,-9.245665678305647e-05,0.009281003864627347,0.86,100
26,12,0.012697016883065293,-0.0005036586805058751,0.009188568924378493,0.04,100
26,13,0.005038208865148608,-0.001668463403529673,0.00828174242257349,0.22,100
26,14,-0.001144990507418231,0.0015189389581424539,0.007767085757742609,0.59,100
26,15,0.012853678811143077,0.00017660579412842714,0.009467046624830212,0.09,100
26,16,-0.0073837008649747515,0.00012848324630391038,0.008114313729415092,0.81,100
26,17,-0.010543355663254483,-0.0011587500142966833,0.008114562181303974,0.91,100
26,18,-0.013382374749935977,0.0009277180984045008,0.008052030124672538,0.97,100
26,19,0.009130911721061508,1.5475203019731377e-05,0.00829757320970341,0.15,100
26,20,0.14501455754927672,-0.06754671980734178,0.0036083493885668886,0.0,100
26,21,0.15585521360511873,-0.07846658442003113,0.0032820127008802297,0.0,100
26,22,-0.033946020390453524,-0.011920804440401445,0.006068009319996894,1.0,100
26,23,0.15132042973498638,-0.001102585511832882,0.007397314395448171,0.0,100
26,24,0.0908942110977709,-0.054919155807517675,0.004182901599175482,0.0,100
26,25,0.031237303677954575,-0.04318628477225278,0.004484551134874865,0.0,100
26,27,0.44671301365359556,-0.10434057914345622,0.0028515510195692194,0.0,100
26,28,0.008300177240560314,-0.002122460106547946,0.007139226575384178,0.08,100
26,29,-0.016414510003238625,-0.0013027012504606057,0.007505595358617343,0.97,100
26,30,-0.01418454637163874,0.0004483731928534901,0.007526250782203882,0.99,100
26,31,0.03926540267698708,-0.04534339346957776,0.004436626464742121,0.0,100
26,32,0.003340159059337433,-0.0015376096196547246,0.007668165424517812,0.28,100
26,33,-0.007429666052507833,-0.0038462174006676673,0.007511774406786834,0.68,100
26,34,0.5379072784369829,-0.1011478126575463,0.0030743245756268637,0.0,100
26,35,0.47257746591148797,-0.03911420592644781,0.004972551617296859,0.0,100
27,0,0.011666703167947379,0.0009003109267002795,0.009028077820407593,0.1,100
27,1,0.004612504279304042,-0.0012474337793554641,0.008100700715964627,0.24,100
27,2,-0.0037904033513428415,-0.0012145894031859678,0.007814886429295599,0.59,100
27,3,-0.0005702273300756677,-0.0002326752006337296,0.007727752439776056,0.52,100
27,4,-0.007851193823209701,0.00010330270559502419,0.007819678044739356,0.84,100
27,5,-0.006898995365662852,0.00012982362313704643,0.008380752999205503,0.76,100
27,6,0.007980487969524774,-0.00034336383060119493,0.007919516381197636,0.1,100
27,7,0.003363692358387682,-0.00037567407904126273,0.008259520320771558,0.36,100
27,8,0.015218432753813405,-0.0005281761734389545,0.007985060017916412,0.01,100
27,9,-0.00452153926143789,-0.0010620277827610187,0.008757286646777213,0.6,100
27,10,0.005979478813090078,-0.001037533874476742,0.00849359332904206,0.2,100
27,11,-0.0038938947965589388,0.000531104697088241,0.0069892809488583466,0.76,100
27,12,-0.00931002108431811,-8.309342622096483e-05,0.008400251735524967,0.87,100
27,13,0.010190385400181357,-0.0007578657292332441,0.00845567041041432,0.07,100
27,14,-0.014961143191971338,0.0003595135568144997,0.00905646895562799,0.97,100
27,15,0.013215227191345935,-0.0011122736024819018,0.008914151501212355,0.05,100
27,16,0.0020960156151695886,0.0005044365340177792,0.008091240445171507,0.44,100
27,17,-0.010613020907766835,-0.0007432116017988455,0.008482118121004,0.87,100
27,18,-0.0020943856368731972,0.0008035510422676934,0.008298972936442162,0.63,100
27,19,-0.006766581984116671,0.00013951003444558684,0.007918981111489252,0.82,100
27,20,0.1699688095680587,-0.06722224825524506,0.004049677332384465,0.0,100
27,21,0.18348147775103774,-0.07718416475917554,0.003320352396293799,0.0,100
27,22,-0.0402278781412605,-0.009958550010640641,0.006674804063997712,1.0,100
27,23,0.13563254899979982,-0.0026191383734575258,0.007317734885517192,0.0,100
27,24,0.08634645392459644,-0.05421075044911698,0.004929568994507168,0.0,100
27,25,0.0305805092034947,-0.042297274763398354,0.004941053494505149,0.0,100
27,26,0.47040376960222463,-0.10148916398423685,0.002649603730278401,0.0,100
27,28,-0.00012928082977142763,-0.0016047845848212938,0.008020101075809595,0.43,100
27,29,-0.011232724379072745,-0.0012824493368915407,0.007096924330952334,0.94,100
27,30,-0.006903865204915094,0.00028671499299525447,0.006882772392034373,0.87,100
27,31,0.03477650086274875,-0.04469536728831583,0.004538343928189047,0.0,100
27,32,0.0027380665272873084,-0.0007383116314561766,0.007946741834523024,0.33,100
27,33,0.00030434853355615354,-0.0012975517937612818,0.006920617628423637,0.4,100
27,34,0.5090293996453414,-0.10105724950175211,0.002280660928587221,0.0,100
27,35,0.536581550882899,-0.037365538104509786,0.004975902098783671,0.0,100
28,0,0.010422690220570074,-0.0001042384754866088,0.008183683693816406,0.07,100
28,1,0.003301221544262989,0.0010843884119027653,0.008565514399021052,0.41,100
28,2,-0.003582640974743201,0.0005014496794985174,0.007905664458798518,0.73,100
28,3,0.013436335652257603,-0.0008000311483053163,0.008327621417233807,0.05,100
28,4,0.005266881254180511,0.00023940820014922926,0.00750647400573771,0.27,100
28,5,-0.0060424441659465145,0.0017207435471038245,0.008126026363368429,0.83,100
28,6,-0.007357834437173083,-0.0010981151634204633,0.00728423094805168,0.85,100
28,7,-0.0005355365285266145,0.0020896427887747465,0.008658571973913983,0.57,100
28,8,-0.0023407338664382937,7.216426455448178e-05,0.009131414753981664,0.62,100
28,9,-0.002073624641050764,0.00017526899302649056,0.008734818678512148,0.59,100
28,10,0.00823868128247307,-0.0005889425787050312,0.009813985647610745,0.17,100
28,11,-0.004686976781295038,0.0009228964884715274,0.009151423135754351,0.7,100
28,12,-0.005624546897495197,-0.0001757636485469216,0.00859316280104005,0.75,100
28,13,0.00025667815624280665,-0.0013902225013187287,0.007899384672999563,0.36,100
28,14,0.00440813937579726,-0.00038786011145042985,0.008222339549741747,0.29,100
28,15,0.015550621327074354,-0.0008342643436341695,0.008067489337370342,0.02,100
28,16,-0.011230420152170795,-0.00028095612190212615,0.007915326552531111,0.92,100
28,17,0.0033412184037101,5.264901478913231e-05,0.008378849645654425,0.35,100
28,18,0.0038996445149058756,0.0013952884136948995,0.008520696178686256,0.44,100
28,19,0.003598546402086178,0.0003088133560534839,0.007667089086479443,0.29,100
28,20,-0.013832829173222538,-0.0715194810025082,0.003591748778548961,0.0,100
28,21,-0.013611542121048648,-0.08087623501710979,0.0034314474571539412,0.0,100
28,22,-0.013810923199138181,-0.013510036674661536,0.005792887899753935,0.53,100
28,23,0.029547528962768743,-0.002288348003864307,0.007334658793207775,0.0,100
28,24,-0.005531820632863893,-0.05895370160578954,0.0039052920579886463,0.0,100
28,25,-0.0031363674656046947,-0.04624072555530967,0.004681139828335633,0.0,100
28,26,-0.04615045510003163,-0.10260997636717625,0.0027807404434374446,0.0,100
28,27,-0.0636002531394278,-0.10442825274379962,0.002469538062183272,0.0,100
28,29,0.014379584594355233,-0.002047368193130697,0.00672883483540501,0.01,100
28,30,-0.0027497330474757775,-0.0013712195892417866,0.006563850099414578,0.58,100
28,31,-0.011067479494130505,-0.048693144690943525,0.004612396192750751,0.0,100
28,32,-0.0007804297838935326,-0.0016677345604417671,0.007492381615361324,0.44,100
28,33,-0.011420554350944634,-0.0006924359754981302,0.006282740926577845,0.93,100
28,34,-0.016801390330643096,-0.10136888913695494,0.002175279768670937,0.0,100
28,35,0.09816373290469416,-0.041481033043192256,0.005228155282404738,0.0,100
29,0,0.005020285262153257,0.0009077705991643614,0.008565736500822839,0.34,100
29,1,0.00380645710572447,-9.299804694218539e-05,0.007885035897709808,0.29,100
29,2,-0.0002694440438978374,9.551935518879673e-05,0.007970966593889121,0.49,100
29,3,-0.0031389094575022813,-0.0012166603435586453,0.008440252316883305,0.61,100
29,4,0.006026604529473567,0.0005589849826250298,0.009471147620022878,0.32,100
29,5,-0.0058060076087583234,-0.0006567625126008891,0.007768670953521666,0.74,100
29,6,-0.0032913314522058923,0.0014927550417124025,0.00824867799889097,0.73,100
29,7,-0.004501199492288055,0.0004038824686527265,0.008401745848172713,0.76,100
29,8,0.006442977238915737,0.0005630790844469308,0.008597671316266783,0.25,100
29,9,-0.012057368604823926,0.00013525222379390912,0.008011290751703802,0.93,100
29,10,0.0013588077232172813,0.0006713681885295719,0.008639955455242506,0.45,100
29,11,-0.004339269651730537,-0.0014635975772084114,0.009540473163947714,0.63,100
29,12,0.009238922999872334,-0.0001703881358913273,0.008011692189727278,0.13,100
29,13,-0.006571379496052465,-0.0024820014281695833,0.009647904306745777,0.68,100
29,14,-0.01213791717133944,-0.0005622272288680419,0.009504371131305162,0.88,100
29,15,-0.015539469496095804,0.001014686771156223,0.008738582482148982,0.96,100
29,16,-0.001173447542039796,-0.0014802972852231188,0.008294730555898923,0.54,100
29,17,0.000934273091956983,0.0004071423465472862,0.008953898830754672,0.5,100
29,18,-0.0017981947338817084,0.00011702244342334522,0.007845639670274468,0.62,100
29,19,-0.0038407111525033955,-0.000754384509748125,0.009082061867033534,0.65,100
29,20,-0.007301082607398368,-0.07122540150066398,0.0036184637698287356,0.0,100
29,21,-0.008050249602654658,-0.08126866474136943,0.003467727279509998,0.0,100
29,22,0.0005697323514590735,-0.01443715446907633,0.005454269564797927,0.0,100
29,23,0.03070923232460837,-0.0017932638148544212,0.008270273877543886,0.0,100
29,24,0.004011137253514263,-0.05891984852257697,0.004486858189212339,0.0,100
29,25,-0.012968444028902015,-0.047000423481164726,0.004335716354876249,0.0,100
29,26,-0.04135176822988451,-0.10284916068112264,0.0033204801380048673,0.0,100
29,27,-0.0630125867910909,-0.1053020760837925,0.00273170435317256,0.0,100
29,28,-0.0006359543180741167,-0.0026575342631422983,0.007591860752777617,0.35,100
29,30,0.0065276742009939825,-0.0017317472971210524,0.006495395673107254,0.1,100
29,31,0.0015751113683765694,-0.04895882155646517,0.005182297325831335,0.0,100
29,32,-0.011085909489379597,-0.002783316872037781,0.007096730865088954,0.89,100
29,33,-0.0009686701753539584,-0.0013454969742215238,0.0070030052908350215,0.48,100
29,34,-0.028063928666637483,-0.10204586112276325,0.0026914929086618252,0.0,100
29,35,0.06791652058209213,-0.03998779826214788,0.004995213440727124,0.0,100
30,0,-5.764184419337903e-05,0.0009183411872996589,0.008543493141640053,0.53,100
30,1,0.011587160675407437,0.0019026932562431736,0.0084899867157784,0.13,100
30,2,-0.001559467829742589,8.457791632047906e-05,0.008185039898936401,0.59,100
30,3,-0.0016913549208523726,-0.00018078532877205346,0.009714109947141081,0.58,100
30,4,0.014150914676403281,-0.0005447515368431611,0.007439293631828849,0.01,100
30,5,-0.006999241737730977,0.0002283208245690327,0.008508855688701489,0.79,100
30,6,-0.004854252058712039,-0.001567531017522858,0.008531731198246392,0.68,100
30,7,-0.010645030934566979,-0.0015771511356892358,0.009272026162150868,0.84,100
30,8,0.005302320811003403,-0.00036065351281650503,0.008668480315728729,0.27,100
30,9,0.001576460592608686,0.00037998675002708646,0.007760937936814893,0.43,100
30,10,0.0035022994696625176,0.0007144735666368457,0.007798266280725477,0.33,100
30,11,0.0016620294957717108,-0.0010749969163718854,0.007471399851464267,0.37,100
30,12,-0.006461376251360118,-0.0013145810603867752,0.008362601276544044,0.71,100
30,13,-0.00428486104897241,-0.00010673950417862566,0.00921472165443145,0.76,100
30,14,0.002919097084740474,0.0008031486690771706,0.00855474377235262,0.45,100
30,15,0.015210304617757409,-0.0006014184463770994,0.007583267781156115,0.0,100
30,16,0.021681154372426015,-0.0002236788613623153,0.008713442905734007,0.01,100
30,17,0.005440165371463246,0.0008251063247015211,0.008338358082923646,0.29,100
30,18,0.00991972216308229,0.0005919785782721304,0.008121623714417336,0.15,100
30,19,-0.008905245000911166,-0.00021616138622462144,0.008285160318437196,0.83,100
30,20,-0.008520694038868293,-0.07179493174748751,0.0032499925511496365,0.0,100
30,21,-0.01873902014142098,-0.0811247175539325,0.003323174489795357,0.0,100
30,22,-0.008902392567042394,-0.013958865514235799,0.0066446741408005125,0.24,100
30,23,0.0320589513498426,-0.0028715719448650957,0.0075419286580609484,0.0,100
30,24,-0.0066474559944839084,-0.05972205448904831,0.003599795074247088,0.0,100
30,25,-0.010892969594984092,-0.047545222509141165,0.004439815491635879,0.0,100
30,26,-0.04630955741955051,-0.10282389624286513,0.002954891404627512,0.0,100
30,27,-0.05997864622280441,-0.10475911121820318,0.0025854711769504797,0.0,100
30,28,-0.00623821561040222,-0.0022433245059017876,0.008170470129262123,0.7,100
30,29,0.0022437833372622173,-0.0033308604525107903,0.007364581986685801,0.27,100
30,31,-0.0010461990666869592,-0.049476564598430556,0.004035680470598008,0.0,100
30,32,-0.002275745352107672,-0.0009685646003488291,0.00721067779103536,0.54,100
30,33,-0.0052549243925714695,-0.0025816376594148243,0.006454493930052955,0.65,100
30,34,-0.02460874909794436,-0.1025305329892581,0.0025727997912130545,0.0,100
30,35,0.17465039908174987,-0.042633933062687215,0.004602349277700667,0.0,100
31,0,-0.007887236793652386,-4.917576819844449e-05,0.009078544551852558,0.82,100
31,1,-0.0020570685257955135,-7.122263616871516e-05,0.008697777550692964,0.61,100
31,2,-0.007179152757576024,0.0017292828339154059,0.00784575231929133,0.89,100
31,3,0.01471709570746782,-0.0004815476488292253,0.008802669608565506,0.07,100
31,4,-0.008472598345019344,2.0004015360285398e-05,0.008350863651468955,0.8,100
31,5,0.004755546417492429,0.001971060959079825,0.007077069862668885,0.38,100
31,6,0.001943358880926116,-8.940444692873251e-05,0.008342332852875235,0.42,100
31,7,-0.0034742615846651836,-0.0006067001789009673,0.008546882565479344,0.65,100
31,8,0.00022402375521046736,0.0006989064560349922,0.007434109977609012,0.51,100
31,9,-0.0006047552448154581,-0.0013448335321045912,0.007840621396201244,0.43,100
31,10,-0.0020851851072308247,-0.0014786768359486468,0.00821063255569268,0.53,100
31,11,0.005805768875603634,-0.0006040791077985574,0.008249595066000872,0.26,100
31,12,-0.0084557234472456,-0.0006310678333921937,0.008341799681878275,0.85,100
31,13,0.003758748309486415,-0.0005134913087407983,0.00819400373684786,0.27,100
31,14,-0.00044183830660199375,-0.000599236872179732,0.008707698356774313,0.51,100
31,15,-0.0009739660611120526,3.008014294397232e-06,0.007807978742730201,0.57,100
31,16,-0.0004383997035193876,-0.000987730384552758,0.00807270148117178,0.46,100
31,17,-8.29566974726581e-05,-0.0006482112965858883,0.00803430576455136,0.42,100
31,18,0.002051364724873883,-0.0008133941976826192,0.008186748189212036,0.37,100
31,19,-0.013592031144501804,-0.00025202815718832703,0.007608395580474842,0.96,100
31,20,0.10698838315045722,-0.06859437240371817,0.0037464146972897992,0.0,100
31,21,0.1119348021101767,-0.07958235014945009,0.003492411605636602,0.0,100
31,22,-0.009401155030975106,-0.011952519467800982,0.005552875007210671,0.31,100
31,23,0.12635169170769406,-0.002255089986178314,0.007075915537831545,0.0,100
31,24,0.07227720860407377,-0.05692618447940648,0.004225828059557458,0.0,100
31,25,0.01028075325025718,-0.04376994359723224,0.004455248163873298,0.0,100
31,26,0.13995450089140432,-0.10253616216597752,0.00268726005250464,0.0,100
31,27,0.0968127620200464,-0.10347564328821077,0.002884872142357665,0.0,100
31,28,-0.006756059625906974,-0.0021362263468151332,0.007392124628089974,0.75,100
31,29,-0.0016492892947168047,-0.0016219181190756894,0.008114762515789487,0.44,100
31,30,0.014264355220616143,-0.0015464046086498173,0.008020479248565774,0.02,100
31,32,0.01018494181041163,-0.0008099643341305196,0.007389074264374083,0.05,100
31,33,-0.008806479004309586,-0.0013512808830331913,0.007868268683025703,0.84,100
31,34,0.15961569828979288,-0.10095590769349987,0.0027769693476177373,0.0,100
31,35,0.35883489864724966,-0.03973358579886127,0.004832397375080715,0.0,100
32,0,-0.0032085851592004166,-0.0011480318735692923,0.00846887090950497,0.58,100
32,1,0.01895166108959151,0.000728882673499947,0.009162308845664475,0.0,100
32,2,-0.004036772563856483,-0.0007533890776375263,0.008640859651429713,0.65,100
32,3,0.007724317085545607,-0.0010307991129233174,0.00880763278083519,0.14,100
32,4,0.006727682903439058,-0.0004297089959591144,0.008499569404653497,0.2,100
32,5,-0.00331296611304982,-0.0006532453441775032,0.008210831981482584,0.6,100
32,6,0.002592185776068845,0.0003281113120175827,0.00765866776014403,0.37,100
32,7,-0.005075129109282983,0.0005784731265726661,0.009032978613558356,0.73,100
32,8,-0.0002664054783627079,-0.00012013623943113394,0.008205947169627524,0.5,100
32,9,0.0019416621857094585,0.00015012350727098612,0.00896297161879141,0.4,100
32,10,0.019002118080043928,0.00022576129536118706,0.008037060071588527,0.01,100
32,11,0.0017183242431448864,-0.0009060952651052411,0.009361642289559194,0.39,100
32,12,0.004761471003402351,0.0005731118098701765,0.008051198562872777,0.35,100
32,13,0.0025003825360919163,-0.0009765301470292093,0.008083344848847976,0.33,100
32,14,0.001534837306773007,0.0007201023988476274,0.008687505515314097,0.43,100
32,15,-0.005212055122340575,-7.569110314096351e-05,0.008569844694696448,0.68,100
32,16,0.0030146736676605057,0.00013303557053722658,0.008441071358690192,0.35,100
32,17,-0.001454556906754556,-0.0008282043459702832,0.00816207622441375,0.56,100
32,18,0.021589830202827676,-0.001400350446342219,0.009240931149338213,0.0,100
32,19,0.0029936725739124204,-0.00015565227333793453,0.008456018000978198,0.37,100
32,20,-0.02371233866738276,-0.07220434637750016,0.003526133986792619,0.0,100
32,21,-0.03259264583038446,-0.08174762333228049,0.0034699800936997737,0.0,100
32,22,0.005854862477131795,-0.014146757911538334,0.006139422394894176,0.0,100
32,23,0.023035248267882558,-0.001901930297740193,0.008009215593742064,0.0,100
32,24,-0.0024220283793826014,-0.05986642843493391,0.0037923846590081863,0.0,100
32,25,-0.009573525199183475,-0.047584962283785615,0.004383188958856776,0.0,100
32,26,-0.05373684051642297,-0.10261850121847474,0.0026116569779981763,0.0,100
32,27,-0.0443040657567379,-0.10496058695922378,0.0025964086063345296,0.0,100
32,28,0.0041628591107973345,-0.0023934754407407568,0.006961890280589385,0.18,100
32,29,-0.0048143039028192836,-0.004664112016622032,0.006689362208580133,0.51,100
32,30,-0.0026064154060628786,-0.0019030479628295777,0.007063644186392805,0.51,100
32,31,-0.00584911159850926,-0.049790707439977704,0.004484834505042131,0.0,100
32,33,0.005454332465512857,-0.0018202451704864592,0.007733055244971461,0.15,100
32,34,-0.05735154280593219,-0.1025368584418997,0.002887490986503363,0.0,100
32,35,0.054291376401762736,-0.04202706618919428,0.005124777012768219,0.0,100
33,0,0.01722851127468039,7.526351394024744e-05,0.007863711230805093,0.02,100
33,1,-0.01389387749693377,-0.00013755151052167292,0.007752889885533172,0.97,100
33,2,0.00034222821802903924,0.0004574139808851102,0.0070874958058313444,0.48,100
33,3,0.003535113565742487,0.0005662895126333079,0.00960690387298461,0.39,100
33,4,0.0024035928814281626,-0.0006014054298435112,0.007265025107518248,0.4,100
33,5,0.0014150178256283619,-0.00022436716081198127,0.007735210452625349,0.43,100
33,6,-0.004714581037685905,0.0006667700628640844,0.008114159018527882,0.74,100
33,7,0.001452158591744912,-0.0005425965019819639,0.0083556692328034,0.36,100
33,8,0.01680653620353445,0.0002363594995226731,0.008773621160908065,0.04,100
33,9,-0.002757246947317993,-0.0001107174195645294,0.00850717692382697,0.62,100
33,10,-0.014508387663239308,0.001356968069243169,0.007902328601786841,1.0,100
33,11,0.0068178520141444765,7.071780083283574e-05,0.007159673935239276,0.19,100
33,12,-0.0019712129326655004,-0.0012205639934795237,0.008485575391258866,0.5,100
33,13,0.004322608398951044,-0.00046756135301041947,0.007716426896764261,0.28,100
33,14,-0.001716884760448567,-0.000574662025766049,0.008222800692629798,0.61,100
33,15,0.00039034207989463443,0.0005104688702605864,0.007513545336209126,0.46,100
33,16,0.00481770928144476,0.0011008527520788075,0.00798503796397634,0.33,100
33,17,-0.02151579545121135,2.3861361121013115e-05,0.0076923861087923795,0.99,100
33,18,-0.004998855562241167,-0.0004722307248929386,0.009242780896028107,0.66,100
33,19,-0.011885707095105391,-0.0006792033998063696,0.008147069700342896,0.91,100
33,20,-0.010255685016951122,-0.07189771897897676,0.004075089643989699,0.0,100
33,21,-0.02881073122207195,-0.08115028238566419,0.003688106830077506,0.0,100
33,22,0.003622865308755052,-0.01337274050116195,0.00653639952176209,0.02,100
33,23,0.03508755867106261,-0.002980980584108904,0.007258843122206578,0.0,100
33,24,0.007577729530975408,-0.0588375006767553,0.003720578273738005,0.0,100
33,25,-0.005483239733173828,-0.045819405204859366,0.004469776042413563,0.0,100
33,26,-0.04231317350122887,-0.10319253115197771,0.0028436969815321712,0.0,100
33,27,-0.030040580975580544,-0.10486739801611698,0.0027218121779987153,0.0,100
33,28,-0.007120766588552652,-0.0011312678081638527,0.007390744802553509,0.79,100
33,29,-0.011357525249614253,-0.0026373631213252573,0.007340943713372536,0.88,100
33,30,0.010716708835859345,-0.002489879469891309,0.007247685938658623,0.04,100
33,31,0.02238576175725243,-0.04942738698043752,0.004057279821129014,0.0,100
33,32,0.00545601171108373,-0.0028218427638792166,0.007649103490154058,0.15,100
33,34,-0.04852451698598581,-0.10183920723179435,0.002650684017735829,0.0,100
33,35,0.052592534126836954,-0.04061208151988516,0.004700198212812735,0.0,100
34,0,0.009102091669716372,0.000492638217877252,0.008566285921644209,0.19,100
34,1,-0.003712545605450146,-0.00027093034815760085,0.00795100452362874,0.68,100
34,2,0.002293432139565843,0.000160504634125464,0.00909180760859127,0.46,100
34,3,-0.006516561464337323,-0.0010089259032642383,0.00833205143072209,0.72,100
34,4,-0.0159378349798453,0.0006599188537194145,0.0074131482138354386,1.0,100
34,5,0.0026829493197784715,-0.00032732052357539786,0.006894072675247991,0.38,100
34,6,-0.01375116203684179,0.0007660653943898671,0.007251735882264589,0.98,100
34,7,0.005481420565747408,-0.0008887992627372925,0.007321387171159453,0.22,100
34,8,-0.008811475374658984,0.0005563607913632013,0.009005338737736823,0.86,100
34,9,-0.00779769190260321,0.001156559931561723,0.00836950983076617,0.84,100
34,10,-0.0028720107514089155,-0.0003227254702966348,0.007867562841467009,0.62,100
34,11,-0.006658277168299587,0.0004816204307809341,0.007544249439821872,0.81,100
34,12,-0.004141023206928829,-9.957210311172249e-05,0.008285819631181121,0.64,100
34,13,-0.009032699162339952,0.0004100534432547631,0.008865100866215734,0.88,100
34,14,-0.004263019305938032,0.00023267627663815628,0.008601706328272072,0.71,100
34,15,-0.010703598490350186,0.0003568678949789178,0.009291200431396767,0.89,100
34,16,-0.010783893339540718,0.0002444753913345493,0.007528054059000145,0.93,100
34,17,0.0015044659699047225,-0.0005672437297115235,0.008191608804334873,0.43,100
34,18,-0.008103844680343253,0.0008360708762883195,0.007715230051852343,0.89,100
34,19,0.007135883103305041,-0.00018342875437917072,0.008276707121733952,0.2,100
34,20,0.09878843890770078,-0.06940196142963591,0.003891769221010985,0.0,100
34,21,0.15370740746174272,-0.07941571739271235,0.00358047624159938,0.0,100
34,22,-0.03700588034099256,-0.01246101394285647,0.006083160063675632,1.0,100
34,23,0.1186087626641471,-0.001438941069597095,0.006768457730658445,0.0,100
34,24,0.09634892452309479,-0.05748217156535164,0.004166103880705106,0.0,100
34,25,0.03664721578486846,-0.044107120521356694,0.004241659860562658,0.0,100
34,26,0.4921221469770414,-0.10351930141052644,0.0023688407906949497,0.0,100
34,27,0.4342254393381561,-0.10495302955845098,0.002606841129487398,0.0,100
34,28,-0.0045694887039134935,-0.001594057879500661,0.00717415660158063,0.59,100
34,29,-0.00920015628660198,-0.0033632921941240943,0.007613185293533349,0.74,100
34,30,-0.012432567997157196,-0.0019190909087701664,0.008366767802272256,0.86,100
34,31,0.05263512949064708,-0.04690002998021556,0.00461081400678801,0.0,100
34,32,0.009936640900428784,-0.001481003272702651,0.007218538993235055,0.04,100
34,33,-0.005660720301053135,-0.0014466173389874515,0.007355345080308986,0.76,100
34,35,0.49029454824097596,-0.039426813297939234,0.0046616446305941224,0.0,100
35,0,-0.0037284911909537533,0.00036786879289854357,0.007730923843315566,0.72,100
35,1,-0.0124183467132441,0.00021055931183735333,0.007931235482082561,0.98,100
35,2,0.010529533907350286,-5.971797432090198e-05,0.008462695574919618,0.1,100
35,3,0.0011215017950217954,-0.0006329836202499056,0.008266169639450736,0.41,100
35,4,0.010181598341256481,-0.0005226578567117979,0.008845181576535464,0.12,100
35,5,-0.004024115155657371,0.0011507703292047706,0.0077665560035645054,0.77,100
35,6,0.0066917808221189645,-0.001702504925904918,0.00763790428770793,0.16,100
35,7,0.003484703482367346,0.0008839005349245987,0.008582353093212354,0.36,100
35,8,-0.0044941331046143285,0.0007744669648149938,0.00793478101046465,0.73,100
35,9,-0.003941956822606452,-0.0010803536093150806,0.007961369773244508,0.61,100
35,10,-0.014939235311140775,-0.00038127033951868174,0.007706402780260128,0.99,100
35,11,0.010544078452325911,-0.0006255280015813586,0.006799347951596328,0.06,100
35,12,0.0026153161725788188,-0.00019399722704767697,0.008202608736173367,0.38,100
35,13,-0.005504519496292826,-0.00038072168197938517,0.008839929792214447,0.72,100
35,14,0.010471638815321371,-0.0003870338582273741,0.007771469220342893,0.07,100
35,15,0.003702202470175664,0.0006658400509589246,0.007565304242368311,0.33,100
35,16,-0.0023590075352359907,-0.0006434961284802121,0.008522291522864869,0.56,100
35,17,-0.0029256037133298385,-0.00019371529470467495,0.008097532176700626,0.63,100
35,18,-0.00474418667248111,0.0014618156779911684,0.008367165520585399,0.79,100
35,19,-0.008386809783395788,-0.0012170242557474815,0.007935314144334552,0.8,100
35,20,0.12586715816430483,-0.07068776060597243,0.003761796832158392,0.0,100
35,21,0.12798278118305167,-0.08059965206312364,0.003711968387600582,0.0,100
35,22,0.020338233413014273,-0.014644264470539712,0.00674552312873513,0.0,100
35,23,0.06673101400932668,-0.0011198619083736317,0.007089172464485094,0.0,100
35,24,0.10981040128383368,-0.05885821697776687,0.004331164895946093,0.0,100
35,25,0.09128232379900236,-0.04685024393614693,0.004683217800899875,0.0,100
35,26,0.15552980818192302,-0.10268359875544109,0.002805891682501806,0.0,100
35,27,0.13883060214153609,-0.10417633136297845,0.0026718502638048342,0.0,100
35,28,-0.006341055193940737,-0.002873777964086912,0.008684676691457881,0.64,100
35,29,-0.005701459273734388,-0.0025466560167500167,0.007664792817738131,0.67,100
35,30,-0.0019003548646993051,-0.0017304814493092479,0.006705920282294032,0.49,100
35,31,0.10331655322148348,-0.04884730667363063,0.004706417692617989,0.0,100
35,32,0.0040044599929660585,-0.0016383061677775212,0.008026954470343184,0.26,100
35,33,-0.00758608585946996,-0.001470877922392505,0.007711877466484247,0.78,100
35,34,0.17128057333386054,-0.10211583618568923,0.002843750819001759,0.0,100
